user_id,event_type,event_time
1000,view,2024-05-01 00:34:01
1000,click,2024-05-01 00:34:18
1000,click,2024-05-01 00:35:41
1000,click,2024-05-01 00:36:42
1000,view,2024-05-01 00:40:01
1000,click,2024-05-01 00:41:38
1000,view,2024-05-01 00:42:48
1000,view,2024-05-01 01:05:53
1000,click,2024-05-01 01:07:01
1000,view,2024-05-01 01:07:18
1000,view,2024-05-01 01:10:48
1000,click,2024-05-01 01:12:46
1000,view,2024-05-01 06:25:50
1000,click,2024-05-01 06:27:55
1000,view,2024-05-01 06:33:41
1000,purchase,2024-05-02 03:05:12
1000,click,2024-05-02 03:07:57
1000,view,2024-05-02 03:08:30
1000,view,2024-05-02 03:12:32
1000,view,2024-05-03 16:33:26
1000,view,2024-05-03 16:34:00
1000,view,2024-05-03 16:36:27
1000,view,2024-05-03 16:38:00
1000,view,2024-05-03 16:38:39
1000,view,2024-05-03 16:41:09
1000,click,2024-05-03 20:27:14
1000,view,2024-05-03 20:27:41
1000,view,2024-05-03 20:29:59
1000,view,2024-05-03 20:30:02
1000,click,2024-05-03 20:32:24
1000,click,2024-05-03 20:32:31
1000,click,2024-05-03 20:33:15
1000,purchase,2024-05-03 20:34:04
1000,click,2024-05-03 20:34:42
1000,view,2024-05-04 17:02:06
1000,purchase,2024-05-04 17:02:43
1000,view,2024-05-04 17:02:59
1000,view,2024-05-04 17:04:59
1000,view,2024-05-04 17:06:11
1000,click,2024-05-04 17:06:23
1000,view,2024-05-05 03:45:02
1000,purchase,2024-05-05 03:46:34
1000,view,2024-05-05 03:47:05
1000,click,2024-05-05 03:50:27
1000,purchase,2024-05-05 03:50:47
1000,view,2024-05-05 03:52:11
1000,view,2024-05-05 03:53:55
1000,click,2024-05-05 03:56:47
1000,view,2024-05-05 03:59:28
1000,view,2024-05-05 03:59:48
1000,view,2024-05-05 05:49:04
1000,click,2024-05-05 05:50:21
1000,purchase,2024-05-05 05:51:12
1000,view,2024-05-05 05:54:18
1000,view,2024-05-05 05:54:59
1000,click,2024-05-05 05:55:08
1000,view,2024-05-05 05:55:38
1000,purchase,2024-05-05 05:55:56
1000,view,2024-05-05 16:00:45
1000,view,2024-05-05 16:03:36
1000,view,2024-05-05 16:06:21
1000,view,2024-05-05 16:07:26
1000,view,2024-05-06 02:07:18
1000,view,2024-05-06 02:07:59
1000,purchase,2024-05-06 02:09:03
1000,view,2024-05-06 02:09:24
1000,view,2024-05-06 02:11:37
1000,view,2024-05-06 02:12:21
1000,view,2024-05-06 02:14:16
1000,click,2024-05-06 02:14:40
1000,view,2024-05-07 09:31:57
1000,view,2024-05-07 09:32:37
1000,click,2024-05-07 09:33:04
1000,view,2024-05-07 09:33:33
1000,click,2024-05-07 09:34:51
1000,click,2024-05-07 09:37:29
1000,click,2024-05-07 09:40:38
1000,view,2024-05-07 22:40:02
1000,view,2024-05-07 22:45:58
1000,view,2024-05-07 22:47:39
1000,view,2024-05-07 22:48:39
1001,view,2024-05-01 00:15:13
1001,click,2024-05-01 00:15:46
1001,view,2024-05-01 00:16:16
1001,view,2024-05-01 00:17:07
1001,purchase,2024-05-01 00:17:49
1001,view,2024-05-01 00:18:21
1001,view,2024-05-01 00:23:25
1001,view,2024-05-01 00:23:32
1001,view,2024-05-01 00:24:59
1001,view,2024-05-01 16:36:36
1001,view,2024-05-01 16:37:50
1001,click,2024-05-01 16:44:29
1001,click,2024-05-01 16:44:55
1001,view,2024-05-01 16:45:37
1001,view,2024-05-02 07:15:14
1001,click,2024-05-02 07:15:50
1001,view,2024-05-02 07:19:44
1001,purchase,2024-05-02 07:20:09
1001,click,2024-05-02 07:21:58
1001,purchase,2024-05-02 07:22:25
1001,view,2024-05-02 07:23:48
1001,view,2024-05-02 07:24:08
1001,view,2024-05-02 07:44:55
1001,view,2024-05-02 07:50:50
1001,view,2024-05-02 07:51:28
1001,click,2024-05-03 01:35:25
1001,view,2024-05-03 01:37:19
1001,view,2024-05-03 01:39:54
1001,view,2024-05-03 01:40:00
1001,click,2024-05-03 01:41:14
1001,purchase,2024-05-04 19:58:34
1001,view,2024-05-04 19:58:48
1001,click,2024-05-04 20:00:29
1001,view,2024-05-04 20:02:43
1001,view,2024-05-04 20:03:32
1001,click,2024-05-04 20:04:05
1001,click,2024-05-04 20:05:53
1001,click,2024-05-04 20:05:54
1001,view,2024-05-05 06:25:12
1001,click,2024-05-05 06:28:16
1001,click,2024-05-05 06:28:31
1001,view,2024-05-05 06:29:09
1001,view,2024-05-05 06:31:13
1001,click,2024-05-05 06:31:35
1001,purchase,2024-05-05 06:32:40
1001,click,2024-05-05 06:32:52
1001,view,2024-05-05 17:44:11
1001,view,2024-05-05 17:45:11
1001,view,2024-05-05 17:46:51
1001,view,2024-05-05 17:48:01
1001,click,2024-05-05 17:49:10
1001,view,2024-05-05 17:51:05
1001,view,2024-05-05 17:51:15
1001,view,2024-05-05 17:51:49
1001,view,2024-05-07 04:35:59
1001,view,2024-05-07 04:36:25
1001,click,2024-05-07 04:41:43
1001,view,2024-05-07 04:41:47
1001,view,2024-05-07 04:43:08
1001,view,2024-05-07 12:14:42
1001,view,2024-05-07 12:17:35
1001,view,2024-05-07 12:17:41
1001,view,2024-05-07 12:20:44
1001,click,2024-05-07 12:20:54
1002,view,2024-05-02 10:25:18
1002,view,2024-05-02 10:25:27
1002,click,2024-05-02 10:26:26
1002,purchase,2024-05-02 10:26:36
1002,view,2024-05-02 10:28:32
1002,view,2024-05-02 10:31:51
1002,view,2024-05-02 10:32:32
1002,view,2024-05-02 16:32:23
1002,click,2024-05-02 16:32:34
1002,click,2024-05-02 16:38:20
1002,view,2024-05-02 16:38:25
1002,click,2024-05-02 16:39:03
1002,view,2024-05-02 16:41:04
1002,view,2024-05-03 01:52:19
1002,view,2024-05-03 01:52:23
1002,view,2024-05-03 01:56:42
1002,view,2024-05-03 01:57:31
1002,view,2024-05-03 01:58:02
1002,view,2024-05-03 02:00:07
1002,view,2024-05-03 02:00:27
1002,click,2024-05-04 11:55:13
1002,view,2024-05-04 11:56:33
1002,click,2024-05-04 11:58:27
1002,click,2024-05-04 11:59:31
1002,view,2024-05-04 16:42:31
1002,view,2024-05-04 16:43:01
1002,click,2024-05-04 16:43:16
1002,click,2024-05-04 16:43:54
1002,view,2024-05-04 16:44:27
1002,click,2024-05-04 16:50:07
1002,view,2024-05-04 16:50:54
1002,view,2024-05-05 06:28:44
1002,click,2024-05-05 06:29:13
1002,view,2024-05-05 06:31:07
1002,view,2024-05-05 06:32:05
1002,view,2024-05-05 06:32:57
1002,view,2024-05-06 17:42:58
1002,view,2024-05-06 17:45:41
1002,view,2024-05-06 17:47:10
1002,click,2024-05-06 17:48:13
1002,view,2024-05-06 17:48:45
1002,view,2024-05-06 17:49:25
1002,purchase,2024-05-06 17:49:43
1002,click,2024-05-06 19:26:15
1002,view,2024-05-06 19:26:29
1002,view,2024-05-06 19:28:14
1002,view,2024-05-06 19:28:50
1002,click,2024-05-06 19:30:23
1002,click,2024-05-06 19:31:23
1002,view,2024-05-06 19:31:54
1002,view,2024-05-06 19:34:11
1002,view,2024-05-07 18:04:23
1002,purchase,2024-05-07 18:05:47
1002,click,2024-05-07 18:05:55
1003,purchase,2024-05-01 17:41:24
1003,view,2024-05-01 17:41:36
1003,purchase,2024-05-01 17:41:55
1003,view,2024-05-01 17:42:29
1003,purchase,2024-05-01 17:42:46
1003,view,2024-05-01 17:43:16
1003,purchase,2024-05-01 17:45:31
1003,view,2024-05-01 17:48:06
1003,click,2024-05-01 17:48:28
1003,click,2024-05-01 20:04:54
1003,click,2024-05-01 20:07:03
1003,view,2024-05-01 20:07:16
1003,click,2024-05-01 20:07:32
1003,view,2024-05-01 20:11:45
1003,view,2024-05-01 20:12:05
1003,click,2024-05-02 10:58:31
1003,purchase,2024-05-02 11:02:46
1003,view,2024-05-02 11:03:55
1003,view,2024-05-02 11:03:56
1003,view,2024-05-02 11:04:00
1003,click,2024-05-02 11:05:57
1003,click,2024-05-02 11:06:55
1003,view,2024-05-02 11:06:55
1003,view,2024-05-02 19:46:30
1003,view,2024-05-02 19:46:41
1003,view,2024-05-02 19:49:23
1003,view,2024-05-02 19:50:57
1003,view,2024-05-02 19:52:12
1003,click,2024-05-02 19:52:35
1003,view,2024-05-02 19:52:58
1003,purchase,2024-05-02 19:54:09
1003,view,2024-05-03 02:29:39
1003,click,2024-05-03 02:31:41
1003,view,2024-05-03 02:36:57
1003,click,2024-05-03 12:52:10
1003,click,2024-05-03 12:52:29
1003,view,2024-05-03 12:57:26
1003,view,2024-05-03 12:57:33
1003,view,2024-05-03 12:58:20
1003,view,2024-05-03 12:59:09
1003,view,2024-05-03 13:00:02
1003,view,2024-05-03 13:01:12
1003,view,2024-05-03 13:01:25
1003,click,2024-05-04 11:10:28
1003,view,2024-05-04 11:10:47
1003,view,2024-05-04 11:13:03
1003,click,2024-05-04 11:13:38
1003,view,2024-05-04 11:13:43
1003,click,2024-05-04 11:15:11
1003,click,2024-05-04 11:16:32
1003,click,2024-05-04 11:17:17
1003,view,2024-05-04 11:18:13
1003,view,2024-05-05 03:29:47
1003,click,2024-05-05 03:30:21
1003,view,2024-05-05 03:32:07
1003,click,2024-05-05 03:35:31
1003,view,2024-05-05 06:49:32
1003,click,2024-05-05 06:51:37
1003,view,2024-05-05 06:52:34
1003,click,2024-05-05 06:52:37
1003,view,2024-05-05 06:55:48
1003,view,2024-05-05 06:56:21
1003,purchase,2024-05-07 21:14:14
1003,view,2024-05-07 21:14:53
1003,view,2024-05-07 21:16:09
1003,click,2024-05-07 21:17:07
1003,view,2024-05-07 21:20:06
1003,view,2024-05-07 21:22:52
1004,click,2024-05-01 00:07:54
1004,click,2024-05-01 00:09:35
1004,click,2024-05-01 00:09:49
1004,view,2024-05-01 00:10:45
1004,view,2024-05-01 01:35:24
1004,click,2024-05-01 01:35:56
1004,view,2024-05-01 01:38:58
1004,view,2024-05-01 01:41:45
1004,view,2024-05-01 01:42:27
1004,click,2024-05-01 01:43:59
1004,view,2024-05-01 01:44:35
1004,view,2024-05-02 07:10:28
1004,purchase,2024-05-02 07:16:34
1004,click,2024-05-02 07:17:00
1004,view,2024-05-02 07:19:45
1004,view,2024-05-03 03:13:29
1004,click,2024-05-03 03:16:46
1004,click,2024-05-03 03:17:03
1004,view,2024-05-03 03:22:12
1004,click,2024-05-03 08:49:23
1004,view,2024-05-03 08:49:38
1004,view,2024-05-03 08:56:46
1004,click,2024-05-04 06:07:36
1004,view,2024-05-04 06:07:37
1004,purchase,2024-05-04 06:14:00
1004,view,2024-05-04 06:15:52
1004,click,2024-05-04 06:16:01
1004,click,2024-05-04 06:16:08
1004,purchase,2024-05-04 06:17:00
1004,click,2024-05-04 16:04:04
1004,view,2024-05-04 16:05:45
1004,view,2024-05-04 16:05:56
1004,view,2024-05-04 23:38:48
1004,purchase,2024-05-04 23:39:31
1004,purchase,2024-05-04 23:39:43
1004,click,2024-05-04 23:39:50
1004,click,2024-05-04 23:39:54
1004,view,2024-05-04 23:45:48
1004,purchase,2024-05-04 23:46:25
1004,view,2024-05-06 08:55:49
1004,purchase,2024-05-06 08:57:22
1004,purchase,2024-05-06 08:58:55
1004,click,2024-05-06 08:59:49
1004,click,2024-05-06 08:59:58
1004,view,2024-05-06 09:00:42
1004,view,2024-05-06 09:02:47
1004,purchase,2024-05-06 09:41:30
1004,click,2024-05-06 09:42:52
1004,click,2024-05-06 09:44:10
1004,view,2024-05-06 13:01:00
1004,click,2024-05-06 13:04:23
1004,view,2024-05-06 13:06:58
1004,view,2024-05-06 13:07:19
1004,click,2024-05-06 13:08:55
1004,purchase,2024-05-06 13:23:38
1004,view,2024-05-06 13:24:09
1004,click,2024-05-06 13:26:37
1004,view,2024-05-06 14:44:39
1004,view,2024-05-06 14:45:14
1004,view,2024-05-06 14:46:29
1004,view,2024-05-06 14:46:49
1004,click,2024-05-06 14:46:51
1004,click,2024-05-06 14:48:17
1004,click,2024-05-06 14:51:25
1004,view,2024-05-07 16:00:28
1004,view,2024-05-07 16:00:52
1004,click,2024-05-07 16:02:24
1004,view,2024-05-07 16:05:43
1004,click,2024-05-07 16:06:10
1004,view,2024-05-07 16:06:31
1004,view,2024-05-07 16:07:20
1004,view,2024-05-07 16:08:12
1004,view,2024-05-07 20:57:57
1004,click,2024-05-07 21:02:14
1004,click,2024-05-07 21:06:35
1004,click,2024-05-07 21:06:58
1005,click,2024-05-02 03:35:50
1005,view,2024-05-02 03:36:54
1005,click,2024-05-02 03:37:51
1005,view,2024-05-02 03:38:07
1005,view,2024-05-02 03:38:09
1005,view,2024-05-02 03:42:01
1005,click,2024-05-02 03:42:09
1005,click,2024-05-02 03:43:17
1005,view,2024-05-02 03:43:58
1005,purchase,2024-05-04 19:21:03
1005,click,2024-05-04 19:21:06
1005,view,2024-05-04 19:21:23
1005,click,2024-05-04 19:21:43
1005,view,2024-05-04 19:23:49
1005,click,2024-05-06 14:50:58
1005,view,2024-05-06 14:52:43
1005,click,2024-05-06 14:54:13
1005,view,2024-05-06 14:54:54
1005,purchase,2024-05-06 14:55:14
1005,click,2024-05-06 14:56:28
1005,view,2024-05-06 14:59:21
1005,click,2024-05-07 19:58:41
1005,view,2024-05-07 19:59:05
1005,view,2024-05-07 20:00:49
1005,purchase,2024-05-07 20:02:32
1005,click,2024-05-07 20:02:53
1005,purchase,2024-05-07 20:04:12
1005,view,2024-05-07 20:04:32
1006,click,2024-05-01 09:39:27
1006,view,2024-05-01 09:40:01
1006,click,2024-05-01 09:40:02
1006,click,2024-05-01 09:40:10
1006,view,2024-05-01 09:42:58
1006,view,2024-05-01 09:44:19
1006,click,2024-05-01 09:44:34
1006,click,2024-05-02 01:31:57
1006,purchase,2024-05-02 01:33:00
1006,click,2024-05-02 01:33:30
1006,purchase,2024-05-02 01:33:42
1006,view,2024-05-02 01:34:32
1006,view,2024-05-02 01:37:42
1006,view,2024-05-02 01:38:00
1006,view,2024-05-02 04:13:35
1006,click,2024-05-02 04:13:41
1006,view,2024-05-02 04:14:23
1006,click,2024-05-02 04:14:25
1006,click,2024-05-02 04:18:52
1006,click,2024-05-02 04:19:27
1006,view,2024-05-02 04:21:10
1006,view,2024-05-03 22:22:25
1006,click,2024-05-03 22:24:00
1006,view,2024-05-03 22:26:39
1006,view,2024-05-03 22:26:43
1006,view,2024-05-03 22:27:27
1006,click,2024-05-03 22:28:43
1006,view,2024-05-03 22:30:37
1006,purchase,2024-05-04 09:24:21
1006,click,2024-05-04 09:25:08
1006,view,2024-05-04 09:25:30
1006,view,2024-05-04 09:27:04
1006,view,2024-05-04 09:29:03
1006,view,2024-05-04 09:30:35
1006,click,2024-05-04 09:32:27
1006,click,2024-05-04 22:45:23
1006,view,2024-05-04 22:47:42
1006,view,2024-05-04 22:48:14
1006,view,2024-05-04 22:50:17
1006,purchase,2024-05-04 22:52:11
1006,click,2024-05-04 22:53:01
1006,view,2024-05-04 22:53:29
1006,view,2024-05-05 00:17:30
1006,view,2024-05-05 00:17:51
1006,view,2024-05-05 00:18:34
1006,view,2024-05-05 00:18:56
1006,view,2024-05-05 00:20:46
1006,view,2024-05-05 00:23:55
1006,view,2024-05-05 00:25:32
1006,click,2024-05-06 10:20:21
1006,view,2024-05-06 10:22:38
1006,click,2024-05-06 10:23:52
1006,view,2024-05-06 13:08:55
1006,view,2024-05-06 13:09:32
1006,click,2024-05-06 13:10:39
1006,click,2024-05-06 13:11:03
1006,click,2024-05-06 13:12:22
1006,click,2024-05-06 13:13:43
1006,click,2024-05-06 13:14:04
1006,view,2024-05-06 13:14:49
1006,view,2024-05-06 13:15:48
1006,view,2024-05-07 03:30:41
1006,view,2024-05-07 03:31:04
1006,click,2024-05-07 03:32:03
1006,click,2024-05-07 03:32:48
1006,view,2024-05-07 03:32:49
1006,click,2024-05-07 03:35:15
1006,view,2024-05-07 03:36:09
1006,purchase,2024-05-07 03:36:28
1006,view,2024-05-07 11:52:36
1006,click,2024-05-07 11:54:23
1006,view,2024-05-07 11:55:45
1006,view,2024-05-07 11:56:26
1006,click,2024-05-07 11:57:59
1006,view,2024-05-07 11:58:37
1006,view,2024-05-07 11:59:19
1006,view,2024-05-07 11:59:58
1007,view,2024-05-01 00:09:07
1007,click,2024-05-01 00:09:28
1007,click,2024-05-01 00:11:10
1007,view,2024-05-01 00:11:43
1007,purchase,2024-05-01 00:12:00
1007,view,2024-05-01 00:12:02
1007,view,2024-05-01 00:12:42
1007,view,2024-05-01 02:01:57
1007,click,2024-05-01 02:03:07
1007,click,2024-05-01 02:03:26
1007,view,2024-05-01 02:04:26
1007,view,2024-05-01 02:04:54
1007,view,2024-05-01 02:06:28
1007,purchase,2024-05-01 02:10:38
1007,view,2024-05-01 14:52:59
1007,purchase,2024-05-01 14:54:25
1007,view,2024-05-01 14:56:13
1007,purchase,2024-05-01 14:58:13
1007,click,2024-05-01 14:58:29
1007,purchase,2024-05-01 14:59:01
1007,view,2024-05-01 15:01:18
1007,view,2024-05-03 17:21:55
1007,view,2024-05-03 17:25:47
1007,view,2024-05-03 17:26:27
1007,click,2024-05-03 17:27:55
1007,click,2024-05-04 13:51:53
1007,click,2024-05-04 13:54:11
1007,view,2024-05-04 13:57:25
1007,view,2024-05-04 17:47:14
1007,click,2024-05-04 17:50:23
1007,view,2024-05-04 17:51:47
1007,click,2024-05-05 15:00:08
1007,view,2024-05-05 15:02:06
1007,view,2024-05-05 15:02:58
1007,view,2024-05-05 15:04:40
1007,purchase,2024-05-05 19:38:52
1007,click,2024-05-05 19:39:33
1007,view,2024-05-05 19:40:30
1007,click,2024-05-05 19:42:35
1007,click,2024-05-05 19:43:44
1007,view,2024-05-05 19:46:43
1007,view,2024-05-05 19:46:54
1007,click,2024-05-07 00:00:06
1007,view,2024-05-07 00:02:04
1007,view,2024-05-07 00:03:13
1007,purchase,2024-05-07 00:04:02
1007,click,2024-05-07 00:04:32
1007,view,2024-05-07 00:06:10
1007,click,2024-05-07 01:34:54
1007,view,2024-05-07 01:35:34
1007,view,2024-05-07 01:35:48
1007,view,2024-05-07 01:36:28
1007,view,2024-05-07 01:37:12
1007,click,2024-05-07 01:38:32
1007,view,2024-05-07 01:38:51
1007,click,2024-05-07 01:40:13
1007,click,2024-05-07 01:42:02
1007,view,2024-05-07 02:33:00
1007,view,2024-05-07 02:33:07
1007,purchase,2024-05-07 02:35:08
1007,view,2024-05-07 02:35:15
1007,view,2024-05-07 02:37:44
1007,view,2024-05-07 02:38:04
1007,purchase,2024-05-07 02:38:24
1007,view,2024-05-07 02:40:43
1007,view,2024-05-07 04:06:44
1007,click,2024-05-07 04:07:30
1007,view,2024-05-07 04:07:54
1007,view,2024-05-07 04:11:59
1007,view,2024-05-07 04:12:47
1007,view,2024-05-07 11:44:57
1007,view,2024-05-07 11:48:13
1007,view,2024-05-07 11:50:47
1007,click,2024-05-07 11:51:20
1007,click,2024-05-07 11:52:04
1007,view,2024-05-07 11:52:12
1007,view,2024-05-07 11:52:28
1007,view,2024-05-07 11:52:52
1007,view,2024-05-07 11:53:37
1007,purchase,2024-05-07 14:40:56
1007,view,2024-05-07 14:41:15
1007,view,2024-05-07 14:42:16
1007,click,2024-05-07 14:42:36
1007,view,2024-05-07 14:47:33
1007,view,2024-05-07 14:48:09
1008,view,2024-05-01 16:11:17
1008,view,2024-05-01 16:15:02
1008,view,2024-05-01 16:15:16
1008,click,2024-05-01 16:18:15
1008,view,2024-05-02 13:06:53
1008,purchase,2024-05-02 13:07:08
1008,view,2024-05-02 13:07:36
1008,view,2024-05-02 13:07:42
1008,click,2024-05-02 13:08:11
1008,view,2024-05-02 13:09:27
1008,view,2024-05-02 13:09:35
1008,view,2024-05-02 13:09:42
1008,click,2024-05-02 13:11:35
1008,view,2024-05-02 13:35:40
1008,view,2024-05-02 13:37:06
1008,view,2024-05-02 13:39:29
1008,purchase,2024-05-03 00:16:59
1008,view,2024-05-03 00:18:16
1008,click,2024-05-03 00:19:11
1008,view,2024-05-03 00:21:20
1008,view,2024-05-03 00:24:19
1008,click,2024-05-03 19:53:57
1008,view,2024-05-03 19:54:26
1008,click,2024-05-03 19:55:32
1008,click,2024-05-03 19:56:53
1008,click,2024-05-03 19:58:57
1008,click,2024-05-04 13:55:26
1008,view,2024-05-04 13:56:19
1008,view,2024-05-04 14:00:56
1008,view,2024-05-04 14:02:14
1008,click,2024-05-05 23:50:34
1008,view,2024-05-05 23:51:35
1008,purchase,2024-05-05 23:54:16
1008,view,2024-05-06 13:25:20
1008,view,2024-05-06 13:25:27
1008,view,2024-05-06 13:26:10
1008,purchase,2024-05-06 13:27:02
1008,purchase,2024-05-06 13:27:12
1008,view,2024-05-06 13:28:50
1008,view,2024-05-06 13:29:53
1008,view,2024-05-06 13:30:13
1008,click,2024-05-06 13:34:49
1008,click,2024-05-06 23:47:35
1008,view,2024-05-06 23:48:41
1008,view,2024-05-06 23:49:02
1008,click,2024-05-06 23:51:09
1008,view,2024-05-06 23:51:09
1008,view,2024-05-06 23:51:43
1008,view,2024-05-06 23:51:45
1008,click,2024-05-06 23:54:08
1009,purchase,2024-05-01 21:25:29
1009,click,2024-05-01 21:27:29
1009,click,2024-05-01 21:27:33
1009,view,2024-05-01 21:28:06
1009,click,2024-05-01 21:30:23
1009,view,2024-05-01 21:32:00
1009,view,2024-05-01 21:32:16
1009,view,2024-05-02 02:35:11
1009,view,2024-05-02 02:36:55
1009,click,2024-05-02 02:38:57
1009,purchase,2024-05-02 02:39:39
1009,view,2024-05-02 02:41:11
1009,view,2024-05-02 02:41:33
1009,view,2024-05-02 02:43:36
1009,view,2024-05-02 02:43:49
1009,purchase,2024-05-02 03:44:06
1009,view,2024-05-02 03:44:30
1009,click,2024-05-02 03:46:54
1009,click,2024-05-02 03:50:17
1009,click,2024-05-02 03:51:27
1009,purchase,2024-05-02 15:19:44
1009,view,2024-05-02 15:20:20
1009,view,2024-05-02 15:20:39
1009,click,2024-05-02 15:20:44
1009,click,2024-05-02 15:21:10
1009,view,2024-05-02 15:23:06
1009,click,2024-05-04 20:23:21
1009,view,2024-05-04 20:23:26
1009,click,2024-05-04 20:24:12
1009,click,2024-05-04 20:28:11
1009,view,2024-05-04 20:28:22
1009,view,2024-05-04 20:30:09
1009,purchase,2024-05-04 20:30:23
1009,click,2024-05-04 20:32:28
1009,view,2024-05-04 22:24:21
1009,view,2024-05-04 22:26:41
1009,click,2024-05-04 22:28:26
1009,view,2024-05-04 22:29:32
1009,click,2024-05-04 22:30:25
1009,view,2024-05-04 22:30:35
1009,view,2024-05-04 22:31:12
1009,view,2024-05-04 22:31:49
1009,click,2024-05-05 16:59:45
1009,view,2024-05-05 17:00:56
1009,view,2024-05-05 17:02:31
1009,click,2024-05-05 17:04:45
1009,view,2024-05-05 17:05:02
1009,view,2024-05-05 21:50:43
1009,click,2024-05-05 21:51:07
1009,view,2024-05-05 21:53:25
1009,view,2024-05-05 21:54:14
1009,view,2024-05-05 21:55:17
1009,view,2024-05-06 05:00:38
1009,view,2024-05-06 05:01:48
1009,click,2024-05-06 05:02:57
1009,view,2024-05-06 05:03:53
1009,click,2024-05-06 05:04:26
1009,purchase,2024-05-06 05:05:56
1009,purchase,2024-05-06 05:07:28
1009,view,2024-05-06 05:08:21
1009,purchase,2024-05-07 03:37:00
1009,click,2024-05-07 03:38:20
1009,view,2024-05-07 03:39:37
1009,view,2024-05-07 03:39:56
1009,view,2024-05-07 03:40:11
1009,view,2024-05-07 03:42:37
1009,view,2024-05-07 03:42:41
1010,view,2024-05-01 18:10:14
1010,view,2024-05-01 18:13:19
1010,view,2024-05-01 18:14:29
1010,view,2024-05-01 18:19:42
1010,view,2024-05-02 02:19:19
1010,view,2024-05-02 02:19:25
1010,click,2024-05-02 02:22:27
1010,view,2024-05-02 02:22:33
1010,view,2024-05-02 02:24:17
1010,click,2024-05-02 02:26:02
1010,view,2024-05-02 02:47:08
1010,view,2024-05-02 02:47:21
1010,view,2024-05-02 02:50:40
1010,click,2024-05-02 02:50:50
1010,purchase,2024-05-02 02:50:56
1010,click,2024-05-02 02:51:58
1010,view,2024-05-02 02:52:02
1010,view,2024-05-02 02:53:25
1010,view,2024-05-02 08:46:53
1010,view,2024-05-02 08:47:02
1010,click,2024-05-02 08:48:42
1010,view,2024-05-02 08:50:53
1010,purchase,2024-05-03 02:11:38
1010,view,2024-05-03 02:12:48
1010,view,2024-05-03 02:16:22
1010,click,2024-05-03 02:17:46
1010,purchase,2024-05-03 02:19:18
1010,view,2024-05-03 02:19:31
1010,view,2024-05-03 02:20:30
1010,view,2024-05-04 16:49:20
1010,purchase,2024-05-04 16:49:39
1010,view,2024-05-04 16:51:00
1010,purchase,2024-05-04 16:51:28
1010,view,2024-05-04 16:51:32
1010,click,2024-05-04 16:52:51
1010,purchase,2024-05-04 16:53:26
1010,purchase,2024-05-04 16:55:52
1010,view,2024-05-04 16:56:19
1010,view,2024-05-07 21:30:34
1010,view,2024-05-07 21:31:09
1010,click,2024-05-07 21:31:49
1010,click,2024-05-07 21:36:02
1011,view,2024-05-01 03:13:20
1011,view,2024-05-01 03:14:40
1011,view,2024-05-01 03:15:42
1011,view,2024-05-01 03:16:49
1011,click,2024-05-01 03:17:12
1011,view,2024-05-01 03:20:14
1011,view,2024-05-01 03:20:41
1011,click,2024-05-01 03:21:07
1011,view,2024-05-01 11:16:58
1011,view,2024-05-01 11:19:10
1011,click,2024-05-01 11:19:59
1011,view,2024-05-01 11:21:09
1011,view,2024-05-01 11:22:05
1011,click,2024-05-01 11:22:51
1011,view,2024-05-01 11:23:52
1011,click,2024-05-02 02:38:57
1011,click,2024-05-02 02:39:13
1011,view,2024-05-02 02:39:47
1011,click,2024-05-02 02:40:24
1011,view,2024-05-02 02:40:59
1011,view,2024-05-02 02:41:10
1011,view,2024-05-02 02:42:19
1011,view,2024-05-02 02:45:29
1011,view,2024-05-02 14:49:19
1011,view,2024-05-02 14:50:28
1011,view,2024-05-02 14:51:16
1011,click,2024-05-02 14:53:39
1011,purchase,2024-05-02 14:54:09
1011,view,2024-05-02 14:56:18
1011,view,2024-05-02 14:56:54
1011,purchase,2024-05-02 14:57:42
1011,view,2024-05-02 14:57:59
1011,view,2024-05-02 18:33:24
1011,purchase,2024-05-02 18:38:42
1011,view,2024-05-02 18:40:13
1011,click,2024-05-02 18:40:30
1011,view,2024-05-03 03:00:12
1011,view,2024-05-03 03:01:58
1011,view,2024-05-03 03:02:03
1011,purchase,2024-05-03 03:02:12
1011,view,2024-05-03 03:04:46
1011,click,2024-05-03 03:05:15
1011,view,2024-05-03 03:05:26
1011,click,2024-05-03 03:06:58
1011,view,2024-05-03 08:00:47
1011,click,2024-05-03 08:02:43
1011,view,2024-05-03 08:02:57
1011,view,2024-05-03 08:03:45
1011,view,2024-05-03 08:03:51
1011,view,2024-05-03 08:04:03
1011,view,2024-05-03 08:07:02
1011,click,2024-05-03 08:08:19
1011,view,2024-05-03 08:22:19
1011,click,2024-05-03 08:23:41
1011,click,2024-05-03 08:25:48
1011,view,2024-05-03 13:01:15
1011,view,2024-05-03 13:03:56
1011,view,2024-05-03 13:03:59
1011,view,2024-05-03 13:06:53
1011,view,2024-05-03 13:09:07
1011,click,2024-05-03 13:09:24
1011,click,2024-05-03 13:10:06
1011,purchase,2024-05-04 06:24:35
1011,view,2024-05-04 06:24:36
1011,view,2024-05-04 06:24:55
1011,view,2024-05-04 06:25:10
1011,view,2024-05-04 06:30:40
1011,view,2024-05-04 06:31:39
1011,view,2024-05-04 06:32:24
1011,click,2024-05-04 06:32:47
1011,purchase,2024-05-04 06:32:51
1011,view,2024-05-04 13:29:31
1011,click,2024-05-04 13:30:29
1011,view,2024-05-04 13:31:07
1011,click,2024-05-04 13:32:05
1011,click,2024-05-04 13:34:27
1011,view,2024-05-04 13:35:01
1011,view,2024-05-04 13:36:42
1011,view,2024-05-05 00:54:57
1011,purchase,2024-05-05 00:55:16
1011,view,2024-05-05 00:55:36
1011,click,2024-05-05 00:58:01
1011,view,2024-05-05 00:58:22
1011,view,2024-05-05 00:59:33
1011,view,2024-05-05 01:00:31
1011,view,2024-05-05 01:03:48
1011,click,2024-05-05 02:20:09
1011,purchase,2024-05-05 02:21:44
1011,click,2024-05-05 02:22:24
1011,view,2024-05-05 02:25:08
1011,view,2024-05-05 05:24:59
1011,click,2024-05-05 05:25:18
1011,purchase,2024-05-05 05:26:57
1011,view,2024-05-05 05:30:47
1011,view,2024-05-05 06:55:56
1011,click,2024-05-05 06:57:51
1011,view,2024-05-05 06:58:08
1011,view,2024-05-06 08:44:38
1011,click,2024-05-06 08:45:08
1011,view,2024-05-06 08:47:55
1011,view,2024-05-06 08:47:57
1011,view,2024-05-06 08:48:41
1011,view,2024-05-06 13:29:30
1011,view,2024-05-06 13:32:41
1011,view,2024-05-06 13:33:13
1011,view,2024-05-06 13:34:33
1011,click,2024-05-06 13:34:45
1011,view,2024-05-06 13:38:17
1011,view,2024-05-06 21:36:05
1011,view,2024-05-06 21:39:44
1011,purchase,2024-05-06 21:40:24
1011,click,2024-05-06 21:40:51
1011,view,2024-05-06 21:41:13
1011,view,2024-05-06 21:41:35
1011,view,2024-05-06 21:41:46
1011,click,2024-05-06 21:41:57
1011,view,2024-05-06 21:42:36
1012,click,2024-05-02 06:44:32
1012,click,2024-05-02 06:47:31
1012,click,2024-05-02 06:47:41
1012,view,2024-05-02 06:48:32
1012,view,2024-05-02 06:49:56
1012,click,2024-05-02 06:50:12
1012,view,2024-05-02 06:51:54
1012,purchase,2024-05-02 21:12:57
1012,view,2024-05-02 21:15:06
1012,view,2024-05-02 21:15:09
1012,view,2024-05-02 21:17:22
1012,view,2024-05-02 21:17:28
1012,view,2024-05-03 00:44:47
1012,view,2024-05-03 00:45:58
1012,view,2024-05-03 00:47:14
1012,click,2024-05-03 00:51:46
1012,click,2024-05-03 00:53:39
1012,view,2024-05-03 20:21:41
1012,click,2024-05-03 20:22:28
1012,view,2024-05-03 20:22:51
1012,view,2024-05-03 20:25:25
1012,view,2024-05-03 20:29:15
1012,view,2024-05-05 02:05:56
1012,view,2024-05-05 02:08:34
1012,view,2024-05-05 02:10:27
1012,click,2024-05-05 02:11:18
1012,view,2024-05-05 02:13:08
1012,view,2024-05-05 02:13:47
1012,view,2024-05-05 10:09:46
1012,click,2024-05-05 10:11:10
1012,click,2024-05-05 10:13:55
1012,view,2024-05-05 10:17:30
1012,click,2024-05-05 18:40:34
1012,view,2024-05-05 18:41:11
1012,view,2024-05-05 18:41:32
1012,click,2024-05-06 13:19:14
1012,click,2024-05-06 13:19:23
1012,click,2024-05-06 13:19:31
1012,click,2024-05-06 13:20:28
1012,view,2024-05-06 13:21:09
1012,view,2024-05-06 13:22:45
1012,click,2024-05-06 13:24:25
1012,click,2024-05-06 13:24:36
1012,view,2024-05-06 13:28:56
1012,click,2024-05-07 02:21:05
1012,view,2024-05-07 02:21:53
1012,click,2024-05-07 02:24:49
1012,click,2024-05-07 02:26:25
1012,view,2024-05-07 11:55:30
1012,click,2024-05-07 11:55:46
1012,purchase,2024-05-07 11:56:04
1012,click,2024-05-07 11:58:59
1012,purchase,2024-05-07 12:00:15
1012,view,2024-05-07 12:00:45
1012,view,2024-05-07 12:02:28
1012,click,2024-05-07 12:03:31
1012,click,2024-05-07 12:03:45
1013,view,2024-05-01 08:10:43
1013,view,2024-05-01 08:11:04
1013,view,2024-05-01 08:11:08
1013,view,2024-05-01 08:11:19
1013,purchase,2024-05-01 08:12:27
1013,view,2024-05-01 08:16:32
1013,click,2024-05-01 08:17:16
1013,click,2024-05-01 08:18:18
1013,view,2024-05-01 08:18:37
1013,click,2024-05-01 08:20:22
1013,view,2024-05-01 08:22:42
1013,view,2024-05-01 08:24:10
1013,view,2024-05-01 08:24:16
1013,view,2024-05-01 08:24:24
1013,view,2024-05-01 08:24:39
1013,view,2024-05-01 08:26:06
1013,view,2024-05-01 19:04:07
1013,click,2024-05-01 19:08:10
1013,view,2024-05-01 19:08:43
1013,view,2024-05-01 19:09:38
1013,click,2024-05-01 19:10:14
1013,view,2024-05-01 19:10:37
1013,click,2024-05-01 19:11:04
1013,click,2024-05-01 19:12:32
1013,view,2024-05-02 04:28:53
1013,purchase,2024-05-02 04:31:40
1013,view,2024-05-02 04:34:18
1013,view,2024-05-02 04:34:53
1013,view,2024-05-02 12:31:58
1013,view,2024-05-02 12:33:32
1013,purchase,2024-05-02 12:34:39
1013,click,2024-05-02 12:36:00
1013,view,2024-05-02 12:36:01
1013,view,2024-05-02 12:38:03
1013,click,2024-05-02 12:40:07
1013,view,2024-05-02 15:16:19
1013,view,2024-05-02 15:20:56
1013,view,2024-05-02 15:21:51
1013,purchase,2024-05-02 19:37:45
1013,click,2024-05-02 19:39:05
1013,view,2024-05-02 19:43:06
1013,view,2024-05-02 19:43:54
1013,click,2024-05-02 19:44:43
1013,view,2024-05-02 19:45:13
1013,click,2024-05-02 19:45:42
1013,view,2024-05-04 13:40:28
1013,view,2024-05-04 13:42:23
1013,view,2024-05-04 13:43:04
1013,click,2024-05-04 13:43:05
1013,click,2024-05-04 13:43:14
1013,purchase,2024-05-04 13:45:52
1013,view,2024-05-04 13:46:08
1013,click,2024-05-04 13:49:10
1013,click,2024-05-04 13:49:49
1013,view,2024-05-04 16:23:12
1013,click,2024-05-04 16:27:05
1013,view,2024-05-04 16:28:48
1013,view,2024-05-04 16:30:57
1013,click,2024-05-05 08:26:05
1013,click,2024-05-05 08:28:23
1013,click,2024-05-05 08:29:03
1013,click,2024-05-05 08:29:07
1013,view,2024-05-05 08:33:17
1013,view,2024-05-05 08:34:37
1013,click,2024-05-05 08:35:00
1013,view,2024-05-06 06:17:51
1013,view,2024-05-06 06:17:53
1013,view,2024-05-06 06:19:13
1013,click,2024-05-06 06:20:42
1013,purchase,2024-05-06 06:24:52
1013,view,2024-05-06 12:13:05
1013,click,2024-05-06 12:13:41
1013,view,2024-05-06 12:15:36
1013,view,2024-05-06 12:17:41
1013,view,2024-05-06 12:17:56
1013,click,2024-05-06 20:26:12
1013,view,2024-05-06 20:28:19
1013,view,2024-05-06 20:32:38
1013,purchase,2024-05-06 20:33:25
1013,purchase,2024-05-06 23:39:39
1013,view,2024-05-06 23:41:45
1013,view,2024-05-06 23:42:22
1013,view,2024-05-06 23:44:36
1013,view,2024-05-06 23:47:41
1013,view,2024-05-06 23:48:20
1013,view,2024-05-07 00:43:17
1013,click,2024-05-07 00:44:25
1013,click,2024-05-07 00:47:54
1014,view,2024-05-01 09:23:46
1014,view,2024-05-01 09:24:53
1014,click,2024-05-01 09:25:46
1014,click,2024-05-01 09:30:11
1014,click,2024-05-01 09:30:19
1014,click,2024-05-01 09:30:55
1014,view,2024-05-02 04:20:07
1014,view,2024-05-02 04:23:36
1014,click,2024-05-02 04:23:43
1014,view,2024-05-02 04:24:08
1014,click,2024-05-02 04:28:39
1014,view,2024-05-02 15:48:52
1014,view,2024-05-02 15:49:26
1014,view,2024-05-02 15:50:45
1014,click,2024-05-02 15:51:50
1014,view,2024-05-02 15:52:32
1014,click,2024-05-02 15:55:39
1014,purchase,2024-05-02 15:55:56
1014,view,2024-05-02 15:56:31
1014,purchase,2024-05-02 15:57:05
1014,purchase,2024-05-02 17:44:14
1014,click,2024-05-02 17:45:19
1014,click,2024-05-02 17:45:31
1014,click,2024-05-02 17:45:58
1014,view,2024-05-02 17:46:11
1014,click,2024-05-02 17:50:44
1014,view,2024-05-03 05:45:34
1014,click,2024-05-03 05:49:56
1014,view,2024-05-03 05:50:27
1014,view,2024-05-03 05:51:45
1014,purchase,2024-05-04 14:32:57
1014,view,2024-05-04 14:33:27
1014,view,2024-05-04 14:33:30
1014,view,2024-05-04 14:33:50
1014,view,2024-05-04 14:35:06
1014,view,2024-05-04 14:35:45
1014,view,2024-05-04 14:36:36
1014,view,2024-05-04 14:37:30
1014,view,2024-05-06 09:38:54
1014,click,2024-05-06 09:41:26
1014,view,2024-05-06 09:42:00
1014,purchase,2024-05-06 09:45:02
1014,view,2024-05-06 21:04:32
1014,click,2024-05-06 21:06:33
1014,view,2024-05-06 21:07:05
1014,view,2024-05-06 21:08:38
1014,view,2024-05-06 21:09:00
1014,view,2024-05-06 21:09:12
1014,view,2024-05-06 21:11:36
1014,view,2024-05-06 21:12:25
1014,view,2024-05-06 21:13:12
1014,view,2024-05-07 20:16:29
1014,click,2024-05-07 20:18:57
1014,view,2024-05-07 20:20:20
1014,view,2024-05-07 20:21:18
1014,view,2024-05-07 20:23:17
1014,click,2024-05-07 20:24:35
1014,view,2024-05-07 20:24:59
1015,view,2024-05-01 02:10:22
1015,view,2024-05-01 02:14:29
1015,view,2024-05-01 02:14:41
1015,view,2024-05-01 05:27:25
1015,view,2024-05-01 05:29:38
1015,purchase,2024-05-01 05:29:41
1015,view,2024-05-01 05:30:19
1015,view,2024-05-01 05:31:04
1015,view,2024-05-01 05:32:27
1015,click,2024-05-01 05:32:53
1015,view,2024-05-01 05:34:05
1015,view,2024-05-04 15:39:23
1015,view,2024-05-04 15:40:41
1015,view,2024-05-04 15:41:17
1015,click,2024-05-04 15:41:57
1015,click,2024-05-04 15:43:11
1015,view,2024-05-07 05:54:17
1015,click,2024-05-07 05:54:46
1015,view,2024-05-07 05:55:02
1015,purchase,2024-05-07 05:55:49
1015,view,2024-05-07 05:56:11
1015,view,2024-05-07 05:58:21
1015,view,2024-05-07 06:00:52
1015,click,2024-05-07 06:01:22
1015,click,2024-05-07 07:09:30
1015,view,2024-05-07 07:10:43
1015,view,2024-05-07 07:11:15
1015,view,2024-05-07 07:11:58
1015,view,2024-05-07 19:41:28
1015,view,2024-05-07 19:42:19
1015,click,2024-05-07 19:45:29
1015,view,2024-05-07 19:47:39
1016,view,2024-05-01 07:26:06
1016,click,2024-05-01 07:26:12
1016,view,2024-05-01 07:26:29
1016,view,2024-05-01 07:28:20
1016,view,2024-05-01 07:29:49
1016,click,2024-05-01 07:32:34
1016,view,2024-05-02 07:19:03
1016,view,2024-05-02 07:20:39
1016,view,2024-05-02 07:21:59
1016,view,2024-05-02 17:06:12
1016,view,2024-05-02 17:06:58
1016,view,2024-05-02 17:08:35
1016,view,2024-05-02 17:08:42
1016,click,2024-05-02 17:10:21
1016,view,2024-05-02 17:11:42
1016,view,2024-05-02 22:37:05
1016,view,2024-05-02 22:37:45
1016,click,2024-05-02 22:39:57
1016,purchase,2024-05-02 22:43:39
1016,view,2024-05-02 22:45:51
1016,view,2024-05-05 08:56:11
1016,click,2024-05-05 08:59:48
1016,purchase,2024-05-05 09:01:22
1016,view,2024-05-05 09:02:21
1016,click,2024-05-05 13:35:40
1016,view,2024-05-05 13:37:57
1016,click,2024-05-05 13:42:42
1016,view,2024-05-05 13:42:47
1016,view,2024-05-05 13:44:15
1016,view,2024-05-05 13:44:43
1016,view,2024-05-05 17:57:14
1016,click,2024-05-05 17:57:28
1016,click,2024-05-05 17:58:12
1016,click,2024-05-05 23:58:12
1016,click,2024-05-05 23:58:17
1016,view,2024-05-06 00:04:21
1016,click,2024-05-06 00:04:23
1016,view,2024-05-06 02:14:33
1016,purchase,2024-05-06 02:18:24
1016,click,2024-05-06 02:20:45
1016,click,2024-05-06 02:20:52
1016,purchase,2024-05-06 02:23:35
1016,view,2024-05-06 09:30:36
1016,view,2024-05-06 09:31:23
1016,purchase,2024-05-06 09:33:12
1016,view,2024-05-06 09:33:19
1016,view,2024-05-06 09:33:50
1016,view,2024-05-06 09:34:48
1016,view,2024-05-06 09:35:47
1016,view,2024-05-06 09:36:08
1016,view,2024-05-06 21:28:39
1016,click,2024-05-06 21:29:09
1016,view,2024-05-06 21:30:53
1016,view,2024-05-06 21:32:45
1016,click,2024-05-06 21:35:23
1016,view,2024-05-07 01:02:57
1016,view,2024-05-07 01:04:05
1016,purchase,2024-05-07 01:04:54
1016,view,2024-05-07 01:05:31
1016,click,2024-05-07 01:06:54
1016,view,2024-05-07 01:10:25
1017,purchase,2024-05-01 20:51:48
1017,click,2024-05-01 20:51:59
1017,click,2024-05-01 20:57:51
1017,view,2024-05-01 20:57:56
1017,view,2024-05-03 09:29:49
1017,view,2024-05-03 09:31:07
1017,click,2024-05-03 09:36:58
1017,click,2024-05-03 09:38:03
1017,purchase,2024-05-05 12:32:50
1017,view,2024-05-05 12:34:04
1017,view,2024-05-05 12:35:41
1017,click,2024-05-05 12:35:59
1017,click,2024-05-05 12:37:02
1017,view,2024-05-05 12:40:01
1017,purchase,2024-05-05 12:41:09
1017,purchase,2024-05-05 12:41:26
1017,view,2024-05-06 15:59:13
1017,view,2024-05-06 16:02:28
1017,purchase,2024-05-06 16:03:16
1017,view,2024-05-06 16:03:41
1017,click,2024-05-06 16:04:28
1017,view,2024-05-06 16:05:40
1017,view,2024-05-06 16:05:53
1017,view,2024-05-06 16:06:02
1018,click,2024-05-01 04:59:21
1018,view,2024-05-01 05:01:17
1018,click,2024-05-01 05:05:00
1018,view,2024-05-01 05:05:12
1018,view,2024-05-01 05:08:49
1018,view,2024-05-02 14:00:11
1018,view,2024-05-02 14:02:05
1018,click,2024-05-02 14:02:07
1018,view,2024-05-02 14:47:54
1018,view,2024-05-02 14:49:07
1018,view,2024-05-02 14:49:25
1018,click,2024-05-02 14:50:26
1018,view,2024-05-02 14:52:03
1018,click,2024-05-02 14:55:09
1018,view,2024-05-03 07:17:45
1018,view,2024-05-03 07:18:06
1018,view,2024-05-03 07:22:37
1018,click,2024-05-03 07:23:03
1018,view,2024-05-03 07:23:13
1018,view,2024-05-03 17:04:17
1018,view,2024-05-03 17:05:18
1018,view,2024-05-03 17:11:40
1018,view,2024-05-03 17:13:13
1018,view,2024-05-04 01:07:47
1018,click,2024-05-04 01:07:56
1018,click,2024-05-04 01:09:41
1018,view,2024-05-04 01:10:56
1018,click,2024-05-04 01:11:39
1018,click,2024-05-04 01:12:34
1018,view,2024-05-04 01:15:40
1018,click,2024-05-04 07:54:35
1018,view,2024-05-04 07:55:07
1018,click,2024-05-04 07:57:18
1018,click,2024-05-04 08:01:15
1018,view,2024-05-07 03:21:53
1018,purchase,2024-05-07 03:21:55
1018,view,2024-05-07 03:23:14
1018,view,2024-05-07 03:26:00
1018,view,2024-05-07 03:26:12
1018,click,2024-05-07 03:27:02
1018,purchase,2024-05-07 03:28:26
1018,view,2024-05-07 03:28:35
1018,view,2024-05-07 03:29:38
1018,view,2024-05-07 12:45:16
1018,click,2024-05-07 12:49:08
1018,view,2024-05-07 12:50:52
1018,view,2024-05-07 12:53:10
1018,click,2024-05-07 12:53:13
1018,view,2024-05-07 12:53:38
1018,view,2024-05-07 15:38:40
1018,view,2024-05-07 15:40:05
1018,click,2024-05-07 15:40:44
1018,click,2024-05-07 15:41:10
1018,click,2024-05-07 15:44:07
1018,click,2024-05-07 15:44:56
1018,view,2024-05-07 15:46:17
1019,view,2024-05-01 02:34:25
1019,view,2024-05-01 02:35:19
1019,purchase,2024-05-01 02:35:57
1019,view,2024-05-01 02:36:07
1019,click,2024-05-01 02:37:36
1019,view,2024-05-01 02:38:41
1019,view,2024-05-01 02:39:54
1019,view,2024-05-01 02:40:00
1019,click,2024-05-01 16:03:15
1019,click,2024-05-01 16:03:31
1019,view,2024-05-01 16:05:31
1019,purchase,2024-05-01 16:11:17
1019,view,2024-05-01 19:18:18
1019,click,2024-05-01 19:19:00
1019,view,2024-05-01 19:20:54
1019,view,2024-05-01 19:21:59
1019,view,2024-05-01 19:22:03
1019,click,2024-05-01 19:24:19
1019,click,2024-05-01 19:26:01
1019,view,2024-05-01 19:27:38
1019,purchase,2024-05-01 19:27:50
1019,click,2024-05-01 20:41:17
1019,purchase,2024-05-01 20:43:37
1019,click,2024-05-01 20:44:24
1019,purchase,2024-05-01 20:46:17
1019,click,2024-05-01 20:47:19
1019,view,2024-05-01 20:47:42
1019,view,2024-05-01 20:48:43
1019,view,2024-05-01 20:49:15
1019,view,2024-05-02 00:39:57
1019,click,2024-05-02 00:40:31
1019,view,2024-05-02 00:44:07
1019,view,2024-05-02 00:44:44
1019,purchase,2024-05-02 00:45:05
1019,view,2024-05-02 00:45:11
1019,view,2024-05-02 00:45:17
1019,view,2024-05-02 00:46:08
1019,click,2024-05-02 00:46:38
1019,view,2024-05-02 18:51:50
1019,purchase,2024-05-02 18:52:36
1019,view,2024-05-02 18:54:11
1019,view,2024-05-02 18:54:53
1019,view,2024-05-02 18:55:22
1019,click,2024-05-02 18:58:16
1019,click,2024-05-02 18:58:26
1019,view,2024-05-02 18:58:32
1019,view,2024-05-02 18:59:53
1019,view,2024-05-03 06:52:34
1019,purchase,2024-05-03 06:54:23
1019,click,2024-05-03 06:54:46
1019,view,2024-05-03 06:55:43
1019,view,2024-05-03 06:55:47
1019,view,2024-05-03 06:56:06
1019,click,2024-05-03 06:59:06
1019,click,2024-05-03 06:59:25
1019,purchase,2024-05-03 06:59:37
1019,click,2024-05-04 21:47:02
1019,view,2024-05-04 21:49:48
1019,view,2024-05-04 21:49:57
1019,view,2024-05-04 21:50:49
1019,view,2024-05-04 21:51:38
1019,view,2024-05-04 21:53:23
1019,view,2024-05-04 21:54:50
1019,click,2024-05-04 21:55:42
1019,view,2024-05-04 21:55:45
1019,view,2024-05-05 09:35:56
1019,click,2024-05-05 09:38:14
1019,view,2024-05-05 09:42:22
1019,click,2024-05-06 07:55:10
1019,view,2024-05-06 07:56:29
1019,view,2024-05-06 07:57:06
1019,click,2024-05-06 07:57:11
1019,purchase,2024-05-06 07:57:51
1019,click,2024-05-06 07:58:28
1019,view,2024-05-06 07:58:44
1019,view,2024-05-06 07:59:35
1019,purchase,2024-05-06 08:04:42
1019,view,2024-05-06 16:31:17
1019,view,2024-05-06 16:35:25
1019,view,2024-05-06 16:36:23
1019,view,2024-05-06 16:39:01
1019,click,2024-05-06 23:21:10
1019,click,2024-05-06 23:27:43
1019,click,2024-05-06 23:28:01
1019,view,2024-05-06 23:28:27
1019,click,2024-05-06 23:28:34
1019,view,2024-05-06 23:28:39
1019,purchase,2024-05-07 03:54:43
1019,view,2024-05-07 03:59:09
1019,click,2024-05-07 04:02:17
1019,click,2024-05-07 04:02:18
1020,click,2024-05-01 12:13:55
1020,view,2024-05-01 12:15:57
1020,view,2024-05-01 12:16:44
1020,view,2024-05-01 12:21:27
1020,view,2024-05-01 17:41:56
1020,click,2024-05-01 17:43:04
1020,purchase,2024-05-01 17:43:10
1020,view,2024-05-01 17:47:49
1020,purchase,2024-05-02 10:43:24
1020,view,2024-05-02 10:44:15
1020,view,2024-05-02 10:44:30
1020,view,2024-05-02 10:45:18
1020,view,2024-05-02 10:49:31
1020,click,2024-05-02 10:51:09
1020,click,2024-05-02 10:52:21
1020,click,2024-05-03 12:14:25
1020,purchase,2024-05-03 12:15:00
1020,purchase,2024-05-03 12:15:02
1020,click,2024-05-03 12:15:11
1020,view,2024-05-03 12:16:13
1020,purchase,2024-05-03 12:21:33
1020,purchase,2024-05-04 09:29:45
1020,click,2024-05-04 09:29:56
1020,click,2024-05-04 09:32:21
1020,view,2024-05-04 09:36:59
1020,click,2024-05-04 09:38:46
1020,view,2024-05-04 09:38:54
1020,purchase,2024-05-04 20:00:07
1020,view,2024-05-04 20:04:35
1020,click,2024-05-04 20:07:03
1020,view,2024-05-04 20:07:27
1020,view,2024-05-05 03:01:58
1020,view,2024-05-05 03:03:42
1020,purchase,2024-05-05 03:08:06
1020,click,2024-05-05 03:08:36
1020,view,2024-05-05 03:09:11
1020,view,2024-05-05 03:10:29
1020,view,2024-05-05 03:10:39
1020,click,2024-05-05 08:02:47
1020,purchase,2024-05-05 08:03:59
1020,purchase,2024-05-05 08:04:39
1020,view,2024-05-05 08:06:04
1020,purchase,2024-05-05 08:08:02
1020,view,2024-05-05 08:09:32
1020,view,2024-05-05 16:05:12
1020,click,2024-05-05 16:06:20
1020,purchase,2024-05-05 16:07:09
1020,view,2024-05-05 16:07:24
1020,click,2024-05-05 16:07:27
1020,purchase,2024-05-05 16:08:54
1020,purchase,2024-05-05 16:09:58
1020,purchase,2024-05-05 16:11:15
1020,view,2024-05-05 16:11:25
1020,click,2024-05-06 12:52:55
1020,view,2024-05-06 12:54:12
1020,view,2024-05-06 12:54:26
1020,view,2024-05-06 12:55:57
1020,click,2024-05-06 12:56:23
1020,purchase,2024-05-06 12:56:54
1020,view,2024-05-06 12:57:51
1020,click,2024-05-06 13:45:24
1020,click,2024-05-06 13:47:21
1020,view,2024-05-06 13:48:15
1020,view,2024-05-06 13:48:24
1020,view,2024-05-06 13:50:07
1020,click,2024-05-06 13:50:27
1020,click,2024-05-06 13:53:08
1020,view,2024-05-07 12:37:38
1020,view,2024-05-07 12:39:42
1020,view,2024-05-07 12:39:52
1020,click,2024-05-07 12:41:08
1020,view,2024-05-07 12:41:16
1020,purchase,2024-05-07 12:46:32
1020,view,2024-05-07 17:24:02
1020,view,2024-05-07 17:25:10
1020,view,2024-05-07 17:26:25
1020,click,2024-05-07 17:27:53
1020,click,2024-05-07 17:31:33
1021,view,2024-05-01 18:12:24
1021,view,2024-05-01 18:13:19
1021,view,2024-05-01 18:15:20
1021,view,2024-05-01 18:19:18
1021,purchase,2024-05-01 22:59:58
1021,view,2024-05-01 23:00:10
1021,view,2024-05-01 23:00:33
1021,click,2024-05-01 23:00:36
1021,click,2024-05-01 23:01:13
1021,view,2024-05-01 23:02:17
1021,view,2024-05-04 02:14:31
1021,view,2024-05-04 02:14:49
1021,click,2024-05-04 02:16:03
1021,click,2024-05-04 02:18:23
1021,click,2024-05-04 02:20:07
1021,view,2024-05-04 02:21:02
1021,view,2024-05-04 02:21:37
1021,view,2024-05-04 10:53:53
1021,view,2024-05-04 10:55:25
1021,view,2024-05-04 10:55:59
1021,click,2024-05-04 10:57:44
1021,view,2024-05-04 10:58:08
1021,click,2024-05-04 10:58:58
1021,click,2024-05-04 10:59:55
1021,view,2024-05-04 10:59:56
1021,click,2024-05-04 12:04:31
1021,view,2024-05-04 12:09:35
1021,view,2024-05-04 12:10:33
1021,view,2024-05-04 12:10:45
1021,view,2024-05-04 12:11:22
1021,click,2024-05-04 12:12:11
1021,click,2024-05-05 08:26:31
1021,view,2024-05-05 08:26:51
1021,view,2024-05-05 08:27:26
1021,view,2024-05-05 08:28:20
1021,view,2024-05-05 08:28:26
1021,click,2024-05-05 08:28:39
1021,view,2024-05-05 08:29:55
1021,click,2024-05-05 17:42:06
1021,view,2024-05-05 17:44:08
1021,click,2024-05-05 17:44:42
1021,view,2024-05-05 17:44:49
1021,purchase,2024-05-05 17:44:53
1021,view,2024-05-05 17:45:34
1021,view,2024-05-05 17:46:04
1021,view,2024-05-05 17:47:08
1021,view,2024-05-05 17:48:13
1021,view,2024-05-06 11:46:26
1021,view,2024-05-06 11:46:50
1021,click,2024-05-06 11:47:07
1021,view,2024-05-06 11:47:53
1021,view,2024-05-06 11:51:29
1021,view,2024-05-06 11:53:33
1021,view,2024-05-06 11:54:59
1021,view,2024-05-07 03:37:28
1021,view,2024-05-07 03:39:11
1021,view,2024-05-07 03:41:51
1021,click,2024-05-07 03:45:16
1021,view,2024-05-07 03:46:41
1021,click,2024-05-07 15:04:36
1021,view,2024-05-07 15:04:45
1021,view,2024-05-07 15:06:19
1021,view,2024-05-07 15:09:13
1022,view,2024-05-01 01:51:59
1022,click,2024-05-01 01:52:44
1022,view,2024-05-01 01:55:56
1022,view,2024-05-01 01:56:33
1022,click,2024-05-01 01:56:53
1022,click,2024-05-01 01:57:45
1022,view,2024-05-04 00:26:29
1022,view,2024-05-04 00:29:40
1022,click,2024-05-04 00:30:57
1022,view,2024-05-04 01:50:07
1022,view,2024-05-04 01:52:34
1022,view,2024-05-04 01:52:46
1022,view,2024-05-04 05:03:42
1022,view,2024-05-04 05:06:34
1022,view,2024-05-04 05:08:10
1022,view,2024-05-04 05:09:53
1022,view,2024-05-04 21:31:41
1022,click,2024-05-04 21:31:47
1022,view,2024-05-04 21:36:39
1022,view,2024-05-05 11:27:18
1022,view,2024-05-05 11:27:42
1022,view,2024-05-05 11:27:57
1022,click,2024-05-05 11:29:24
1022,click,2024-05-05 11:30:24
1022,view,2024-05-05 11:31:00
1022,view,2024-05-05 11:31:26
1022,purchase,2024-05-05 11:33:41
1022,view,2024-05-05 11:36:19
1022,click,2024-05-06 02:47:28
1022,click,2024-05-06 02:49:39
1022,purchase,2024-05-06 02:51:36
1022,view,2024-05-06 02:53:23
1022,click,2024-05-06 02:53:27
1022,view,2024-05-06 02:55:41
1022,click,2024-05-07 11:01:07
1022,purchase,2024-05-07 11:05:57
1022,click,2024-05-07 11:06:55
1022,click,2024-05-07 11:07:41
1022,click,2024-05-07 11:09:17
1022,purchase,2024-05-07 11:09:25
1022,purchase,2024-05-07 14:39:59
1022,view,2024-05-07 14:41:09
1022,view,2024-05-07 14:46:17
1022,view,2024-05-07 14:47:15
1023,click,2024-05-01 07:08:25
1023,view,2024-05-01 07:12:19
1023,view,2024-05-01 07:13:37
1023,click,2024-05-01 07:16:31
1023,view,2024-05-01 07:17:22
1023,view,2024-05-01 07:17:32
1023,view,2024-05-02 03:49:18
1023,view,2024-05-02 03:51:52
1023,view,2024-05-02 03:53:20
1023,click,2024-05-02 03:55:52
1023,view,2024-05-02 03:56:09
1023,view,2024-05-02 03:56:39
1023,view,2024-05-03 09:51:17
1023,click,2024-05-03 09:51:59
1023,view,2024-05-03 09:52:06
1023,view,2024-05-03 09:53:46
1023,view,2024-05-03 09:55:07
1023,click,2024-05-03 09:56:14
1023,view,2024-05-07 02:34:18
1023,view,2024-05-07 02:34:22
1023,click,2024-05-07 02:36:10
1023,click,2024-05-07 02:38:12
1023,click,2024-05-07 02:39:43
1023,click,2024-05-07 02:40:20
1023,view,2024-05-07 02:41:17
1023,view,2024-05-07 02:41:27
1023,view,2024-05-07 02:42:07
1024,view,2024-05-01 06:03:15
1024,view,2024-05-01 06:04:00
1024,view,2024-05-01 06:05:15
1024,click,2024-05-01 06:05:20
1024,purchase,2024-05-01 06:07:44
1024,click,2024-05-01 06:07:45
1024,view,2024-05-01 06:11:06
1024,purchase,2024-05-01 06:11:22
1024,click,2024-05-01 06:12:18
1024,view,2024-05-01 11:45:06
1024,view,2024-05-01 11:45:47
1024,view,2024-05-01 11:46:48
1024,view,2024-05-01 11:46:52
1024,view,2024-05-01 11:47:58
1024,purchase,2024-05-01 11:48:18
1024,view,2024-05-01 11:52:38
1024,view,2024-05-02 09:58:44
1024,view,2024-05-02 10:01:08
1024,view,2024-05-02 10:02:57
1024,view,2024-05-03 00:08:31
1024,view,2024-05-03 00:10:34
1024,view,2024-05-03 00:11:59
1024,view,2024-05-03 00:12:57
1024,view,2024-05-03 00:14:11
1024,view,2024-05-03 03:41:50
1024,view,2024-05-03 03:46:44
1024,click,2024-05-03 03:47:19
1024,view,2024-05-03 03:47:53
1024,view,2024-05-03 03:48:42
1024,view,2024-05-03 03:50:04
1024,click,2024-05-03 10:44:26
1024,view,2024-05-03 10:48:11
1024,view,2024-05-03 10:48:30
1024,click,2024-05-03 10:51:58
1024,click,2024-05-03 10:52:06
1024,view,2024-05-04 13:41:28
1024,view,2024-05-04 13:42:14
1024,view,2024-05-04 13:44:16
1024,click,2024-05-04 21:23:16
1024,view,2024-05-04 21:24:03
1024,view,2024-05-04 21:24:49
1024,view,2024-05-04 21:25:23
1024,view,2024-05-04 21:30:34
1024,view,2024-05-04 21:32:20
1024,click,2024-05-04 21:32:20
1024,view,2024-05-05 02:10:14
1024,purchase,2024-05-05 02:12:22
1024,view,2024-05-05 02:16:32
1024,view,2024-05-05 02:19:41
1024,click,2024-05-05 02:19:48
1024,view,2024-05-05 05:03:41
1024,view,2024-05-05 05:04:03
1024,click,2024-05-05 05:04:06
1024,view,2024-05-05 05:05:52
1024,purchase,2024-05-05 05:06:59
1024,view,2024-05-05 05:10:16
1024,view,2024-05-05 05:10:44
1024,view,2024-05-05 05:10:51
1024,view,2024-05-05 12:28:26
1024,view,2024-05-05 12:29:41
1024,view,2024-05-05 12:31:01
1024,view,2024-05-05 12:32:33
1024,view,2024-05-05 12:33:05
1024,view,2024-05-05 12:33:53
1024,view,2024-05-06 17:53:30
1024,click,2024-05-06 17:53:44
1024,view,2024-05-06 17:54:14
1024,view,2024-05-06 17:58:59
1024,view,2024-05-07 04:28:40
1024,click,2024-05-07 04:29:33
1024,view,2024-05-07 04:29:50
1024,view,2024-05-07 04:33:43
1024,click,2024-05-07 14:14:32
1024,view,2024-05-07 14:15:33
1024,view,2024-05-07 14:15:56
1024,click,2024-05-07 14:16:12
1024,view,2024-05-07 14:17:51
1024,click,2024-05-07 14:18:33
1025,view,2024-05-01 04:34:45
1025,click,2024-05-01 04:39:56
1025,view,2024-05-01 04:40:03
1025,purchase,2024-05-02 17:17:27
1025,click,2024-05-02 17:18:33
1025,view,2024-05-02 17:26:15
1025,view,2024-05-02 17:26:49
1025,view,2024-05-02 22:05:37
1025,click,2024-05-02 22:06:52
1025,view,2024-05-02 22:07:34
1025,click,2024-05-02 22:07:36
1025,view,2024-05-02 22:08:48
1025,purchase,2024-05-02 22:08:56
1025,click,2024-05-02 22:09:42
1025,click,2024-05-02 22:10:55
1025,click,2024-05-02 22:13:36
1025,click,2024-05-03 12:58:57
1025,click,2024-05-03 12:59:50
1025,click,2024-05-03 13:01:17
1025,click,2024-05-03 13:01:18
1025,view,2024-05-03 13:03:12
1025,purchase,2024-05-03 13:03:27
1025,click,2024-05-03 13:07:04
1025,purchase,2024-05-04 01:12:15
1025,view,2024-05-04 01:14:08
1025,click,2024-05-04 01:15:05
1025,view,2024-05-04 01:15:26
1025,click,2024-05-04 01:17:17
1025,view,2024-05-04 01:19:54
1025,purchase,2024-05-04 01:19:58
1025,click,2024-05-04 01:20:33
1025,view,2024-05-04 20:53:40
1025,view,2024-05-04 20:54:16
1025,view,2024-05-04 21:00:16
1025,click,2024-05-04 21:00:45
1025,view,2024-05-04 21:01:37
1025,click,2024-05-04 21:01:53
1025,view,2024-05-05 08:37:23
1025,purchase,2024-05-05 08:42:34
1025,view,2024-05-05 08:43:37
1025,view,2024-05-06 09:14:12
1025,view,2024-05-06 09:15:07
1025,click,2024-05-06 09:19:43
1025,view,2024-05-06 13:05:52
1025,click,2024-05-06 13:06:45
1025,view,2024-05-06 13:08:04
1025,purchase,2024-05-06 13:13:47
1026,view,2024-05-02 19:39:23
1026,view,2024-05-02 19:42:23
1026,purchase,2024-05-02 19:43:50
1026,click,2024-05-02 19:44:01
1026,click,2024-05-02 19:47:55
1026,purchase,2024-05-03 04:21:15
1026,view,2024-05-03 04:23:50
1026,view,2024-05-03 04:23:52
1026,view,2024-05-03 04:23:57
1026,click,2024-05-03 09:41:34
1026,view,2024-05-03 09:44:09
1026,purchase,2024-05-03 09:44:11
1026,purchase,2024-05-03 09:47:37
1026,click,2024-05-03 09:49:09
1026,purchase,2024-05-03 09:49:18
1026,view,2024-05-04 03:24:35
1026,view,2024-05-04 03:25:01
1026,purchase,2024-05-04 03:28:18
1026,view,2024-05-04 12:57:57
1026,click,2024-05-04 12:58:50
1026,view,2024-05-04 13:05:17
1026,click,2024-05-06 03:15:11
1026,view,2024-05-06 03:15:43
1026,view,2024-05-06 03:16:12
1026,view,2024-05-06 03:16:12
1026,click,2024-05-06 03:16:16
1026,view,2024-05-06 03:16:57
1026,view,2024-05-06 03:18:02
1026,view,2024-05-06 03:20:56
1026,view,2024-05-06 03:23:38
1026,view,2024-05-06 10:29:21
1026,click,2024-05-06 10:29:37
1026,click,2024-05-06 10:30:55
1026,click,2024-05-06 10:33:29
1026,view,2024-05-07 21:31:37
1026,view,2024-05-07 21:32:18
1026,click,2024-05-07 21:33:18
1026,view,2024-05-07 21:35:41
1026,click,2024-05-07 21:38:02
1026,click,2024-05-07 21:39:55
1026,purchase,2024-05-07 21:40:05
1026,view,2024-05-07 21:40:05
1026,view,2024-05-07 21:40:45
1027,click,2024-05-01 20:22:35
1027,view,2024-05-01 20:22:45
1027,view,2024-05-01 20:23:02
1027,view,2024-05-01 20:23:34
1027,purchase,2024-05-01 20:24:31
1027,view,2024-05-01 20:25:51
1027,click,2024-05-01 20:28:04
1027,view,2024-05-01 20:31:00
1027,purchase,2024-05-02 00:47:13
1027,view,2024-05-02 00:49:38
1027,view,2024-05-02 00:50:19
1027,click,2024-05-02 00:52:39
1027,click,2024-05-02 00:52:44
1027,view,2024-05-02 00:54:38
1027,view,2024-05-02 00:55:24
1027,view,2024-05-02 00:55:55
1027,view,2024-05-02 00:56:04
1027,view,2024-05-03 01:48:23
1027,view,2024-05-03 01:49:49
1027,view,2024-05-03 01:50:46
1027,view,2024-05-03 01:51:51
1027,view,2024-05-03 01:55:30
1027,view,2024-05-04 06:41:31
1027,click,2024-05-04 06:42:22
1027,view,2024-05-04 06:42:34
1027,click,2024-05-04 06:42:54
1027,view,2024-05-04 06:42:57
1027,click,2024-05-04 06:43:05
1027,view,2024-05-04 06:44:32
1027,click,2024-05-04 06:44:38
1027,purchase,2024-05-04 06:48:02
1027,click,2024-05-05 06:10:31
1027,view,2024-05-05 06:13:00
1027,click,2024-05-05 06:14:20
1027,view,2024-05-05 06:15:27
1027,click,2024-05-05 20:37:43
1027,view,2024-05-05 20:38:00
1027,view,2024-05-05 20:39:22
1027,view,2024-05-05 20:40:13
1027,click,2024-05-05 20:41:37
1027,view,2024-05-05 20:41:58
1027,view,2024-05-05 23:16:46
1027,view,2024-05-05 23:17:18
1027,view,2024-05-05 23:19:24
1027,view,2024-05-05 23:20:34
1027,purchase,2024-05-05 23:21:16
1027,view,2024-05-05 23:23:17
1027,view,2024-05-05 23:23:27
1027,click,2024-05-05 23:25:19
1027,click,2024-05-06 01:40:53
1027,view,2024-05-06 01:41:26
1027,view,2024-05-06 01:41:49
1027,view,2024-05-06 01:41:54
1027,click,2024-05-06 01:42:22
1027,view,2024-05-06 01:43:35
1027,click,2024-05-06 01:46:08
1027,click,2024-05-06 01:47:14
1027,view,2024-05-06 09:19:38
1027,purchase,2024-05-06 09:19:43
1027,view,2024-05-06 09:19:49
1027,view,2024-05-06 09:19:56
1027,view,2024-05-06 09:22:21
1027,view,2024-05-06 09:22:52
1027,click,2024-05-06 09:23:52
1027,click,2024-05-06 09:25:11
1027,view,2024-05-06 13:57:34
1027,click,2024-05-06 14:00:33
1027,view,2024-05-06 14:01:37
1028,view,2024-05-01 03:48:18
1028,view,2024-05-01 03:48:45
1028,view,2024-05-01 03:51:29
1028,purchase,2024-05-01 03:53:35
1028,view,2024-05-01 03:54:12
1028,view,2024-05-01 03:54:31
1028,view,2024-05-01 03:55:38
1028,click,2024-05-02 05:10:28
1028,view,2024-05-02 05:10:41
1028,view,2024-05-02 05:11:16
1028,click,2024-05-02 05:11:31
1028,view,2024-05-02 05:14:11
1028,click,2024-05-02 05:14:24
1028,view,2024-05-02 05:16:42
1028,view,2024-05-02 05:17:10
1028,view,2024-05-03 02:02:25
1028,click,2024-05-03 02:03:31
1028,click,2024-05-03 02:06:31
1028,purchase,2024-05-03 02:07:48
1028,view,2024-05-03 02:09:16
1028,view,2024-05-03 02:09:24
1028,view,2024-05-03 02:09:45
1028,view,2024-05-03 02:20:46
1028,click,2024-05-03 02:23:59
1028,click,2024-05-03 02:24:15
1028,click,2024-05-03 02:25:28
1028,view,2024-05-03 02:28:37
1028,view,2024-05-03 02:29:59
1028,view,2024-05-03 05:23:17
1028,view,2024-05-03 05:24:31
1028,view,2024-05-03 05:24:58
1028,view,2024-05-03 05:26:34
1028,click,2024-05-03 05:28:22
1028,view,2024-05-03 05:30:52
1028,purchase,2024-05-03 06:13:30
1028,click,2024-05-03 06:16:13
1028,view,2024-05-03 06:16:58
1028,view,2024-05-03 06:17:56
1028,view,2024-05-03 06:18:32
1028,purchase,2024-05-03 11:14:31
1028,view,2024-05-03 11:15:17
1028,click,2024-05-03 11:15:23
1028,purchase,2024-05-03 11:15:49
1028,click,2024-05-03 11:19:11
1028,view,2024-05-03 11:19:55
1028,click,2024-05-03 11:20:57
1028,purchase,2024-05-03 11:23:45
1028,view,2024-05-03 20:59:31
1028,click,2024-05-03 21:00:06
1028,view,2024-05-03 21:02:47
1028,click,2024-05-03 21:05:04
1028,click,2024-05-03 21:06:09
1028,view,2024-05-03 21:07:10
1028,view,2024-05-03 21:07:35
1028,click,2024-05-04 18:58:48
1028,view,2024-05-04 19:01:18
1028,click,2024-05-04 19:03:04
1028,click,2024-05-04 19:04:16
1028,click,2024-05-04 19:06:32
1028,click,2024-05-04 19:06:58
1028,view,2024-05-06 23:41:42
1028,click,2024-05-06 23:42:00
1028,click,2024-05-06 23:44:42
1028,view,2024-05-06 23:44:44
1028,view,2024-05-06 23:45:35
1028,click,2024-05-06 23:48:05
1028,view,2024-05-06 23:48:13
1028,view,2024-05-06 23:49:08
1028,view,2024-05-06 23:49:50
1029,view,2024-05-01 00:07:43
1029,view,2024-05-01 00:10:13
1029,view,2024-05-01 00:10:57
1029,view,2024-05-01 00:11:06
1029,view,2024-05-01 06:03:51
1029,click,2024-05-01 06:03:55
1029,view,2024-05-01 06:03:56
1029,click,2024-05-01 06:07:06
1029,click,2024-05-01 06:09:31
1029,view,2024-05-01 06:10:06
1029,view,2024-05-01 06:10:16
1029,view,2024-05-01 06:10:57
1029,click,2024-05-01 06:11:43
1029,purchase,2024-05-01 08:45:23
1029,purchase,2024-05-01 08:46:20
1029,view,2024-05-01 08:46:34
1029,view,2024-05-01 08:47:36
1029,view,2024-05-01 08:50:09
1029,view,2024-05-01 08:50:11
1029,view,2024-05-01 08:51:12
1029,purchase,2024-05-01 08:52:40
1029,view,2024-05-01 17:31:46
1029,click,2024-05-01 17:34:56
1029,view,2024-05-01 17:35:30
1029,click,2024-05-01 17:36:36
1029,view,2024-05-01 17:37:13
1029,click,2024-05-01 17:39:45
1029,view,2024-05-02 05:36:21
1029,click,2024-05-02 05:38:54
1029,view,2024-05-02 05:40:29
1029,view,2024-05-02 05:41:08
1029,view,2024-05-02 05:41:46
1029,view,2024-05-02 05:43:25
1029,click,2024-05-02 05:43:25
1029,click,2024-05-02 05:45:20
1029,view,2024-05-02 05:45:52
1029,view,2024-05-02 16:44:25
1029,click,2024-05-02 16:44:33
1029,view,2024-05-02 16:45:44
1029,view,2024-05-02 16:46:24
1029,click,2024-05-02 16:46:41
1029,click,2024-05-02 16:46:59
1029,click,2024-05-02 16:48:26
1029,view,2024-05-02 16:49:32
1029,view,2024-05-02 16:50:42
1029,view,2024-05-03 02:49:28
1029,view,2024-05-03 02:50:12
1029,click,2024-05-03 02:50:57
1029,view,2024-05-03 02:52:35
1029,view,2024-05-03 02:53:55
1029,view,2024-05-03 02:54:48
1029,view,2024-05-03 02:54:57
1029,view,2024-05-03 02:56:47
1029,click,2024-05-05 17:42:22
1029,view,2024-05-05 17:42:59
1029,view,2024-05-05 17:43:30
1029,view,2024-05-05 17:44:02
1029,view,2024-05-07 14:54:10
1029,view,2024-05-07 14:56:59
1029,view,2024-05-07 14:58:30
1029,view,2024-05-07 14:59:11
1029,view,2024-05-07 15:00:24
1029,view,2024-05-07 15:00:34
1029,view,2024-05-07 15:02:33
1030,view,2024-05-01 18:22:16
1030,click,2024-05-01 18:26:52
1030,view,2024-05-01 18:27:09
1030,view,2024-05-01 18:27:27
1030,view,2024-05-01 18:28:02
1030,view,2024-05-01 18:29:55
1030,click,2024-05-01 18:30:02
1030,click,2024-05-01 18:30:31
1030,click,2024-05-01 18:31:03
1030,click,2024-05-04 08:07:18
1030,click,2024-05-04 08:09:41
1030,view,2024-05-04 08:10:53
1030,click,2024-05-04 08:13:02
1030,click,2024-05-04 13:27:42
1030,view,2024-05-04 13:30:02
1030,view,2024-05-04 13:30:56
1030,click,2024-05-04 13:31:29
1030,click,2024-05-04 13:32:25
1030,view,2024-05-04 13:33:52
1030,view,2024-05-05 19:11:12
1030,view,2024-05-05 19:14:10
1030,click,2024-05-05 19:17:07
1030,view,2024-05-05 19:17:28
1030,view,2024-05-05 19:20:22
1030,view,2024-05-05 19:36:52
1030,click,2024-05-05 19:39:02
1030,click,2024-05-05 19:41:03
1030,view,2024-05-05 19:41:13
1030,click,2024-05-05 19:41:13
1030,view,2024-05-05 19:41:17
1030,view,2024-05-05 19:41:25
1030,click,2024-05-05 19:43:51
1030,view,2024-05-07 13:45:11
1030,view,2024-05-07 13:47:28
1030,view,2024-05-07 13:47:42
1030,click,2024-05-07 13:47:48
1030,view,2024-05-07 13:49:38
1030,purchase,2024-05-07 13:49:45
1030,view,2024-05-07 13:50:32
1030,view,2024-05-07 13:51:46
1030,view,2024-05-07 13:53:12
1031,view,2024-05-02 11:35:21
1031,view,2024-05-02 11:38:03
1031,purchase,2024-05-02 11:40:27
1031,view,2024-05-02 11:43:01
1031,view,2024-05-02 11:44:41
1031,view,2024-05-03 23:18:43
1031,purchase,2024-05-03 23:21:39
1031,click,2024-05-03 23:22:11
1031,view,2024-05-03 23:22:35
1031,click,2024-05-03 23:22:48
1031,view,2024-05-03 23:25:33
1031,purchase,2024-05-03 23:25:36
1031,view,2024-05-03 23:26:05
1031,view,2024-05-04 02:48:07
1031,click,2024-05-04 02:51:39
1031,view,2024-05-04 02:53:28
1031,view,2024-05-04 02:55:04
1031,click,2024-05-04 02:55:25
1031,click,2024-05-04 02:55:38
1031,purchase,2024-05-04 16:44:12
1031,click,2024-05-04 16:45:29
1031,click,2024-05-04 16:50:48
1031,view,2024-05-04 18:13:13
1031,click,2024-05-04 18:13:21
1031,view,2024-05-04 18:14:34
1031,purchase,2024-05-04 18:14:57
1031,view,2024-05-04 18:15:59
1031,purchase,2024-05-04 18:21:54
1031,click,2024-05-05 21:09:20
1031,view,2024-05-05 21:12:51
1031,view,2024-05-05 21:12:55
1031,purchase,2024-05-05 21:14:31
1032,click,2024-05-03 05:12:19
1032,click,2024-05-03 05:13:29
1032,view,2024-05-03 05:13:38
1032,click,2024-05-03 05:15:19
1032,click,2024-05-03 05:17:55
1032,view,2024-05-03 05:18:34
1032,view,2024-05-04 20:13:30
1032,click,2024-05-04 20:15:13
1032,purchase,2024-05-04 20:16:41
1032,click,2024-05-04 20:17:10
1032,view,2024-05-04 20:17:19
1032,view,2024-05-04 20:18:57
1032,click,2024-05-04 20:19:00
1032,click,2024-05-04 20:19:23
1032,view,2024-05-04 20:20:04
1032,view,2024-05-05 18:40:14
1032,view,2024-05-05 18:40:20
1032,view,2024-05-05 18:44:09
1032,click,2024-05-05 18:45:53
1032,view,2024-05-05 18:46:41
1032,view,2024-05-05 18:47:16
1032,purchase,2024-05-05 18:48:05
1032,view,2024-05-05 18:48:46
1032,purchase,2024-05-07 08:30:29
1032,purchase,2024-05-07 08:32:18
1032,view,2024-05-07 08:32:57
1032,view,2024-05-07 08:35:19
1032,view,2024-05-07 08:35:22
1032,purchase,2024-05-07 08:35:50
1033,click,2024-05-03 20:10:28
1033,view,2024-05-03 20:13:17
1033,view,2024-05-03 20:18:06
1033,click,2024-05-04 13:37:00
1033,view,2024-05-04 13:41:45
1033,click,2024-05-04 13:43:57
1033,view,2024-05-04 13:45:16
1033,view,2024-05-04 13:45:38
1033,click,2024-05-05 22:07:05
1033,click,2024-05-05 22:07:26
1033,view,2024-05-05 22:09:15
1033,click,2024-05-05 22:09:25
1033,view,2024-05-06 03:51:26
1033,purchase,2024-05-06 03:59:07
1033,view,2024-05-06 03:59:15
1033,view,2024-05-06 03:59:32
1033,view,2024-05-06 05:22:36
1033,click,2024-05-06 05:22:38
1033,view,2024-05-06 05:22:49
1033,view,2024-05-06 05:23:40
1033,view,2024-05-06 05:24:54
1033,click,2024-05-06 05:25:43
1033,purchase,2024-05-06 05:26:18
1033,view,2024-05-06 05:26:55
1033,view,2024-05-06 09:03:19
1033,view,2024-05-06 09:03:52
1033,view,2024-05-06 09:04:18
1033,view,2024-05-06 09:04:58
1033,click,2024-05-06 09:06:12
1033,click,2024-05-06 09:08:36
1033,click,2024-05-06 09:09:24
1033,view,2024-05-06 09:09:26
1033,view,2024-05-06 09:10:14
1033,purchase,2024-05-06 15:09:32
1033,view,2024-05-06 15:11:07
1033,view,2024-05-06 15:12:56
1033,view,2024-05-06 15:13:05
1033,view,2024-05-06 15:13:18
1033,view,2024-05-06 15:16:20
1033,view,2024-05-06 15:16:50
1033,view,2024-05-06 15:18:15
1033,view,2024-05-06 15:18:31
1033,click,2024-05-07 09:18:53
1033,view,2024-05-07 09:18:54
1033,view,2024-05-07 09:24:09
1033,click,2024-05-07 09:25:12
1034,view,2024-05-01 05:26:48
1034,view,2024-05-01 05:29:44
1034,purchase,2024-05-01 05:29:58
1034,click,2024-05-01 05:30:07
1034,view,2024-05-01 05:30:19
1034,click,2024-05-01 05:30:34
1034,view,2024-05-01 05:30:54
1034,view,2024-05-01 05:32:42
1034,click,2024-05-01 05:34:45
1034,view,2024-05-01 22:46:22
1034,view,2024-05-01 22:47:36
1034,view,2024-05-01 22:49:51
1034,view,2024-05-01 22:49:58
1034,view,2024-05-01 22:53:21
1034,click,2024-05-01 22:53:40
1034,purchase,2024-05-01 22:59:04
1034,view,2024-05-01 23:00:35
1034,click,2024-05-01 23:01:14
1034,view,2024-05-01 23:01:35
1034,view,2024-05-01 23:02:09
1034,purchase,2024-05-01 23:02:23
1034,view,2024-05-01 23:03:05
1034,view,2024-05-01 23:05:00
1034,view,2024-05-01 23:47:26
1034,view,2024-05-01 23:48:12
1034,view,2024-05-01 23:49:42
1034,view,2024-05-01 23:52:01
1034,view,2024-05-01 23:53:58
1034,view,2024-05-01 23:54:37
1034,purchase,2024-05-02 18:49:55
1034,view,2024-05-02 18:52:18
1034,view,2024-05-02 18:52:52
1034,view,2024-05-03 09:17:46
1034,purchase,2024-05-03 09:18:30
1034,view,2024-05-03 09:18:59
1034,purchase,2024-05-03 09:23:34
1034,purchase,2024-05-03 09:25:04
1034,purchase,2024-05-03 09:25:27
1034,click,2024-05-03 18:07:09
1034,click,2024-05-03 18:08:27
1034,click,2024-05-03 18:09:37
1034,view,2024-05-03 18:10:58
1034,view,2024-05-03 18:11:27
1034,view,2024-05-03 18:13:20
1034,purchase,2024-05-03 18:13:44
1034,click,2024-05-03 18:15:37
1034,view,2024-05-03 18:15:52
1034,click,2024-05-05 07:04:23
1034,view,2024-05-05 07:04:43
1034,purchase,2024-05-05 07:09:11
1034,view,2024-05-05 07:10:49
1034,view,2024-05-05 12:34:29
1034,view,2024-05-05 12:34:59
1034,click,2024-05-05 12:35:52
1034,view,2024-05-05 12:36:39
1034,click,2024-05-05 12:36:55
1034,view,2024-05-05 12:38:15
1034,view,2024-05-05 12:41:16
1034,click,2024-05-05 12:42:25
1034,view,2024-05-05 20:46:01
1034,click,2024-05-05 20:48:20
1034,purchase,2024-05-05 20:50:26
1034,view,2024-05-06 08:26:02
1034,view,2024-05-06 08:26:26
1034,click,2024-05-06 08:27:16
1034,click,2024-05-06 08:28:22
1034,click,2024-05-06 08:32:51
1034,view,2024-05-06 08:34:39
1034,click,2024-05-06 12:46:10
1034,click,2024-05-06 12:49:35
1034,click,2024-05-06 12:52:36
1034,view,2024-05-06 12:52:49
1034,click,2024-05-06 12:53:33
1034,view,2024-05-06 12:54:55
1034,view,2024-05-06 22:16:32
1034,view,2024-05-06 22:23:00
1034,purchase,2024-05-06 22:23:15
1034,view,2024-05-06 22:24:33
1034,view,2024-05-07 01:55:14
1034,view,2024-05-07 01:55:28
1034,view,2024-05-07 01:59:52
1034,click,2024-05-07 02:01:38
1034,purchase,2024-05-07 14:47:31
1034,view,2024-05-07 14:49:30
1034,view,2024-05-07 14:50:23
1034,view,2024-05-07 14:50:49
1034,view,2024-05-07 14:53:13
1034,view,2024-05-07 14:53:37
1034,view,2024-05-07 14:54:15
1034,purchase,2024-05-07 14:55:26
1035,view,2024-05-01 14:32:53
1035,purchase,2024-05-01 14:37:42
1035,view,2024-05-01 14:39:50
1035,view,2024-05-01 14:40:43
1035,view,2024-05-01 14:41:56
1035,view,2024-05-02 10:51:41
1035,view,2024-05-02 10:52:16
1035,view,2024-05-02 10:53:14
1035,click,2024-05-02 10:54:01
1035,click,2024-05-02 10:55:22
1035,view,2024-05-02 10:55:34
1035,view,2024-05-02 10:56:42
1035,view,2024-05-03 04:06:21
1035,view,2024-05-03 04:08:26
1035,view,2024-05-03 04:11:06
1035,view,2024-05-03 04:12:26
1035,view,2024-05-03 04:12:31
1035,purchase,2024-05-03 16:36:01
1035,view,2024-05-03 16:36:14
1035,view,2024-05-03 16:40:17
1035,click,2024-05-03 16:40:53
1035,purchase,2024-05-03 16:41:08
1035,view,2024-05-03 16:42:02
1035,click,2024-05-03 21:30:55
1035,view,2024-05-03 21:31:13
1035,click,2024-05-03 21:32:03
1035,view,2024-05-03 21:32:53
1035,click,2024-05-03 21:33:28
1035,view,2024-05-03 21:34:29
1035,view,2024-05-03 21:39:06
1035,view,2024-05-03 21:39:32
1035,view,2024-05-04 11:41:11
1035,click,2024-05-04 11:41:23
1035,view,2024-05-04 11:41:36
1035,view,2024-05-04 11:42:08
1035,view,2024-05-05 15:50:47
1035,click,2024-05-05 15:51:13
1035,click,2024-05-05 15:53:39
1035,view,2024-05-05 15:54:32
1035,view,2024-05-07 10:45:23
1035,view,2024-05-07 10:47:09
1035,view,2024-05-07 10:47:46
1035,view,2024-05-07 10:49:10
1035,click,2024-05-07 10:51:16
1035,view,2024-05-07 10:52:07
1035,view,2024-05-07 10:52:22
1035,click,2024-05-07 10:52:47
1035,view,2024-05-07 10:53:00
1035,view,2024-05-07 10:53:21
1035,view,2024-05-07 10:54:29
1035,purchase,2024-05-07 10:54:34
1035,view,2024-05-07 10:54:38
1035,view,2024-05-07 10:57:24
1035,view,2024-05-07 10:57:52
1035,view,2024-05-07 10:58:08
1035,view,2024-05-07 10:59:55
1035,view,2024-05-07 12:01:11
1035,view,2024-05-07 12:01:15
1035,click,2024-05-07 12:04:34
1035,click,2024-05-07 12:06:45
1035,view,2024-05-07 12:06:50
1036,click,2024-05-01 00:02:43
1036,view,2024-05-01 00:02:49
1036,view,2024-05-01 00:02:56
1036,purchase,2024-05-01 00:04:52
1036,view,2024-05-01 00:05:28
1036,click,2024-05-01 00:05:44
1036,view,2024-05-01 00:05:50
1036,purchase,2024-05-01 00:08:58
1036,view,2024-05-01 00:10:05
1036,view,2024-05-02 02:48:42
1036,view,2024-05-02 02:48:50
1036,view,2024-05-02 02:48:51
1036,click,2024-05-02 02:49:18
1036,view,2024-05-02 02:50:04
1036,view,2024-05-02 02:54:34
1036,view,2024-05-02 02:56:22
1036,click,2024-05-04 00:46:33
1036,click,2024-05-04 00:46:51
1036,click,2024-05-04 00:48:30
1036,click,2024-05-04 00:52:45
1036,view,2024-05-04 00:54:25
1036,purchase,2024-05-04 00:54:26
1036,view,2024-05-04 00:55:35
1036,view,2024-05-04 06:44:26
1036,purchase,2024-05-04 06:46:22
1036,view,2024-05-04 06:50:30
1036,view,2024-05-04 08:04:22
1036,click,2024-05-04 08:06:49
1036,click,2024-05-04 08:06:53
1036,click,2024-05-04 08:08:44
1036,purchase,2024-05-04 08:31:55
1036,click,2024-05-04 08:34:41
1036,view,2024-05-04 08:35:20
1036,view,2024-05-04 08:37:21
1036,view,2024-05-04 08:38:16
1036,view,2024-05-04 08:40:04
1036,view,2024-05-04 08:40:53
1036,view,2024-05-05 07:57:21
1036,click,2024-05-05 07:57:26
1036,click,2024-05-05 07:59:00
1036,view,2024-05-05 07:59:05
1036,view,2024-05-05 08:04:17
1036,purchase,2024-05-05 08:05:06
1036,view,2024-05-05 13:18:16
1036,view,2024-05-05 13:20:04
1036,view,2024-05-05 13:22:35
1036,click,2024-05-06 16:28:16
1036,click,2024-05-06 16:28:20
1036,click,2024-05-06 16:29:41
1036,purchase,2024-05-06 16:31:25
1036,purchase,2024-05-06 16:34:57
1036,view,2024-05-06 16:35:38
1036,click,2024-05-06 16:36:10
1036,click,2024-05-06 16:37:26
1036,click,2024-05-07 11:33:39
1036,view,2024-05-07 11:35:35
1036,purchase,2024-05-07 11:36:12
1036,view,2024-05-07 11:37:07
1036,click,2024-05-07 11:37:57
1037,click,2024-05-03 04:36:28
1037,view,2024-05-03 04:37:54
1037,view,2024-05-03 04:39:24
1037,click,2024-05-03 04:41:24
1037,view,2024-05-03 04:41:44
1037,click,2024-05-03 04:42:27
1037,view,2024-05-03 04:42:59
1037,click,2024-05-04 08:34:17
1037,view,2024-05-04 08:36:07
1037,view,2024-05-04 08:36:57
1037,view,2024-05-04 08:39:11
1037,view,2024-05-04 08:40:23
1037,view,2024-05-04 08:40:58
1037,view,2024-05-04 08:42:17
1037,view,2024-05-04 08:42:22
1037,purchase,2024-05-04 08:42:30
1037,view,2024-05-04 15:42:42
1037,view,2024-05-04 15:42:45
1037,purchase,2024-05-04 15:44:57
1037,view,2024-05-04 15:45:11
1037,click,2024-05-04 15:47:22
1037,view,2024-05-04 15:47:56
1037,view,2024-05-04 15:48:51
1037,click,2024-05-04 15:50:43
1037,view,2024-05-04 17:44:34
1037,view,2024-05-04 17:46:37
1037,view,2024-05-04 17:46:47
1037,click,2024-05-04 17:47:22
1037,view,2024-05-04 17:47:35
1037,click,2024-05-04 17:47:50
1037,click,2024-05-04 17:49:37
1037,purchase,2024-05-04 17:53:31
1037,view,2024-05-05 03:02:21
1037,view,2024-05-05 03:03:05
1037,view,2024-05-05 03:03:27
1037,view,2024-05-05 03:04:25
1037,view,2024-05-05 03:05:24
1037,purchase,2024-05-05 03:05:35
1037,purchase,2024-05-05 03:06:07
1037,purchase,2024-05-05 03:07:31
1037,click,2024-05-05 03:08:01
1037,purchase,2024-05-05 16:09:20
1037,click,2024-05-05 16:09:30
1037,click,2024-05-05 16:15:03
1037,click,2024-05-05 23:07:24
1037,view,2024-05-05 23:10:21
1037,view,2024-05-05 23:12:52
1037,click,2024-05-05 23:13:31
1037,click,2024-05-05 23:14:26
1037,view,2024-05-06 14:31:41
1037,purchase,2024-05-06 14:35:25
1037,view,2024-05-06 14:36:48
1037,view,2024-05-06 17:41:33
1037,click,2024-05-06 17:42:19
1037,view,2024-05-06 17:42:48
1037,view,2024-05-06 17:44:27
1037,view,2024-05-06 17:44:34
1037,click,2024-05-06 17:45:44
1037,view,2024-05-06 17:46:26
1037,click,2024-05-06 17:47:21
1037,view,2024-05-06 17:47:23
1037,view,2024-05-07 08:07:48
1037,purchase,2024-05-07 08:09:01
1037,purchase,2024-05-07 08:09:15
1037,purchase,2024-05-07 08:11:32
1037,view,2024-05-07 08:12:07
1037,purchase,2024-05-07 08:14:36
1037,view,2024-05-07 08:15:59
1037,view,2024-05-07 16:44:20
1037,view,2024-05-07 16:46:04
1037,view,2024-05-07 16:49:19
1037,view,2024-05-07 16:51:54
1038,purchase,2024-05-01 14:30:02
1038,view,2024-05-01 14:30:15
1038,click,2024-05-01 14:30:24
1038,click,2024-05-01 14:33:06
1038,view,2024-05-01 14:33:36
1038,click,2024-05-01 14:33:47
1038,click,2024-05-01 14:36:56
1038,view,2024-05-02 18:37:44
1038,view,2024-05-02 18:40:13
1038,purchase,2024-05-02 18:41:27
1038,view,2024-05-02 19:03:48
1038,view,2024-05-02 19:06:22
1038,view,2024-05-02 19:07:50
1038,view,2024-05-02 19:10:39
1038,view,2024-05-02 19:12:00
1038,click,2024-05-03 13:12:09
1038,click,2024-05-03 13:12:25
1038,view,2024-05-03 13:12:59
1038,view,2024-05-03 13:13:25
1038,view,2024-05-03 13:14:29
1038,click,2024-05-03 13:15:58
1038,view,2024-05-03 13:16:24
1038,view,2024-05-03 13:16:58
1038,view,2024-05-03 13:18:12
1038,click,2024-05-03 15:59:33
1038,click,2024-05-03 16:01:12
1038,view,2024-05-03 16:02:40
1038,view,2024-05-03 16:02:40
1038,view,2024-05-03 16:04:04
1038,view,2024-05-04 13:51:18
1038,view,2024-05-04 13:51:31
1038,view,2024-05-04 13:54:55
1038,view,2024-05-04 13:55:24
1038,click,2024-05-04 13:56:09
1038,view,2024-05-04 13:57:59
1038,view,2024-05-04 14:00:07
1038,view,2024-05-04 14:00:56
1038,view,2024-05-04 20:35:32
1038,view,2024-05-04 20:36:24
1038,view,2024-05-04 20:36:42
1038,click,2024-05-04 20:40:06
1038,click,2024-05-04 20:41:09
1038,view,2024-05-05 03:09:42
1038,click,2024-05-05 03:10:02
1038,view,2024-05-05 03:11:07
1038,view,2024-05-05 03:13:10
1038,click,2024-05-05 03:16:34
1038,click,2024-05-05 03:17:11
1038,view,2024-05-05 05:03:04
1038,view,2024-05-05 05:05:32
1038,click,2024-05-05 05:08:02
1038,click,2024-05-05 18:10:34
1038,view,2024-05-05 18:10:40
1038,view,2024-05-05 18:11:12
1038,view,2024-05-05 18:14:34
1038,purchase,2024-05-05 18:17:21
1038,purchase,2024-05-05 18:18:13
1038,click,2024-05-05 18:19:55
1038,click,2024-05-05 23:24:09
1038,purchase,2024-05-05 23:25:42
1038,view,2024-05-05 23:29:39
1038,click,2024-05-06 02:38:19
1038,view,2024-05-06 02:39:38
1038,view,2024-05-06 02:39:59
1038,click,2024-05-06 02:45:18
1038,view,2024-05-06 06:06:16
1038,click,2024-05-06 06:06:22
1038,view,2024-05-06 06:06:39
1038,click,2024-05-06 06:07:57
1038,purchase,2024-05-06 06:08:14
1038,click,2024-05-06 06:10:30
1038,purchase,2024-05-06 06:11:49
1038,click,2024-05-06 06:12:19
1038,view,2024-05-06 06:12:22
1038,purchase,2024-05-06 06:13:46
1038,view,2024-05-06 06:14:44
1038,view,2024-05-06 06:15:48
1038,view,2024-05-06 09:33:32
1038,view,2024-05-06 09:33:34
1038,view,2024-05-06 09:34:25
1038,view,2024-05-06 09:39:33
1038,click,2024-05-06 15:55:00
1038,click,2024-05-06 15:55:21
1038,click,2024-05-06 15:55:51
1038,view,2024-05-06 15:56:54
1038,view,2024-05-06 15:58:49
1038,view,2024-05-06 15:59:49
1038,view,2024-05-06 16:00:23
1038,view,2024-05-06 16:02:19
1038,view,2024-05-06 16:02:23
1038,view,2024-05-06 21:38:25
1038,click,2024-05-06 21:39:14
1038,view,2024-05-06 21:39:27
1038,view,2024-05-06 21:43:02
1038,view,2024-05-06 21:44:43
1038,view,2024-05-06 21:44:50
1038,view,2024-05-06 21:46:41
1038,purchase,2024-05-07 03:25:37
1038,purchase,2024-05-07 03:26:04
1038,click,2024-05-07 03:27:10
1038,click,2024-05-07 03:27:53
1038,view,2024-05-07 03:29:13
1038,click,2024-05-07 03:29:46
1038,view,2024-05-07 03:31:24
1038,click,2024-05-07 03:32:18
1038,view,2024-05-07 03:32:23
1038,click,2024-05-07 16:44:17
1038,click,2024-05-07 16:49:53
1038,view,2024-05-07 16:50:24
1038,click,2024-05-07 16:51:38
1039,view,2024-05-01 18:32:11
1039,purchase,2024-05-01 18:34:54
1039,view,2024-05-01 18:36:32
1039,view,2024-05-01 18:36:39
1039,view,2024-05-01 18:38:04
1039,view,2024-05-01 18:40:10
1039,click,2024-05-01 18:40:24
1039,purchase,2024-05-01 18:41:26
1039,purchase,2024-05-01 18:41:58
1039,view,2024-05-02 02:04:50
1039,purchase,2024-05-02 02:08:07
1039,view,2024-05-02 02:10:32
1039,click,2024-05-05 09:07:50
1039,view,2024-05-05 09:09:11
1039,view,2024-05-05 09:09:16
1039,purchase,2024-05-05 09:14:44
1039,click,2024-05-05 09:15:54
1039,view,2024-05-06 03:58:46
1039,view,2024-05-06 03:58:57
1039,click,2024-05-06 04:00:11
1039,view,2024-05-06 04:00:40
1039,view,2024-05-06 04:01:04
1039,view,2024-05-06 04:02:35
1039,view,2024-05-06 04:03:17
1039,view,2024-05-06 06:58:44
1039,click,2024-05-06 07:00:16
1039,view,2024-05-06 07:00:44
1039,click,2024-05-06 07:00:46
1039,view,2024-05-06 07:01:38
1039,view,2024-05-06 07:01:39
1039,view,2024-05-06 07:02:26
1039,click,2024-05-06 07:02:38
1039,click,2024-05-06 07:02:54
1039,view,2024-05-06 14:53:45
1039,view,2024-05-06 14:56:29
1039,view,2024-05-06 14:58:21
1039,purchase,2024-05-07 03:01:39
1039,view,2024-05-07 03:03:44
1039,click,2024-05-07 03:05:25
1039,view,2024-05-07 13:02:58
1039,view,2024-05-07 13:04:21
1039,click,2024-05-07 13:07:36
1039,view,2024-05-07 13:08:17
1039,view,2024-05-07 13:09:17
1039,purchase,2024-05-07 13:10:22
1039,click,2024-05-07 13:11:13
1039,click,2024-05-07 13:11:26
1039,view,2024-05-07 13:11:46
1039,click,2024-05-07 16:04:46
1039,click,2024-05-07 16:07:07
1039,click,2024-05-07 16:09:37
1039,view,2024-05-07 16:11:19
1039,click,2024-05-07 16:12:04
1039,view,2024-05-07 16:12:15
1039,click,2024-05-07 16:13:44
1040,click,2024-05-01 01:46:12
1040,click,2024-05-01 01:50:39
1040,view,2024-05-01 01:51:41
1040,view,2024-05-02 06:54:01
1040,click,2024-05-02 06:54:03
1040,view,2024-05-02 06:54:22
1040,click,2024-05-02 07:00:28
1040,view,2024-05-02 07:01:00
1040,view,2024-05-02 23:27:45
1040,view,2024-05-02 23:29:59
1040,purchase,2024-05-02 23:34:31
1040,purchase,2024-05-03 05:25:34
1040,view,2024-05-03 05:26:08
1040,view,2024-05-03 05:30:54
1040,view,2024-05-03 05:32:01
1040,click,2024-05-04 06:30:51
1040,view,2024-05-04 06:31:14
1040,click,2024-05-04 06:35:51
1040,click,2024-05-04 06:35:56
1040,view,2024-05-05 00:27:39
1040,purchase,2024-05-05 00:31:18
1040,view,2024-05-05 00:33:33
1040,click,2024-05-05 16:48:51
1040,view,2024-05-05 16:50:58
1040,purchase,2024-05-05 16:51:17
1040,click,2024-05-05 16:51:43
1040,click,2024-05-05 16:52:26
1040,view,2024-05-05 16:52:52
1040,view,2024-05-05 16:53:48
1040,click,2024-05-05 20:11:33
1040,view,2024-05-05 20:12:56
1040,view,2024-05-05 20:14:31
1040,view,2024-05-05 20:15:59
1040,purchase,2024-05-06 02:53:54
1040,click,2024-05-06 02:54:53
1040,view,2024-05-06 02:54:57
1040,view,2024-05-06 02:55:38
1040,purchase,2024-05-06 08:03:17
1040,view,2024-05-06 08:03:46
1040,view,2024-05-06 08:06:37
1040,view,2024-05-06 08:07:09
1040,view,2024-05-06 08:07:29
1040,click,2024-05-06 19:13:13
1040,view,2024-05-06 19:14:03
1040,click,2024-05-06 19:15:47
1040,view,2024-05-06 19:16:02
1040,view,2024-05-06 19:18:14
1040,view,2024-05-06 21:24:32
1040,view,2024-05-06 21:27:34
1040,click,2024-05-06 21:27:42
1040,view,2024-05-06 21:27:53
1040,click,2024-05-06 21:28:10
1040,view,2024-05-06 21:28:42
1040,view,2024-05-06 21:29:20
1040,click,2024-05-06 21:33:41
1040,click,2024-05-07 16:16:05
1040,view,2024-05-07 16:16:13
1040,view,2024-05-07 16:17:37
1040,view,2024-05-07 16:19:55
1040,view,2024-05-07 16:20:07
1040,view,2024-05-07 16:22:10
1040,view,2024-05-07 16:23:06
1040,view,2024-05-07 16:23:35
1041,view,2024-05-01 04:37:23
1041,purchase,2024-05-01 04:38:56
1041,click,2024-05-01 04:43:03
1041,view,2024-05-01 04:44:17
1041,view,2024-05-01 04:46:08
1041,view,2024-05-01 05:16:51
1041,view,2024-05-01 05:18:04
1041,view,2024-05-01 05:20:19
1041,view,2024-05-03 03:28:08
1041,click,2024-05-03 03:29:18
1041,purchase,2024-05-03 03:32:41
1041,view,2024-05-04 13:00:04
1041,view,2024-05-04 13:00:17
1041,view,2024-05-04 13:00:29
1041,click,2024-05-04 13:01:14
1041,view,2024-05-04 13:08:52
1041,purchase,2024-05-04 13:27:41
1041,click,2024-05-04 13:29:34
1041,view,2024-05-04 13:33:53
1041,click,2024-05-04 14:46:51
1041,purchase,2024-05-04 14:49:23
1041,view,2024-05-04 14:49:38
1041,click,2024-05-04 14:50:58
1041,view,2024-05-04 14:51:20
1041,view,2024-05-04 14:52:51
1041,click,2024-05-04 21:35:54
1041,view,2024-05-04 21:36:13
1041,purchase,2024-05-04 21:36:25
1041,view,2024-05-04 21:38:22
1041,view,2024-05-04 21:38:50
1041,purchase,2024-05-04 21:39:33
1041,view,2024-05-05 17:10:30
1041,view,2024-05-05 17:13:09
1041,view,2024-05-05 17:14:55
1041,view,2024-05-05 17:16:21
1041,purchase,2024-05-05 17:17:22
1041,view,2024-05-05 17:19:05
1041,click,2024-05-05 20:56:35
1041,view,2024-05-05 20:57:35
1041,view,2024-05-05 20:58:34
1041,view,2024-05-06 04:54:44
1041,view,2024-05-06 04:55:23
1041,view,2024-05-06 04:55:37
1041,view,2024-05-06 04:56:27
1041,click,2024-05-06 04:57:56
1041,view,2024-05-06 04:58:35
1041,view,2024-05-06 05:02:56
1041,view,2024-05-06 07:48:39
1041,click,2024-05-06 07:49:07
1041,view,2024-05-06 07:50:11
1041,view,2024-05-06 07:51:08
1041,purchase,2024-05-06 07:52:10
1041,click,2024-05-06 07:56:08
1041,purchase,2024-05-06 07:57:20
1041,purchase,2024-05-06 07:57:54
1041,purchase,2024-05-06 13:30:29
1041,view,2024-05-06 13:30:44
1041,click,2024-05-06 13:31:43
1041,click,2024-05-06 13:32:10
1041,purchase,2024-05-06 13:32:27
1041,click,2024-05-06 13:35:01
1041,view,2024-05-06 13:35:40
1041,view,2024-05-06 13:39:05
1041,view,2024-05-06 13:39:47
1041,purchase,2024-05-07 04:20:52
1041,view,2024-05-07 04:22:47
1041,purchase,2024-05-07 04:28:32
1041,view,2024-05-07 05:58:07
1041,view,2024-05-07 05:58:11
1041,view,2024-05-07 06:00:53
1041,purchase,2024-05-07 06:02:00
1041,click,2024-05-07 06:02:51
1041,view,2024-05-07 06:05:08
1041,view,2024-05-07 06:05:36
1041,view,2024-05-07 08:42:57
1041,click,2024-05-07 08:43:10
1041,click,2024-05-07 08:45:12
1041,purchase,2024-05-07 08:45:18
1041,view,2024-05-07 08:45:23
1041,view,2024-05-07 08:45:50
1041,click,2024-05-07 08:49:07
1042,click,2024-05-01 01:26:58
1042,view,2024-05-01 01:27:31
1042,click,2024-05-01 01:27:40
1042,view,2024-05-01 01:28:21
1042,click,2024-05-01 01:28:37
1042,click,2024-05-01 01:31:22
1042,view,2024-05-01 01:31:50
1042,click,2024-05-01 01:32:47
1042,view,2024-05-01 01:33:44
1042,view,2024-05-02 13:14:11
1042,click,2024-05-02 13:14:26
1042,view,2024-05-02 13:14:50
1042,click,2024-05-02 13:15:13
1042,view,2024-05-02 13:15:43
1042,click,2024-05-02 13:16:26
1042,view,2024-05-02 13:18:44
1042,view,2024-05-02 13:19:36
1042,click,2024-05-02 13:20:26
1042,view,2024-05-04 03:11:08
1042,view,2024-05-04 03:12:14
1042,click,2024-05-04 03:13:04
1042,view,2024-05-04 14:33:56
1042,purchase,2024-05-04 14:35:02
1042,view,2024-05-04 14:36:14
1042,purchase,2024-05-04 22:48:54
1042,view,2024-05-04 22:50:02
1042,view,2024-05-04 22:50:33
1042,purchase,2024-05-04 22:52:00
1042,view,2024-05-04 22:52:14
1042,view,2024-05-04 22:52:33
1042,click,2024-05-04 22:52:50
1042,view,2024-05-05 21:42:29
1042,view,2024-05-05 21:43:24
1042,purchase,2024-05-05 21:43:45
1042,view,2024-05-05 21:44:32
1042,click,2024-05-05 21:46:36
1042,view,2024-05-07 20:00:54
1042,click,2024-05-07 20:03:33
1042,purchase,2024-05-07 20:05:58
1043,view,2024-05-02 10:59:56
1043,click,2024-05-02 11:00:36
1043,click,2024-05-02 11:01:38
1043,purchase,2024-05-02 11:04:28
1043,view,2024-05-02 11:05:25
1043,view,2024-05-02 11:05:29
1043,view,2024-05-02 11:05:40
1043,click,2024-05-02 11:05:57
1043,click,2024-05-02 16:19:36
1043,click,2024-05-02 16:20:04
1043,click,2024-05-02 16:20:24
1043,view,2024-05-03 19:10:38
1043,view,2024-05-03 19:12:53
1043,purchase,2024-05-03 19:14:29
1043,view,2024-05-03 19:17:50
1043,view,2024-05-03 19:18:00
1043,click,2024-05-03 21:15:13
1043,view,2024-05-03 21:16:32
1043,click,2024-05-03 21:18:00
1043,view,2024-05-03 21:18:27
1043,click,2024-05-03 21:19:23
1043,view,2024-05-03 21:20:02
1043,view,2024-05-03 21:21:22
1043,view,2024-05-03 21:22:28
1043,view,2024-05-03 21:23:27
1043,view,2024-05-04 22:22:37
1043,view,2024-05-04 22:26:53
1043,view,2024-05-04 22:28:36
1043,purchase,2024-05-04 22:28:41
1043,click,2024-05-04 22:28:48
1043,view,2024-05-04 22:29:06
1043,click,2024-05-04 22:29:43
1043,view,2024-05-04 22:30:48
1043,view,2024-05-04 22:31:10
1043,click,2024-05-05 16:34:23
1043,view,2024-05-05 16:35:47
1043,view,2024-05-05 16:36:27
1043,view,2024-05-05 16:37:35
1043,view,2024-05-05 16:40:15
1043,purchase,2024-05-05 16:40:24
1043,view,2024-05-05 16:41:32
1043,view,2024-05-05 16:42:47
1043,view,2024-05-06 06:51:24
1043,view,2024-05-06 06:52:03
1043,click,2024-05-06 06:52:43
1043,view,2024-05-06 06:52:48
1043,view,2024-05-06 06:54:14
1043,view,2024-05-06 06:54:22
1043,view,2024-05-06 06:55:13
1043,purchase,2024-05-06 06:56:45
1043,purchase,2024-05-06 06:57:26
1043,click,2024-05-06 08:05:51
1043,view,2024-05-06 08:07:33
1043,view,2024-05-06 08:07:36
1043,view,2024-05-06 08:08:24
1043,purchase,2024-05-06 08:12:52
1043,click,2024-05-06 08:13:03
1043,click,2024-05-06 08:13:25
1043,view,2024-05-06 08:13:55
1043,view,2024-05-06 09:17:28
1043,click,2024-05-06 09:18:41
1043,purchase,2024-05-06 09:19:54
1044,click,2024-05-01 16:29:57
1044,view,2024-05-01 16:30:54
1044,click,2024-05-01 16:31:29
1044,view,2024-05-01 16:33:08
1044,purchase,2024-05-01 16:35:01
1044,view,2024-05-01 16:35:08
1044,purchase,2024-05-01 16:37:18
1044,view,2024-05-01 16:37:41
1044,purchase,2024-05-01 16:38:44
1044,view,2024-05-01 23:51:21
1044,purchase,2024-05-01 23:53:53
1044,view,2024-05-01 23:54:02
1044,view,2024-05-01 23:54:39
1044,click,2024-05-01 23:59:38
1044,view,2024-05-02 00:00:34
1044,view,2024-05-02 08:56:51
1044,view,2024-05-02 08:59:50
1044,purchase,2024-05-02 09:05:08
1044,click,2024-05-04 21:06:17
1044,view,2024-05-04 21:11:19
1044,view,2024-05-04 21:12:08
1044,view,2024-05-04 21:14:25
1044,click,2024-05-04 21:14:39
1044,view,2024-05-05 07:38:38
1044,view,2024-05-05 07:39:06
1044,view,2024-05-05 07:40:13
1044,click,2024-05-05 07:43:47
1044,purchase,2024-05-07 03:55:41
1044,view,2024-05-07 03:58:08
1044,view,2024-05-07 03:58:53
1044,view,2024-05-07 03:59:49
1044,purchase,2024-05-07 04:01:00
1045,view,2024-05-01 02:06:47
1045,view,2024-05-01 02:09:05
1045,view,2024-05-01 02:10:23
1045,view,2024-05-01 02:11:45
1045,click,2024-05-01 02:13:18
1045,click,2024-05-02 04:32:23
1045,view,2024-05-02 04:33:56
1045,view,2024-05-02 04:36:55
1045,view,2024-05-02 04:37:39
1045,purchase,2024-05-02 04:38:58
1045,click,2024-05-02 04:38:59
1045,purchase,2024-05-02 04:39:45
1045,purchase,2024-05-02 04:41:05
1045,view,2024-05-02 04:41:57
1045,click,2024-05-02 06:16:32
1045,click,2024-05-02 06:16:46
1045,view,2024-05-02 06:19:32
1045,click,2024-05-02 11:25:31
1045,purchase,2024-05-02 11:27:58
1045,view,2024-05-02 11:30:17
1045,view,2024-05-02 11:30:52
1045,purchase,2024-05-02 11:31:17
1045,click,2024-05-02 11:32:36
1045,click,2024-05-02 11:33:24
1045,view,2024-05-04 05:46:24
1045,click,2024-05-04 05:49:07
1045,click,2024-05-04 05:49:31
1045,view,2024-05-04 05:50:58
1045,click,2024-05-04 05:51:40
1045,view,2024-05-04 05:51:55
1045,view,2024-05-04 05:53:14
1045,click,2024-05-04 05:55:08
1045,view,2024-05-04 15:24:19
1045,view,2024-05-04 15:30:05
1045,click,2024-05-04 15:30:19
1045,click,2024-05-05 15:19:03
1045,click,2024-05-05 15:20:27
1045,view,2024-05-05 15:20:41
1045,view,2024-05-05 15:21:18
1045,view,2024-05-05 15:23:26
1045,view,2024-05-05 15:24:13
1045,click,2024-05-05 15:26:26
1045,view,2024-05-05 20:28:46
1045,view,2024-05-05 20:30:34
1045,view,2024-05-05 20:31:08
1045,view,2024-05-05 20:31:21
1045,click,2024-05-05 20:32:53
1045,view,2024-05-05 20:33:58
1045,view,2024-05-05 20:36:00
1045,view,2024-05-05 20:36:41
1045,view,2024-05-06 06:24:54
1045,purchase,2024-05-06 06:25:06
1045,view,2024-05-06 06:25:09
1045,view,2024-05-06 06:27:24
1045,click,2024-05-06 06:28:53
1045,view,2024-05-06 06:29:21
1045,view,2024-05-06 06:29:21
1045,view,2024-05-06 06:31:14
1045,click,2024-05-06 23:52:52
1045,view,2024-05-06 23:52:53
1045,click,2024-05-06 23:53:20
1045,view,2024-05-06 23:54:20
1045,view,2024-05-06 23:55:49
1045,view,2024-05-06 23:56:16
1045,view,2024-05-06 23:57:40
1046,view,2024-05-01 22:27:47
1046,view,2024-05-01 22:27:52
1046,click,2024-05-01 22:28:10
1046,purchase,2024-05-01 22:28:58
1046,view,2024-05-01 22:29:44
1046,view,2024-05-01 22:31:25
1046,view,2024-05-01 22:31:56
1046,click,2024-05-01 22:34:02
1046,click,2024-05-01 22:34:11
1046,view,2024-05-02 13:55:42
1046,purchase,2024-05-02 13:59:04
1046,click,2024-05-02 13:59:08
1046,click,2024-05-02 14:02:37
1046,view,2024-05-02 21:54:00
1046,view,2024-05-02 21:54:05
1046,view,2024-05-02 21:54:44
1046,purchase,2024-05-02 21:54:46
1046,view,2024-05-02 21:55:02
1046,view,2024-05-02 21:58:51
1046,view,2024-05-02 21:59:30
1046,view,2024-05-02 22:01:21
1046,click,2024-05-02 22:01:25
1046,purchase,2024-05-03 19:46:37
1046,view,2024-05-03 19:46:41
1046,view,2024-05-03 19:47:41
1046,click,2024-05-03 19:47:57
1046,view,2024-05-03 19:51:01
1046,click,2024-05-03 20:06:37
1046,click,2024-05-03 20:06:40
1046,click,2024-05-03 20:10:53
1046,click,2024-05-03 20:11:25
1046,click,2024-05-03 20:12:38
1046,click,2024-05-03 22:09:36
1046,view,2024-05-03 22:13:25
1046,view,2024-05-03 22:15:43
1046,click,2024-05-03 22:16:07
1046,click,2024-05-03 22:17:12
1046,view,2024-05-04 00:05:11
1046,purchase,2024-05-04 00:05:52
1046,click,2024-05-04 00:07:45
1046,view,2024-05-04 00:09:51
1046,view,2024-05-04 00:10:44
1046,view,2024-05-04 14:29:26
1046,click,2024-05-04 14:29:44
1046,view,2024-05-04 14:33:00
1046,view,2024-05-04 14:33:30
1046,view,2024-05-04 14:33:30
1046,view,2024-05-04 14:33:54
1046,view,2024-05-04 14:34:00
1046,view,2024-05-04 14:36:16
1046,view,2024-05-04 14:37:03
1046,view,2024-05-05 09:08:16
1046,click,2024-05-05 09:11:43
1046,view,2024-05-05 09:13:57
1046,view,2024-05-05 09:14:20
1046,view,2024-05-05 20:15:34
1046,click,2024-05-05 20:18:36
1046,view,2024-05-05 20:20:06
1046,view,2024-05-05 20:21:00
1046,click,2024-05-05 20:21:10
1046,view,2024-05-05 20:22:05
1046,view,2024-05-05 20:22:55
1046,click,2024-05-05 23:53:37
1046,click,2024-05-05 23:54:49
1046,purchase,2024-05-05 23:55:51
1046,view,2024-05-05 23:56:11
1046,view,2024-05-05 23:56:34
1046,click,2024-05-05 23:58:57
1046,view,2024-05-06 00:02:26
1046,purchase,2024-05-06 03:58:37
1046,view,2024-05-06 03:58:38
1046,click,2024-05-06 03:59:10
1046,click,2024-05-06 04:01:36
1046,view,2024-05-06 04:01:45
1046,click,2024-05-06 04:03:46
1046,view,2024-05-06 04:05:16
1046,view,2024-05-06 04:06:58
1046,click,2024-05-06 10:26:27
1046,click,2024-05-06 10:34:09
1046,click,2024-05-06 10:34:53
1046,view,2024-05-07 04:54:39
1046,view,2024-05-07 04:55:57
1046,view,2024-05-07 04:56:12
1046,view,2024-05-07 04:56:44
1046,click,2024-05-07 05:00:05
1046,purchase,2024-05-07 05:00:40
1046,purchase,2024-05-07 05:02:31
1046,click,2024-05-07 05:02:32
1046,click,2024-05-07 19:53:01
1046,click,2024-05-07 19:54:01
1046,view,2024-05-07 19:56:30
1046,click,2024-05-07 19:59:42
1046,click,2024-05-07 22:15:00
1046,view,2024-05-07 22:18:19
1046,view,2024-05-07 22:22:10
1047,click,2024-05-02 09:04:10
1047,view,2024-05-02 09:04:34
1047,click,2024-05-02 09:05:31
1047,view,2024-05-02 09:07:02
1047,view,2024-05-02 09:07:05
1047,click,2024-05-02 09:08:53
1047,view,2024-05-02 09:09:33
1047,view,2024-05-02 09:11:35
1047,click,2024-05-05 08:40:41
1047,purchase,2024-05-05 08:41:43
1047,view,2024-05-05 08:41:45
1047,view,2024-05-05 08:43:39
1047,click,2024-05-05 08:46:31
1047,view,2024-05-05 08:47:28
1047,click,2024-05-05 08:49:34
1047,view,2024-05-05 08:49:35
1047,view,2024-05-05 08:52:02
1047,purchase,2024-05-05 08:52:16
1047,view,2024-05-05 08:52:53
1047,view,2024-05-05 09:34:42
1047,view,2024-05-05 09:39:40
1047,click,2024-05-05 09:39:56
1047,click,2024-05-05 09:40:04
1047,click,2024-05-05 09:41:44
1047,click,2024-05-05 09:42:45
1047,view,2024-05-05 09:43:38
1047,view,2024-05-05 11:58:42
1047,click,2024-05-05 12:00:34
1047,view,2024-05-05 12:01:14
1047,view,2024-05-05 12:01:16
1047,click,2024-05-05 12:03:49
1047,view,2024-05-05 12:04:03
1047,view,2024-05-05 12:05:05
1047,view,2024-05-05 12:07:28
1047,purchase,2024-05-06 04:09:02
1047,click,2024-05-06 04:11:46
1047,view,2024-05-06 04:12:32
1047,view,2024-05-06 04:13:46
1047,click,2024-05-06 04:14:34
1047,click,2024-05-06 04:15:32
1047,view,2024-05-06 04:15:33
1047,view,2024-05-06 04:15:40
1047,view,2024-05-06 04:16:31
1048,click,2024-05-03 01:52:18
1048,view,2024-05-03 01:52:39
1048,click,2024-05-03 01:53:40
1048,view,2024-05-03 01:56:52
1048,view,2024-05-03 01:59:27
1048,click,2024-05-03 02:00:20
1048,view,2024-05-03 05:27:53
1048,view,2024-05-03 05:28:17
1048,click,2024-05-03 05:29:13
1048,view,2024-05-03 05:33:12
1048,view,2024-05-03 05:35:16
1048,click,2024-05-03 05:35:47
1048,view,2024-05-03 05:36:40
1048,view,2024-05-03 14:11:03
1048,view,2024-05-03 14:14:57
1048,view,2024-05-03 14:15:32
1048,view,2024-05-03 14:16:33
1048,purchase,2024-05-03 14:17:46
1048,click,2024-05-03 14:19:08
1048,view,2024-05-03 23:34:21
1048,view,2024-05-03 23:34:47
1048,view,2024-05-03 23:36:11
1048,purchase,2024-05-03 23:38:02
1048,view,2024-05-03 23:41:32
1048,purchase,2024-05-03 23:41:54
1048,view,2024-05-04 14:24:23
1048,view,2024-05-04 14:24:53
1048,view,2024-05-04 14:24:53
1048,view,2024-05-04 14:27:28
1048,view,2024-05-04 14:27:51
1048,click,2024-05-04 14:28:07
1048,click,2024-05-04 14:31:48
1048,view,2024-05-04 18:59:18
1048,view,2024-05-04 19:00:20
1048,view,2024-05-04 19:01:43
1048,view,2024-05-04 19:02:23
1048,view,2024-05-04 19:03:47
1048,view,2024-05-04 19:03:59
1048,click,2024-05-04 19:04:01
1048,view,2024-05-05 02:33:14
1048,view,2024-05-05 02:34:22
1048,purchase,2024-05-05 02:37:19
1048,view,2024-05-05 02:38:07
1048,view,2024-05-05 02:39:15
1048,purchase,2024-05-06 02:26:45
1048,click,2024-05-06 02:28:53
1048,click,2024-05-06 02:30:22
1048,view,2024-05-06 02:31:06
1048,click,2024-05-06 02:31:55
1048,purchase,2024-05-06 02:32:34
1048,view,2024-05-06 02:32:49
1048,click,2024-05-06 20:33:22
1048,view,2024-05-06 20:35:27
1048,click,2024-05-06 20:35:47
1048,view,2024-05-06 20:37:43
1048,click,2024-05-06 20:38:13
1048,click,2024-05-06 20:38:30
1048,view,2024-05-06 20:38:31
1048,click,2024-05-06 20:38:35
1048,click,2024-05-06 20:40:14
1048,purchase,2024-05-06 22:43:43
1048,view,2024-05-06 22:44:08
1048,click,2024-05-06 22:46:19
1048,view,2024-05-06 22:47:46
1048,purchase,2024-05-06 22:50:36
1048,view,2024-05-06 22:51:54
1048,view,2024-05-07 07:22:26
1048,view,2024-05-07 07:24:47
1048,view,2024-05-07 07:26:58
1048,click,2024-05-07 07:27:09
1048,click,2024-05-07 09:54:00
1048,view,2024-05-07 09:59:42
1048,view,2024-05-07 10:00:03
1048,view,2024-05-07 11:18:57
1048,click,2024-05-07 11:21:59
1048,view,2024-05-07 11:25:23
1049,view,2024-05-02 02:13:18
1049,view,2024-05-02 02:14:48
1049,click,2024-05-02 02:15:51
1049,view,2024-05-02 02:20:05
1049,view,2024-05-02 02:20:12
1049,purchase,2024-05-03 03:28:33
1049,view,2024-05-03 03:31:03
1049,purchase,2024-05-03 03:31:18
1049,click,2024-05-03 11:01:04
1049,click,2024-05-03 11:02:03
1049,view,2024-05-03 11:02:21
1049,view,2024-05-03 11:04:48
1049,purchase,2024-05-03 11:05:12
1049,view,2024-05-03 11:06:31
1049,view,2024-05-03 11:08:50
1049,view,2024-05-03 11:08:59
1049,click,2024-05-05 09:15:31
1049,view,2024-05-05 09:15:55
1049,view,2024-05-05 09:16:10
1049,click,2024-05-05 09:19:20
1049,view,2024-05-05 09:21:02
1049,click,2024-05-05 09:23:38
1049,view,2024-05-05 09:23:56
1049,view,2024-05-05 09:24:16
1049,view,2024-05-05 17:18:00
1049,view,2024-05-05 17:19:17
1049,click,2024-05-05 17:22:36
1049,click,2024-05-05 23:54:38
1049,view,2024-05-05 23:55:01
1049,view,2024-05-05 23:56:42
1049,view,2024-05-05 23:57:54
1049,view,2024-05-05 23:58:01
1049,view,2024-05-05 23:59:53
1049,view,2024-05-06 00:01:00
1049,view,2024-05-06 00:02:56
1049,view,2024-05-06 22:25:08
1049,click,2024-05-06 22:25:52
1049,click,2024-05-06 22:26:13
1049,view,2024-05-06 22:31:41
1049,purchase,2024-05-06 22:31:55
1049,view,2024-05-06 22:33:24
1049,view,2024-05-06 22:33:39
1049,view,2024-05-07 06:43:33
1049,view,2024-05-07 06:46:38
1049,click,2024-05-07 06:49:47
1050,click,2024-05-01 05:15:45
1050,click,2024-05-01 05:20:04
1050,click,2024-05-01 05:20:04
1050,view,2024-05-01 05:20:32
1050,view,2024-05-01 05:22:39
1050,click,2024-05-01 05:23:38
1050,view,2024-05-01 19:27:47
1050,view,2024-05-01 19:29:22
1050,purchase,2024-05-01 19:32:57
1050,click,2024-05-01 23:58:54
1050,view,2024-05-01 23:59:09
1050,view,2024-05-02 00:02:28
1050,purchase,2024-05-02 00:02:34
1050,view,2024-05-02 00:03:31
1050,view,2024-05-02 00:06:20
1050,click,2024-05-02 11:55:17
1050,view,2024-05-02 11:56:54
1050,click,2024-05-02 11:58:29
1050,view,2024-05-02 11:59:23
1050,view,2024-05-02 12:00:08
1050,click,2024-05-02 16:18:41
1050,view,2024-05-02 16:24:40
1050,click,2024-05-02 16:25:55
1050,view,2024-05-03 11:18:26
1050,view,2024-05-03 11:18:35
1050,view,2024-05-03 11:18:51
1050,click,2024-05-03 11:19:55
1050,click,2024-05-03 11:23:14
1050,view,2024-05-03 11:24:39
1050,view,2024-05-03 11:27:46
1050,view,2024-05-03 11:28:07
1050,view,2024-05-03 11:32:44
1050,view,2024-05-03 11:33:10
1050,view,2024-05-03 11:34:22
1050,purchase,2024-05-03 16:50:16
1050,click,2024-05-03 16:52:49
1050,view,2024-05-03 16:52:50
1050,click,2024-05-03 16:53:07
1050,click,2024-05-03 16:53:53
1050,view,2024-05-03 16:55:22
1050,view,2024-05-03 16:56:26
1050,click,2024-05-04 07:28:47
1050,view,2024-05-04 07:31:13
1050,purchase,2024-05-04 07:31:55
1050,purchase,2024-05-04 07:34:20
1050,click,2024-05-04 07:35:46
1050,view,2024-05-04 11:10:46
1050,view,2024-05-04 11:10:55
1050,view,2024-05-04 11:12:45
1050,view,2024-05-04 11:13:54
1050,view,2024-05-04 11:15:06
1050,view,2024-05-04 11:15:50
1050,click,2024-05-04 23:17:35
1050,view,2024-05-04 23:18:22
1050,view,2024-05-04 23:18:44
1050,click,2024-05-04 23:19:50
1050,view,2024-05-04 23:22:07
1050,view,2024-05-04 23:22:26
1050,view,2024-05-04 23:22:45
1050,view,2024-05-06 19:40:18
1050,purchase,2024-05-06 19:41:44
1050,view,2024-05-06 19:41:50
1050,click,2024-05-06 19:41:58
1050,view,2024-05-06 19:42:20
1050,view,2024-05-06 19:43:48
1050,view,2024-05-06 19:44:01
1050,view,2024-05-06 19:45:03
1050,purchase,2024-05-06 19:45:39
1050,view,2024-05-07 09:29:24
1050,purchase,2024-05-07 09:29:26
1050,view,2024-05-07 09:34:34
1050,view,2024-05-07 09:35:03
1050,click,2024-05-07 09:35:55
1050,view,2024-05-07 09:36:52
1050,view,2024-05-07 09:37:03
1050,view,2024-05-07 09:38:26
1050,view,2024-05-07 21:29:02
1050,purchase,2024-05-07 21:30:30
1050,view,2024-05-07 21:31:24
1050,click,2024-05-07 21:31:40
1050,view,2024-05-07 21:33:04
1050,view,2024-05-07 21:36:07
1050,view,2024-05-07 21:36:14
1050,view,2024-05-07 21:36:33
1050,click,2024-05-07 21:37:54
1051,purchase,2024-05-01 19:03:15
1051,view,2024-05-01 19:04:28
1051,view,2024-05-01 19:04:56
1051,view,2024-05-01 19:05:00
1051,click,2024-05-01 19:05:06
1051,view,2024-05-01 19:05:08
1051,view,2024-05-01 19:05:29
1051,view,2024-05-01 19:10:49
1051,view,2024-05-02 13:09:38
1051,view,2024-05-02 13:09:50
1051,view,2024-05-02 13:12:41
1051,click,2024-05-02 13:14:41
1051,click,2024-05-02 13:17:31
1051,view,2024-05-04 03:37:34
1051,view,2024-05-04 03:45:19
1051,view,2024-05-04 03:46:49
1051,click,2024-05-04 03:46:49
1051,view,2024-05-05 01:20:57
1051,view,2024-05-05 01:27:35
1051,view,2024-05-05 01:28:08
1051,view,2024-05-05 09:32:11
1051,view,2024-05-05 09:33:17
1051,purchase,2024-05-05 09:34:23
1051,purchase,2024-05-05 09:36:14
1051,view,2024-05-05 09:37:38
1051,purchase,2024-05-06 14:41:45
1051,purchase,2024-05-06 14:45:16
1051,purchase,2024-05-06 14:45:25
1051,click,2024-05-06 14:49:20
1051,view,2024-05-06 14:49:21
1051,purchase,2024-05-07 01:18:10
1051,view,2024-05-07 01:18:13
1051,view,2024-05-07 01:18:58
1051,click,2024-05-07 01:21:11
1051,click,2024-05-07 01:21:28
1051,click,2024-05-07 01:21:31
1051,purchase,2024-05-07 01:21:34
1051,view,2024-05-07 01:25:50
1052,view,2024-05-01 00:07:57
1052,click,2024-05-01 00:08:58
1052,view,2024-05-01 00:09:06
1052,view,2024-05-01 00:10:46
1052,click,2024-05-01 16:31:33
1052,view,2024-05-01 16:31:43
1052,click,2024-05-01 16:33:17
1052,click,2024-05-01 16:36:03
1052,view,2024-05-01 16:36:51
1052,view,2024-05-01 16:37:32
1052,view,2024-05-01 16:38:45
1052,click,2024-05-01 16:40:13
1052,view,2024-05-01 16:40:36
1052,view,2024-05-02 00:33:57
1052,click,2024-05-02 00:34:27
1052,click,2024-05-02 00:37:46
1052,view,2024-05-02 02:54:00
1052,view,2024-05-02 02:55:37
1052,view,2024-05-02 02:56:27
1052,click,2024-05-02 02:57:56
1052,purchase,2024-05-02 19:10:08
1052,purchase,2024-05-02 19:11:10
1052,click,2024-05-02 19:15:05
1052,click,2024-05-03 19:51:01
1052,click,2024-05-03 19:51:32
1052,view,2024-05-03 19:52:04
1052,view,2024-05-03 19:52:14
1052,click,2024-05-03 19:54:19
1052,view,2024-05-03 19:55:24
1052,click,2024-05-03 19:57:05
1052,view,2024-05-03 19:59:10
1052,view,2024-05-04 12:02:08
1052,view,2024-05-04 12:03:16
1052,view,2024-05-04 12:05:02
1052,view,2024-05-04 12:07:24
1052,click,2024-05-04 12:09:21
1052,purchase,2024-05-04 12:10:08
1052,view,2024-05-04 12:10:17
1052,click,2024-05-04 13:37:15
1052,view,2024-05-04 13:41:20
1052,view,2024-05-04 13:43:15
1052,view,2024-05-05 00:57:34
1052,view,2024-05-05 00:58:18
1052,view,2024-05-05 01:01:06
1052,view,2024-05-05 01:01:49
1052,view,2024-05-05 01:03:35
1052,view,2024-05-05 01:04:58
1052,view,2024-05-05 01:05:05
1052,view,2024-05-05 01:06:36
1052,view,2024-05-05 14:30:35
1052,view,2024-05-05 14:31:29
1052,view,2024-05-05 14:31:51
1052,purchase,2024-05-05 14:34:11
1052,click,2024-05-05 14:35:30
1052,view,2024-05-05 14:38:52
1052,click,2024-05-05 14:39:24
1052,view,2024-05-05 22:20:54
1052,click,2024-05-05 22:22:02
1052,view,2024-05-05 22:22:43
1052,view,2024-05-05 22:25:28
1052,view,2024-05-05 22:25:57
1052,view,2024-05-05 22:27:11
1052,view,2024-05-05 22:29:41
1052,view,2024-05-05 22:29:54
1052,click,2024-05-06 08:21:59
1052,click,2024-05-06 08:23:25
1052,view,2024-05-06 08:23:55
1052,click,2024-05-06 08:24:24
1052,view,2024-05-06 08:25:17
1052,click,2024-05-06 08:26:06
1052,purchase,2024-05-06 08:26:26
1052,view,2024-05-06 08:28:27
1053,purchase,2024-05-01 06:06:21
1053,view,2024-05-01 06:07:49
1053,purchase,2024-05-01 06:10:31
1053,click,2024-05-01 06:12:21
1053,view,2024-05-01 06:12:38
1053,purchase,2024-05-01 06:14:19
1053,view,2024-05-01 06:14:23
1053,purchase,2024-05-01 12:19:46
1053,click,2024-05-01 12:21:03
1053,view,2024-05-01 12:21:35
1053,view,2024-05-01 12:22:54
1053,view,2024-05-01 12:24:36
1053,view,2024-05-01 12:24:50
1053,view,2024-05-01 12:26:27
1053,click,2024-05-01 17:12:20
1053,purchase,2024-05-01 17:13:29
1053,purchase,2024-05-01 17:14:01
1053,view,2024-05-01 17:20:02
1053,click,2024-05-01 19:10:23
1053,click,2024-05-01 19:11:41
1053,view,2024-05-01 19:14:35
1053,click,2024-05-01 19:14:45
1053,view,2024-05-01 19:15:02
1053,view,2024-05-01 19:15:37
1053,click,2024-05-02 15:26:17
1053,view,2024-05-02 15:27:55
1053,click,2024-05-02 15:28:05
1053,view,2024-05-02 15:30:48
1053,view,2024-05-02 23:07:51
1053,view,2024-05-02 23:08:17
1053,click,2024-05-02 23:08:41
1053,view,2024-05-02 23:08:52
1053,view,2024-05-03 00:34:01
1053,view,2024-05-03 00:35:43
1053,view,2024-05-03 00:38:56
1053,view,2024-05-04 21:25:29
1053,click,2024-05-04 21:26:26
1053,view,2024-05-04 21:26:55
1053,click,2024-05-04 21:27:40
1053,view,2024-05-04 21:31:38
1053,purchase,2024-05-04 21:31:39
1053,view,2024-05-04 21:32:07
1053,view,2024-05-04 21:32:43
1053,view,2024-05-04 21:34:52
1053,view,2024-05-06 05:35:28
1053,click,2024-05-06 05:38:32
1053,click,2024-05-06 05:39:08
1053,view,2024-05-06 05:40:02
1053,view,2024-05-06 05:44:45
1053,view,2024-05-06 06:49:56
1053,click,2024-05-06 06:53:47
1053,view,2024-05-06 06:55:11
1053,click,2024-05-07 02:52:02
1053,view,2024-05-07 02:52:28
1053,view,2024-05-07 02:57:05
1053,view,2024-05-07 02:58:44
1053,click,2024-05-07 02:58:51
1053,click,2024-05-07 22:31:14
1053,click,2024-05-07 22:33:18
1053,view,2024-05-07 22:38:46
1054,view,2024-05-01 08:39:11
1054,view,2024-05-01 08:39:14
1054,view,2024-05-01 08:41:40
1054,view,2024-05-01 08:41:59
1054,purchase,2024-05-01 08:45:02
1054,view,2024-05-01 08:45:59
1054,view,2024-05-03 16:32:46
1054,click,2024-05-03 16:37:13
1054,click,2024-05-03 16:37:15
1054,click,2024-05-03 16:37:59
1054,click,2024-05-03 16:39:22
1054,view,2024-05-03 16:39:24
1054,view,2024-05-03 16:40:29
1054,view,2024-05-03 16:41:01
1054,view,2024-05-03 22:16:32
1054,click,2024-05-03 22:16:44
1054,view,2024-05-03 22:19:07
1054,click,2024-05-03 22:20:19
1054,view,2024-05-03 22:20:55
1054,click,2024-05-03 22:23:12
1054,view,2024-05-03 22:23:12
1054,click,2024-05-03 22:24:33
1054,view,2024-05-04 11:52:11
1054,click,2024-05-04 11:53:23
1054,view,2024-05-04 11:55:03
1054,click,2024-05-04 13:33:25
1054,view,2024-05-04 13:35:59
1054,view,2024-05-04 13:37:12
1054,view,2024-05-04 13:37:57
1054,view,2024-05-04 13:38:12
1054,view,2024-05-04 13:38:21
1054,view,2024-05-04 13:40:26
1054,view,2024-05-04 13:41:29
1054,click,2024-05-05 13:56:50
1054,click,2024-05-05 13:59:07
1054,view,2024-05-05 14:00:06
1054,view,2024-05-05 14:00:28
1054,click,2024-05-05 14:00:59
1054,click,2024-05-05 14:02:48
1054,click,2024-05-05 14:03:07
1054,view,2024-05-05 14:03:51
1054,view,2024-05-05 15:12:17
1054,click,2024-05-05 15:12:40
1054,view,2024-05-05 15:16:44
1054,click,2024-05-05 15:16:49
1054,view,2024-05-06 17:43:55
1054,view,2024-05-06 17:46:02
1054,view,2024-05-06 17:46:11
1054,view,2024-05-06 17:46:38
1054,click,2024-05-06 17:48:09
1054,view,2024-05-06 17:50:10
1054,click,2024-05-06 17:51:29
1054,view,2024-05-06 17:52:49
1054,view,2024-05-06 17:52:54
1054,view,2024-05-06 22:12:16
1054,purchase,2024-05-06 22:13:00
1054,click,2024-05-06 22:14:59
1054,view,2024-05-06 22:14:59
1054,view,2024-05-06 22:15:27
1054,click,2024-05-07 06:08:10
1054,view,2024-05-07 06:10:52
1054,view,2024-05-07 06:13:48
1054,view,2024-05-07 06:14:33
1054,click,2024-05-07 06:15:22
1054,view,2024-05-07 06:15:49
1055,purchase,2024-05-01 12:59:34
1055,purchase,2024-05-01 13:04:21
1055,view,2024-05-01 13:06:10
1055,view,2024-05-01 13:07:37
1055,click,2024-05-01 13:08:09
1055,click,2024-05-03 10:46:13
1055,view,2024-05-03 10:49:38
1055,view,2024-05-03 10:52:23
1055,view,2024-05-05 04:47:50
1055,click,2024-05-05 04:53:03
1055,view,2024-05-05 04:54:25
1055,view,2024-05-05 04:55:17
1055,purchase,2024-05-05 04:55:30
1055,view,2024-05-05 20:51:32
1055,view,2024-05-05 20:59:14
1055,view,2024-05-05 21:00:56
1055,view,2024-05-05 23:42:26
1055,view,2024-05-05 23:47:44
1055,click,2024-05-05 23:48:50
1055,view,2024-05-05 23:50:28
1056,view,2024-05-01 05:22:58
1056,view,2024-05-01 05:25:18
1056,view,2024-05-01 05:27:06
1056,view,2024-05-01 05:27:24
1056,view,2024-05-01 05:29:16
1056,view,2024-05-01 06:20:14
1056,view,2024-05-01 06:22:58
1056,purchase,2024-05-01 06:26:11
1056,click,2024-05-01 13:42:38
1056,view,2024-05-01 13:45:37
1056,click,2024-05-01 13:51:30
1056,view,2024-05-03 19:55:13
1056,view,2024-05-03 19:55:45
1056,view,2024-05-03 19:59:07
1056,view,2024-05-03 19:59:25
1056,view,2024-05-03 20:01:55
1056,click,2024-05-04 16:34:27
1056,view,2024-05-04 16:39:13
1056,view,2024-05-04 16:39:45
1056,click,2024-05-04 16:40:07
1056,view,2024-05-04 16:41:07
1056,view,2024-05-06 02:31:33
1056,view,2024-05-06 02:33:21
1056,view,2024-05-06 02:37:31
1056,click,2024-05-06 02:38:36
1056,click,2024-05-06 02:38:55
1056,click,2024-05-06 02:39:40
1056,click,2024-05-06 02:40:18
1056,click,2024-05-06 02:40:25
1056,view,2024-05-06 02:40:38
1057,purchase,2024-05-02 20:08:00
1057,view,2024-05-02 20:11:03
1057,view,2024-05-02 20:12:17
1057,view,2024-05-02 20:14:53
1057,view,2024-05-03 08:35:34
1057,purchase,2024-05-03 08:38:08
1057,view,2024-05-03 08:40:44
1057,view,2024-05-03 08:41:02
1057,click,2024-05-03 08:42:17
1057,view,2024-05-03 08:42:55
1057,click,2024-05-04 15:16:59
1057,view,2024-05-04 15:17:24
1057,view,2024-05-04 15:19:51
1057,view,2024-05-04 15:20:53
1057,click,2024-05-04 15:21:41
1057,view,2024-05-04 15:23:00
1057,view,2024-05-04 15:24:06
1057,view,2024-05-05 00:14:39
1057,click,2024-05-05 00:14:43
1057,view,2024-05-05 00:16:15
1057,view,2024-05-05 00:18:35
1057,click,2024-05-05 00:18:59
1057,view,2024-05-05 00:19:24
1057,purchase,2024-05-05 00:21:13
1057,view,2024-05-05 00:21:14
1057,purchase,2024-05-05 02:05:40
1057,view,2024-05-05 02:05:42
1057,view,2024-05-05 02:06:21
1057,view,2024-05-05 02:06:22
1057,view,2024-05-05 02:06:29
1057,view,2024-05-05 02:08:06
1057,click,2024-05-05 02:11:49
1057,click,2024-05-05 02:14:30
1057,view,2024-05-05 02:14:38
1057,click,2024-05-05 17:17:53
1057,purchase,2024-05-05 17:18:57
1057,purchase,2024-05-05 17:19:55
1057,click,2024-05-05 17:20:52
1057,view,2024-05-05 17:23:55
1057,view,2024-05-05 17:25:00
1057,purchase,2024-05-05 17:26:17
1057,click,2024-05-05 23:02:02
1057,view,2024-05-05 23:02:51
1057,click,2024-05-05 23:03:05
1057,click,2024-05-05 23:03:16
1057,click,2024-05-05 23:08:58
1057,view,2024-05-06 01:46:31
1057,view,2024-05-06 01:46:51
1057,view,2024-05-06 01:48:10
1057,click,2024-05-06 05:50:07
1057,view,2024-05-06 05:51:07
1057,view,2024-05-06 05:54:32
1057,view,2024-05-06 05:54:36
1057,click,2024-05-06 19:05:26
1057,view,2024-05-06 19:05:28
1057,click,2024-05-06 19:06:11
1057,click,2024-05-06 19:07:27
1057,view,2024-05-06 19:07:43
1057,view,2024-05-06 19:08:45
1058,click,2024-05-01 05:49:48
1058,view,2024-05-01 05:51:01
1058,purchase,2024-05-01 05:51:11
1058,view,2024-05-01 05:51:51
1058,view,2024-05-01 05:53:07
1058,click,2024-05-01 05:53:17
1058,click,2024-05-01 05:53:30
1058,view,2024-05-01 05:53:53
1058,click,2024-05-01 05:56:07
1058,view,2024-05-01 06:32:54
1058,view,2024-05-01 06:33:35
1058,view,2024-05-01 06:34:09
1058,click,2024-05-01 06:35:49
1058,click,2024-05-01 06:39:14
1058,view,2024-05-01 07:52:48
1058,view,2024-05-01 07:54:11
1058,purchase,2024-05-01 07:57:09
1058,view,2024-05-01 11:01:32
1058,view,2024-05-01 11:02:12
1058,click,2024-05-01 11:02:40
1058,view,2024-05-01 11:07:29
1058,view,2024-05-02 06:52:40
1058,click,2024-05-02 06:53:17
1058,view,2024-05-02 06:55:00
1058,view,2024-05-02 06:56:35
1058,view,2024-05-02 06:58:19
1058,click,2024-05-02 06:59:35
1058,view,2024-05-03 06:07:11
1058,purchase,2024-05-03 06:07:47
1058,click,2024-05-03 06:07:50
1058,view,2024-05-03 06:08:56
1058,click,2024-05-03 06:09:39
1058,view,2024-05-03 06:09:41
1058,view,2024-05-03 06:09:45
1058,view,2024-05-03 06:09:59
1058,click,2024-05-03 06:11:45
1058,view,2024-05-04 02:33:10
1058,click,2024-05-04 02:34:57
1058,view,2024-05-04 02:35:12
1058,view,2024-05-04 02:35:15
1058,view,2024-05-04 02:37:19
1058,click,2024-05-04 02:38:49
1058,view,2024-05-04 02:39:42
1058,click,2024-05-04 05:51:42
1058,view,2024-05-04 05:52:15
1058,click,2024-05-04 05:52:40
1058,click,2024-05-04 05:52:49
1058,view,2024-05-04 05:53:46
1058,click,2024-05-04 05:56:31
1058,view,2024-05-04 05:56:31
1058,view,2024-05-04 05:57:31
1058,view,2024-05-05 14:10:01
1058,click,2024-05-05 14:11:09
1058,purchase,2024-05-05 14:12:47
1058,view,2024-05-05 22:48:11
1058,click,2024-05-05 22:48:15
1058,click,2024-05-05 22:55:24
1058,view,2024-05-06 21:13:24
1058,view,2024-05-06 21:15:24
1058,click,2024-05-06 21:16:03
1058,view,2024-05-06 21:16:36
1058,purchase,2024-05-06 21:19:37
1058,view,2024-05-06 21:20:38
1058,purchase,2024-05-06 21:21:17
1058,view,2024-05-06 21:21:40
1058,view,2024-05-06 21:22:58
1058,view,2024-05-07 22:38:06
1058,view,2024-05-07 22:39:34
1058,view,2024-05-07 22:41:50
1058,view,2024-05-07 22:44:15
1059,view,2024-05-01 07:01:34
1059,view,2024-05-01 07:02:33
1059,click,2024-05-01 07:03:01
1059,purchase,2024-05-01 07:03:17
1059,purchase,2024-05-01 08:39:39
1059,click,2024-05-01 08:39:44
1059,view,2024-05-01 08:40:05
1059,click,2024-05-01 08:40:32
1059,view,2024-05-01 08:44:04
1059,view,2024-05-01 12:40:54
1059,view,2024-05-01 12:41:18
1059,view,2024-05-01 12:42:53
1059,click,2024-05-01 12:43:08
1059,view,2024-05-01 12:44:59
1059,view,2024-05-01 12:46:33
1059,purchase,2024-05-02 03:36:32
1059,click,2024-05-02 03:38:15
1059,click,2024-05-02 03:39:15
1059,view,2024-05-02 03:39:55
1059,click,2024-05-02 03:42:51
1059,view,2024-05-02 03:43:05
1059,click,2024-05-02 03:44:41
1059,purchase,2024-05-02 03:44:57
1059,purchase,2024-05-04 13:08:15
1059,view,2024-05-04 13:09:50
1059,view,2024-05-04 13:10:41
1059,click,2024-05-04 13:12:14
1059,click,2024-05-04 13:15:06
1059,view,2024-05-05 16:44:36
1059,view,2024-05-05 16:46:02
1059,view,2024-05-05 16:49:23
1059,view,2024-05-05 23:29:02
1059,view,2024-05-05 23:29:39
1059,view,2024-05-05 23:30:23
1059,view,2024-05-05 23:30:28
1059,purchase,2024-05-05 23:30:35
1059,view,2024-05-05 23:30:59
1059,view,2024-05-05 23:33:47
1059,view,2024-05-05 23:34:34
1059,click,2024-05-05 23:35:38
1059,view,2024-05-06 01:22:16
1059,view,2024-05-06 01:26:04
1059,click,2024-05-06 01:26:40
1059,click,2024-05-06 01:29:46
1059,click,2024-05-06 08:21:17
1059,view,2024-05-06 08:24:51
1059,view,2024-05-06 08:25:58
1059,view,2024-05-06 08:26:52
1059,view,2024-05-07 09:20:09
1059,view,2024-05-07 09:25:14
1059,view,2024-05-07 09:25:55
1059,purchase,2024-05-07 09:26:42
1059,view,2024-05-07 09:27:36
1059,click,2024-05-07 09:27:37
1059,view,2024-05-07 09:27:45
1060,click,2024-05-01 08:15:29
1060,purchase,2024-05-01 08:17:03
1060,click,2024-05-01 08:17:54
1060,view,2024-05-01 08:18:52
1060,click,2024-05-01 08:19:40
1060,view,2024-05-01 08:21:28
1060,view,2024-05-01 08:21:37
1060,view,2024-05-01 11:51:20
1060,view,2024-05-01 11:51:36
1060,view,2024-05-01 11:52:45
1060,view,2024-05-01 11:53:42
1060,view,2024-05-02 16:17:09
1060,view,2024-05-02 16:18:07
1060,click,2024-05-02 16:18:37
1060,click,2024-05-02 16:19:06
1060,click,2024-05-02 16:22:09
1060,view,2024-05-02 18:40:53
1060,view,2024-05-02 18:41:01
1060,view,2024-05-02 18:41:27
1060,view,2024-05-02 18:43:02
1060,view,2024-05-02 18:44:00
1060,purchase,2024-05-02 18:45:14
1060,purchase,2024-05-02 18:45:21
1060,view,2024-05-02 18:46:15
1060,view,2024-05-02 18:47:06
1060,view,2024-05-04 05:34:35
1060,view,2024-05-04 05:35:51
1060,view,2024-05-04 05:37:20
1060,purchase,2024-05-04 05:39:14
1060,view,2024-05-04 05:40:14
1060,view,2024-05-04 05:41:10
1060,view,2024-05-04 05:41:49
1060,view,2024-05-04 05:43:50
1060,click,2024-05-04 20:29:35
1060,view,2024-05-04 20:31:45
1060,view,2024-05-04 20:33:17
1060,view,2024-05-04 20:35:29
1060,click,2024-05-04 20:35:31
1060,click,2024-05-04 20:35:52
1060,view,2024-05-04 20:36:46
1060,click,2024-05-04 20:37:06
1060,click,2024-05-04 20:38:10
1060,click,2024-05-05 19:13:08
1060,click,2024-05-05 19:16:06
1060,purchase,2024-05-05 19:17:29
1060,view,2024-05-06 05:20:02
1060,click,2024-05-06 05:20:09
1060,view,2024-05-06 05:20:16
1060,view,2024-05-06 05:23:31
1060,click,2024-05-07 13:41:28
1060,view,2024-05-07 13:42:45
1060,view,2024-05-07 13:43:18
1060,view,2024-05-07 13:44:53
1060,view,2024-05-07 13:45:24
1060,click,2024-05-07 13:46:51
1060,view,2024-05-07 13:48:12
1060,click,2024-05-07 13:48:19
1060,view,2024-05-07 13:48:32
1060,click,2024-05-07 19:56:35
1060,purchase,2024-05-07 19:58:02
1060,view,2024-05-07 19:59:02
1060,click,2024-05-07 19:59:37
1060,view,2024-05-07 20:01:09
1060,view,2024-05-07 20:04:24
1061,view,2024-05-01 06:41:51
1061,purchase,2024-05-01 06:42:18
1061,view,2024-05-01 06:42:33
1061,view,2024-05-01 06:43:06
1061,view,2024-05-01 06:47:56
1061,click,2024-05-01 06:48:54
1061,view,2024-05-01 06:50:59
1061,view,2024-05-01 14:56:24
1061,view,2024-05-01 14:56:36
1061,purchase,2024-05-01 14:59:04
1061,click,2024-05-01 14:59:45
1061,click,2024-05-01 15:01:31
1061,view,2024-05-01 15:01:46
1061,click,2024-05-01 15:03:52
1061,view,2024-05-01 15:04:15
1061,view,2024-05-01 15:05:01
1061,view,2024-05-03 01:00:00
1061,view,2024-05-03 01:02:23
1061,click,2024-05-03 01:02:38
1061,view,2024-05-03 01:02:59
1061,click,2024-05-03 01:03:12
1061,view,2024-05-03 01:07:33
1061,view,2024-05-03 13:12:15
1061,view,2024-05-03 13:13:10
1061,view,2024-05-03 13:15:52
1061,click,2024-05-03 13:17:26
1061,click,2024-05-03 16:13:24
1061,view,2024-05-03 16:15:26
1061,view,2024-05-03 16:16:57
1061,click,2024-05-03 16:19:27
1061,view,2024-05-03 16:20:30
1061,view,2024-05-03 16:20:31
1061,view,2024-05-03 16:21:50
1061,view,2024-05-03 21:21:31
1061,view,2024-05-03 21:22:25
1061,view,2024-05-03 21:23:58
1061,view,2024-05-03 21:24:21
1061,view,2024-05-03 21:25:07
1061,view,2024-05-03 21:27:55
1061,view,2024-05-03 21:28:42
1061,view,2024-05-03 21:30:50
1061,click,2024-05-04 08:27:32
1061,view,2024-05-04 08:28:07
1061,view,2024-05-04 08:28:22
1061,view,2024-05-04 08:30:12
1061,view,2024-05-04 08:30:51
1061,click,2024-05-04 08:32:22
1061,click,2024-05-04 08:34:00
1061,click,2024-05-04 08:34:45
1061,view,2024-05-04 23:59:17
1061,click,2024-05-05 00:01:05
1061,click,2024-05-05 00:01:30
1061,view,2024-05-05 00:03:48
1061,click,2024-05-05 00:04:45
1061,click,2024-05-05 00:05:13
1061,view,2024-05-05 00:06:21
1061,click,2024-05-05 00:07:17
1061,view,2024-05-05 02:13:56
1061,view,2024-05-05 02:16:07
1061,view,2024-05-05 02:18:39
1061,view,2024-05-05 02:19:15
1061,view,2024-05-05 02:20:35
1061,click,2024-05-05 08:20:03
1061,view,2024-05-05 08:20:17
1061,view,2024-05-05 08:21:39
1061,purchase,2024-05-06 09:23:32
1061,view,2024-05-06 09:23:58
1061,view,2024-05-06 09:24:43
1061,view,2024-05-06 09:26:01
1061,purchase,2024-05-06 09:27:31
1062,click,2024-05-01 11:04:18
1062,view,2024-05-01 11:04:28
1062,click,2024-05-01 11:04:30
1062,click,2024-05-01 11:04:57
1062,click,2024-05-01 11:06:01
1062,view,2024-05-01 11:09:41
1062,click,2024-05-01 11:09:59
1062,view,2024-05-01 11:11:50
1062,click,2024-05-01 11:12:08
1062,click,2024-05-02 10:22:34
1062,view,2024-05-02 10:25:41
1062,view,2024-05-02 10:26:06
1062,click,2024-05-02 10:26:31
1062,view,2024-05-02 10:28:35
1062,purchase,2024-05-02 10:30:05
1062,view,2024-05-02 10:30:28
1062,purchase,2024-05-02 10:31:51
1062,click,2024-05-03 11:56:40
1062,view,2024-05-03 11:58:32
1062,view,2024-05-03 12:04:41
1062,view,2024-05-03 12:04:49
1062,view,2024-05-03 12:05:28
1062,click,2024-05-03 13:59:06
1062,view,2024-05-03 13:59:14
1062,view,2024-05-03 13:59:29
1062,view,2024-05-03 13:59:58
1062,view,2024-05-03 14:00:49
1062,purchase,2024-05-03 14:01:20
1062,click,2024-05-03 14:02:23
1062,click,2024-05-04 01:59:10
1062,click,2024-05-04 02:00:46
1062,view,2024-05-04 02:02:03
1062,view,2024-05-04 02:04:58
1062,view,2024-05-04 02:05:23
1062,purchase,2024-05-04 02:06:37
1062,view,2024-05-04 02:08:13
1062,view,2024-05-04 02:08:16
1062,view,2024-05-04 14:05:27
1062,view,2024-05-04 14:06:20
1062,view,2024-05-04 14:06:58
1062,click,2024-05-04 14:08:32
1062,click,2024-05-04 14:11:54
1062,click,2024-05-04 14:12:53
1062,view,2024-05-04 14:13:01
1062,purchase,2024-05-05 02:43:26
1062,view,2024-05-05 02:49:17
1062,click,2024-05-05 02:49:34
1062,view,2024-05-05 02:50:08
1062,click,2024-05-05 10:51:49
1062,click,2024-05-05 10:52:45
1062,view,2024-05-05 10:53:12
1062,purchase,2024-05-05 10:53:49
1062,click,2024-05-05 10:54:04
1062,click,2024-05-05 10:55:30
1062,click,2024-05-05 10:59:46
1062,view,2024-05-05 11:00:27
1062,view,2024-05-05 11:06:25
1062,view,2024-05-05 11:08:42
1062,view,2024-05-05 11:08:59
1062,view,2024-05-05 11:09:31
1062,view,2024-05-05 11:11:41
1062,view,2024-05-05 11:13:25
1062,click,2024-05-05 11:13:25
1062,click,2024-05-05 11:13:52
1062,click,2024-05-05 11:14:04
1062,purchase,2024-05-05 19:41:36
1062,view,2024-05-05 19:41:42
1062,view,2024-05-05 19:42:30
1062,view,2024-05-05 19:44:29
1062,click,2024-05-05 19:45:08
1062,click,2024-05-05 19:46:00
1062,purchase,2024-05-05 19:48:46
1062,view,2024-05-05 19:49:09
1062,view,2024-05-05 19:50:00
1062,click,2024-05-06 06:13:22
1062,click,2024-05-06 06:15:33
1062,click,2024-05-06 06:16:30
1062,view,2024-05-06 06:17:11
1062,view,2024-05-06 06:17:30
1062,view,2024-05-06 12:26:49
1062,click,2024-05-06 12:27:31
1062,view,2024-05-06 12:28:44
1062,view,2024-05-06 12:33:31
1062,view,2024-05-06 14:36:10
1062,view,2024-05-06 14:38:08
1062,view,2024-05-06 14:45:27
1062,view,2024-05-06 23:06:51
1062,click,2024-05-06 23:08:55
1062,click,2024-05-06 23:09:42
1062,view,2024-05-06 23:12:37
1062,view,2024-05-06 23:12:51
1062,click,2024-05-06 23:13:06
1062,view,2024-05-06 23:14:19
1062,view,2024-05-07 06:35:50
1062,click,2024-05-07 06:36:46
1062,view,2024-05-07 06:36:54
1062,view,2024-05-07 06:40:33
1062,purchase,2024-05-07 06:41:18
1062,click,2024-05-07 06:43:29
1063,click,2024-05-01 20:42:06
1063,view,2024-05-01 20:43:07
1063,click,2024-05-01 20:43:10
1063,view,2024-05-01 20:44:13
1063,view,2024-05-01 20:45:56
1063,view,2024-05-01 20:48:04
1063,view,2024-05-02 16:59:37
1063,click,2024-05-02 17:00:27
1063,view,2024-05-02 17:00:30
1063,purchase,2024-05-02 17:02:34
1063,view,2024-05-02 17:03:35
1063,click,2024-05-02 17:06:15
1063,view,2024-05-02 17:06:26
1063,click,2024-05-02 17:08:37
1063,view,2024-05-03 04:01:09
1063,view,2024-05-03 04:01:30
1063,click,2024-05-03 04:02:20
1063,view,2024-05-03 04:03:23
1063,click,2024-05-03 04:05:14
1063,view,2024-05-04 15:09:39
1063,view,2024-05-04 15:09:50
1063,view,2024-05-04 15:10:35
1063,view,2024-05-04 15:13:32
1063,purchase,2024-05-04 15:14:07
1063,view,2024-05-04 15:14:23
1063,click,2024-05-04 15:14:57
1063,click,2024-05-04 15:17:00
1063,purchase,2024-05-06 08:35:44
1063,click,2024-05-06 08:37:15
1063,view,2024-05-06 08:37:38
1063,click,2024-05-06 08:39:06
1063,view,2024-05-06 08:39:29
1063,view,2024-05-06 08:42:04
1063,click,2024-05-06 08:43:38
1063,click,2024-05-07 12:56:12
1063,click,2024-05-07 12:58:48
1063,view,2024-05-07 13:00:29
1063,view,2024-05-07 13:01:20
1063,view,2024-05-07 13:01:50
1063,click,2024-05-07 13:03:41
1063,view,2024-05-07 13:04:19
1063,view,2024-05-07 13:05:39
1064,view,2024-05-04 02:04:21
1064,click,2024-05-04 02:06:31
1064,purchase,2024-05-04 02:08:02
1064,click,2024-05-04 02:08:22
1064,view,2024-05-04 06:13:23
1064,view,2024-05-04 06:13:35
1064,purchase,2024-05-04 06:13:55
1064,view,2024-05-04 06:14:28
1064,view,2024-05-04 06:15:43
1064,click,2024-05-04 06:16:35
1064,click,2024-05-04 06:17:41
1064,view,2024-05-04 06:17:44
1064,view,2024-05-04 06:18:16
1064,view,2024-05-04 17:31:37
1064,purchase,2024-05-04 17:32:27
1064,view,2024-05-04 17:32:29
1064,view,2024-05-04 17:32:48
1064,view,2024-05-04 17:33:31
1064,click,2024-05-04 17:34:18
1064,click,2024-05-04 17:34:26
1064,view,2024-05-04 17:36:12
1064,view,2024-05-04 17:37:40
1064,click,2024-05-05 00:21:35
1064,view,2024-05-05 00:23:19
1064,view,2024-05-05 00:25:42
1064,view,2024-05-05 00:26:35
1064,click,2024-05-05 00:26:56
1064,view,2024-05-05 00:28:50
1064,click,2024-05-05 00:29:46
1064,click,2024-05-05 10:43:31
1064,view,2024-05-05 10:48:08
1064,view,2024-05-05 10:49:00
1064,view,2024-05-05 21:15:48
1064,click,2024-05-05 21:17:18
1064,click,2024-05-05 21:17:50
1064,purchase,2024-05-05 21:18:25
1064,click,2024-05-05 21:19:34
1064,view,2024-05-05 21:22:35
1064,click,2024-05-05 21:24:56
1064,view,2024-05-07 03:16:44
1064,view,2024-05-07 03:16:50
1064,view,2024-05-07 03:19:47
1064,click,2024-05-07 03:22:48
1064,click,2024-05-07 03:24:35
1064,view,2024-05-07 03:24:42
1064,click,2024-05-07 14:06:19
1064,click,2024-05-07 14:07:29
1064,view,2024-05-07 14:08:46
1064,click,2024-05-07 14:11:48
1064,click,2024-05-07 14:13:45
1064,view,2024-05-07 15:39:17
1064,click,2024-05-07 15:40:42
1064,purchase,2024-05-07 15:41:29
1064,click,2024-05-07 15:46:09
1064,view,2024-05-07 15:47:07
1064,click,2024-05-07 15:47:50
1064,purchase,2024-05-07 15:48:14
1065,view,2024-05-01 02:10:47
1065,view,2024-05-01 02:11:27
1065,click,2024-05-01 02:16:43
1065,click,2024-05-01 02:19:53
1065,click,2024-05-01 15:20:54
1065,view,2024-05-01 15:21:28
1065,view,2024-05-01 15:23:49
1065,view,2024-05-01 15:24:44
1065,view,2024-05-01 15:26:59
1065,purchase,2024-05-01 15:27:42
1065,click,2024-05-01 15:28:05
1065,click,2024-05-01 15:28:21
1065,view,2024-05-01 15:28:34
1065,click,2024-05-01 16:13:46
1065,click,2024-05-01 16:19:17
1065,view,2024-05-01 16:20:04
1065,view,2024-05-01 16:23:00
1065,view,2024-05-01 23:29:10
1065,view,2024-05-01 23:36:42
1065,view,2024-05-01 23:38:55
1065,view,2024-05-01 23:40:13
1065,view,2024-05-01 23:40:36
1065,view,2024-05-01 23:40:49
1065,view,2024-05-01 23:41:38
1065,click,2024-05-01 23:42:57
1065,view,2024-05-01 23:45:29
1065,click,2024-05-01 23:45:31
1065,click,2024-05-02 02:21:22
1065,click,2024-05-02 02:22:26
1065,view,2024-05-02 02:23:06
1065,click,2024-05-02 02:23:44
1065,view,2024-05-02 02:23:50
1065,view,2024-05-02 02:24:10
1065,click,2024-05-02 02:25:55
1065,click,2024-05-02 02:26:15
1065,view,2024-05-02 02:27:06
1065,view,2024-05-02 03:51:45
1065,view,2024-05-02 03:52:10
1065,click,2024-05-02 03:52:37
1065,view,2024-05-02 03:52:56
1065,view,2024-05-02 03:53:46
1065,click,2024-05-02 03:54:18
1065,click,2024-05-02 03:55:19
1065,click,2024-05-02 03:57:30
1065,view,2024-05-02 07:56:14
1065,view,2024-05-02 07:58:44
1065,view,2024-05-02 08:00:34
1065,view,2024-05-03 21:18:40
1065,click,2024-05-03 21:18:49
1065,view,2024-05-03 21:18:56
1065,view,2024-05-03 21:20:03
1065,view,2024-05-03 21:21:18
1065,view,2024-05-03 21:25:44
1065,purchase,2024-05-03 21:26:04
1065,click,2024-05-03 21:26:46
1065,view,2024-05-04 12:55:26
1065,view,2024-05-04 12:56:11
1065,view,2024-05-04 12:58:18
1065,view,2024-05-06 10:54:44
1065,view,2024-05-06 10:55:49
1065,click,2024-05-06 10:56:03
1065,click,2024-05-06 10:57:00
1065,click,2024-05-06 11:00:17
1065,view,2024-05-06 11:01:18
1066,view,2024-05-01 01:21:16
1066,click,2024-05-01 01:21:20
1066,purchase,2024-05-01 01:21:33
1066,view,2024-05-01 01:22:28
1066,view,2024-05-01 01:24:44
1066,view,2024-05-01 01:25:11
1066,purchase,2024-05-01 01:26:55
1066,purchase,2024-05-01 01:27:25
1066,view,2024-05-01 01:29:52
1066,click,2024-05-01 01:37:51
1066,view,2024-05-01 01:37:59
1066,view,2024-05-01 01:41:54
1066,view,2024-05-01 01:42:16
1066,view,2024-05-01 01:42:30
1066,view,2024-05-01 01:42:31
1066,view,2024-05-01 01:42:50
1066,view,2024-05-01 06:36:25
1066,click,2024-05-01 06:36:37
1066,view,2024-05-01 06:37:42
1066,purchase,2024-05-01 06:38:27
1066,click,2024-05-01 06:42:40
1066,click,2024-05-01 06:43:03
1066,purchase,2024-05-01 06:44:52
1066,purchase,2024-05-01 06:45:25
1066,view,2024-05-01 23:40:34
1066,view,2024-05-01 23:40:42
1066,click,2024-05-01 23:44:55
1066,view,2024-05-01 23:47:23
1066,click,2024-05-04 03:06:09
1066,purchase,2024-05-04 03:09:38
1066,view,2024-05-04 03:10:17
1066,click,2024-05-04 04:18:13
1066,view,2024-05-04 04:18:29
1066,click,2024-05-04 04:19:08
1066,purchase,2024-05-04 04:19:46
1066,view,2024-05-04 04:20:30
1066,click,2024-05-04 04:22:01
1066,view,2024-05-04 04:23:20
1066,click,2024-05-04 04:23:40
1066,click,2024-05-04 04:24:44
1066,view,2024-05-05 04:11:00
1066,view,2024-05-05 04:11:52
1066,click,2024-05-05 04:15:04
1066,view,2024-05-05 04:15:10
1066,view,2024-05-05 04:16:24
1066,view,2024-05-05 04:16:49
1066,click,2024-05-05 04:17:05
1066,view,2024-05-05 04:17:19
1066,view,2024-05-06 02:05:03
1066,view,2024-05-06 02:05:22
1066,purchase,2024-05-06 02:10:08
1066,view,2024-05-07 03:49:15
1066,click,2024-05-07 03:52:24
1066,view,2024-05-07 03:52:51
1067,view,2024-05-03 16:53:14
1067,view,2024-05-03 16:54:18
1067,view,2024-05-03 16:54:26
1067,view,2024-05-03 16:54:33
1067,click,2024-05-03 16:55:17
1067,purchase,2024-05-03 17:00:34
1067,click,2024-05-03 17:01:00
1067,click,2024-05-04 16:00:18
1067,view,2024-05-04 16:00:25
1067,view,2024-05-04 16:03:26
1067,view,2024-05-04 16:04:18
1067,view,2024-05-04 16:04:43
1067,view,2024-05-04 16:05:16
1067,click,2024-05-04 16:05:23
1067,view,2024-05-04 16:07:28
1067,purchase,2024-05-04 16:09:10
1067,view,2024-05-05 03:03:31
1067,view,2024-05-05 03:03:47
1067,view,2024-05-05 03:03:58
1067,click,2024-05-05 03:07:28
1067,view,2024-05-05 03:07:38
1067,purchase,2024-05-05 03:08:04
1067,click,2024-05-05 03:08:28
1067,view,2024-05-05 03:08:56
1067,view,2024-05-05 03:10:54
1067,click,2024-05-05 03:23:02
1067,click,2024-05-05 03:24:31
1067,view,2024-05-05 03:26:56
1067,view,2024-05-05 03:27:31
1067,click,2024-05-05 03:28:30
1067,view,2024-05-05 03:28:33
1067,view,2024-05-05 03:28:56
1067,view,2024-05-05 03:30:15
1067,view,2024-05-05 03:30:38
1067,view,2024-05-06 08:35:28
1067,view,2024-05-06 08:36:00
1067,view,2024-05-06 08:36:58
1067,view,2024-05-06 11:01:41
1067,purchase,2024-05-06 11:03:17
1067,view,2024-05-06 11:09:33
1067,view,2024-05-06 14:21:20
1067,view,2024-05-06 14:21:27
1067,view,2024-05-06 14:22:48
1067,click,2024-05-06 14:23:30
1067,view,2024-05-06 14:25:34
1067,view,2024-05-06 14:26:33
1067,view,2024-05-06 14:27:18
1067,view,2024-05-06 16:41:45
1067,view,2024-05-06 16:43:43
1067,view,2024-05-06 16:43:52
1067,click,2024-05-06 20:24:32
1067,view,2024-05-06 20:26:49
1067,view,2024-05-06 20:28:29
1067,view,2024-05-06 20:29:48
1068,click,2024-05-01 00:01:18
1068,click,2024-05-01 00:03:05
1068,view,2024-05-01 00:07:37
1068,click,2024-05-01 00:09:59
1068,view,2024-05-01 13:58:10
1068,purchase,2024-05-01 14:01:45
1068,view,2024-05-01 14:02:07
1068,view,2024-05-01 14:03:13
1068,purchase,2024-05-01 14:03:16
1068,purchase,2024-05-01 14:04:25
1068,view,2024-05-02 09:52:06
1068,view,2024-05-02 09:53:26
1068,view,2024-05-02 09:56:11
1068,purchase,2024-05-02 09:58:25
1068,view,2024-05-02 09:58:45
1068,view,2024-05-02 09:59:47
1068,click,2024-05-02 10:00:34
1068,view,2024-05-02 23:31:55
1068,view,2024-05-02 23:34:09
1068,click,2024-05-02 23:35:23
1068,click,2024-05-02 23:36:30
1068,view,2024-05-03 15:36:39
1068,view,2024-05-03 15:40:06
1068,click,2024-05-03 15:40:34
1068,click,2024-05-03 15:41:42
1068,view,2024-05-03 22:35:49
1068,view,2024-05-03 22:36:12
1068,click,2024-05-03 22:36:25
1068,view,2024-05-03 22:37:15
1068,view,2024-05-03 22:37:48
1068,click,2024-05-03 22:39:27
1068,purchase,2024-05-03 22:40:36
1068,click,2024-05-03 22:41:57
1068,purchase,2024-05-03 22:42:08
1068,click,2024-05-04 15:12:36
1068,view,2024-05-04 15:15:38
1068,view,2024-05-04 15:19:35
1068,purchase,2024-05-04 15:20:09
1068,click,2024-05-04 17:15:42
1068,view,2024-05-04 17:15:54
1068,view,2024-05-04 17:18:53
1068,view,2024-05-04 17:19:25
1068,click,2024-05-04 20:14:35
1068,view,2024-05-04 20:17:48
1068,view,2024-05-04 20:21:09
1068,view,2024-05-05 08:06:34
1068,view,2024-05-05 08:07:53
1068,view,2024-05-05 08:08:38
1068,purchase,2024-05-05 08:09:14
1068,view,2024-05-05 08:09:45
1068,click,2024-05-05 08:10:42
1068,purchase,2024-05-05 18:27:22
1068,purchase,2024-05-05 18:28:06
1068,click,2024-05-05 18:29:17
1068,view,2024-05-05 18:29:42
1068,view,2024-05-05 18:32:40
1068,view,2024-05-05 18:32:55
1068,view,2024-05-05 18:33:52
1068,view,2024-05-07 06:06:30
1068,view,2024-05-07 06:06:37
1068,click,2024-05-07 06:07:01
1068,view,2024-05-07 06:09:29
1068,click,2024-05-07 06:10:59
1068,purchase,2024-05-07 06:11:57
1068,view,2024-05-07 17:18:56
1068,view,2024-05-07 17:20:52
1068,purchase,2024-05-07 17:20:55
1068,view,2024-05-07 17:21:17
1068,click,2024-05-07 17:21:50
1068,click,2024-05-07 17:23:35
1068,click,2024-05-07 17:23:54
1068,view,2024-05-07 17:26:58
1068,click,2024-05-07 17:27:38
1069,view,2024-05-01 05:49:06
1069,click,2024-05-01 05:49:45
1069,click,2024-05-01 05:51:22
1069,view,2024-05-01 05:52:45
1069,click,2024-05-01 17:48:47
1069,view,2024-05-01 17:51:44
1069,view,2024-05-01 17:52:16
1069,view,2024-05-01 17:54:16
1069,view,2024-05-01 17:54:54
1069,click,2024-05-01 17:56:27
1069,click,2024-05-01 17:56:35
1069,view,2024-05-01 17:57:42
1069,click,2024-05-01 17:57:46
1069,view,2024-05-01 19:26:00
1069,click,2024-05-01 19:28:52
1069,view,2024-05-01 19:30:20
1069,view,2024-05-01 19:30:27
1069,view,2024-05-01 19:32:47
1069,click,2024-05-01 19:33:16
1069,purchase,2024-05-02 04:37:47
1069,view,2024-05-02 04:37:51
1069,view,2024-05-02 04:38:57
1069,view,2024-05-02 04:39:55
1069,click,2024-05-02 04:41:16
1069,view,2024-05-02 04:41:20
1069,view,2024-05-02 04:44:32
1069,click,2024-05-02 04:44:39
1069,click,2024-05-02 23:06:52
1069,view,2024-05-02 23:07:48
1069,purchase,2024-05-02 23:09:12
1069,click,2024-05-02 23:09:28
1069,view,2024-05-03 20:48:52
1069,view,2024-05-03 20:48:59
1069,purchase,2024-05-03 20:49:11
1069,view,2024-05-03 20:49:13
1069,view,2024-05-03 20:51:51
1069,click,2024-05-03 20:52:00
1069,click,2024-05-03 20:56:42
1069,view,2024-05-05 15:38:24
1069,view,2024-05-05 15:39:39
1069,view,2024-05-05 15:43:33
1069,click,2024-05-05 15:44:16
1069,view,2024-05-05 15:46:29
1069,click,2024-05-05 15:46:52
1069,click,2024-05-06 04:39:57
1069,view,2024-05-06 04:40:38
1069,view,2024-05-06 04:40:58
1069,view,2024-05-06 04:42:18
1069,click,2024-05-06 04:42:27
1069,view,2024-05-06 04:43:55
1069,click,2024-05-06 04:44:54
1069,click,2024-05-06 04:46:52
1069,view,2024-05-06 15:45:51
1069,purchase,2024-05-06 15:47:40
1069,purchase,2024-05-06 15:51:01
1069,click,2024-05-06 15:52:02
1069,view,2024-05-06 15:52:50
1069,view,2024-05-06 15:53:04
1070,click,2024-05-01 04:08:10
1070,view,2024-05-01 04:08:47
1070,click,2024-05-01 04:10:20
1070,view,2024-05-01 04:10:25
1070,view,2024-05-01 04:10:48
1070,view,2024-05-01 04:11:44
1070,click,2024-05-03 23:17:44
1070,view,2024-05-03 23:18:03
1070,click,2024-05-03 23:20:13
1070,click,2024-05-03 23:24:44
1070,click,2024-05-03 23:25:35
1071,view,2024-05-01 17:25:54
1071,click,2024-05-01 17:27:53
1071,view,2024-05-01 17:29:30
1071,click,2024-05-01 17:34:12
1071,view,2024-05-01 17:34:14
1071,view,2024-05-02 09:05:35
1071,purchase,2024-05-02 09:05:47
1071,click,2024-05-02 09:05:50
1071,view,2024-05-02 09:06:26
1071,view,2024-05-02 09:06:31
1071,click,2024-05-02 09:07:18
1071,view,2024-05-02 09:08:59
1071,view,2024-05-02 09:11:04
1071,view,2024-05-02 09:14:59
1071,click,2024-05-03 02:00:36
1071,click,2024-05-03 02:02:08
1071,click,2024-05-03 02:03:38
1071,view,2024-05-03 02:05:43
1071,view,2024-05-03 02:05:44
1071,view,2024-05-03 02:07:12
1071,click,2024-05-03 18:33:52
1071,view,2024-05-03 18:33:56
1071,view,2024-05-03 18:35:59
1071,view,2024-05-03 18:36:23
1071,purchase,2024-05-03 18:38:16
1071,view,2024-05-03 18:40:06
1071,purchase,2024-05-03 18:40:13
1071,click,2024-05-03 18:42:10
1071,view,2024-05-04 14:01:14
1071,view,2024-05-04 14:02:14
1071,view,2024-05-04 14:04:00
1071,view,2024-05-04 21:53:54
1071,click,2024-05-04 21:56:09
1071,view,2024-05-04 22:00:06
1071,click,2024-05-05 12:57:46
1071,click,2024-05-05 12:58:47
1071,click,2024-05-05 13:01:25
1071,view,2024-05-05 13:01:35
1071,purchase,2024-05-05 13:03:12
1071,view,2024-05-05 13:06:56
1071,click,2024-05-06 06:13:09
1071,click,2024-05-06 06:14:10
1071,click,2024-05-06 06:15:01
1071,click,2024-05-06 06:15:03
1071,click,2024-05-06 06:15:45
1071,click,2024-05-06 06:16:18
1071,view,2024-05-06 06:19:47
1071,click,2024-05-06 12:58:30
1071,view,2024-05-06 13:04:08
1071,view,2024-05-06 13:05:48
1071,view,2024-05-06 21:11:12
1071,click,2024-05-06 21:11:47
1071,purchase,2024-05-06 21:12:54
1071,view,2024-05-06 21:14:15
1071,click,2024-05-06 21:14:54
1071,purchase,2024-05-06 21:15:06
1071,view,2024-05-06 21:17:42
1071,view,2024-05-06 21:19:53
1071,view,2024-05-06 21:46:13
1071,view,2024-05-06 21:46:50
1071,click,2024-05-06 21:49:12
1071,view,2024-05-06 21:49:21
1071,click,2024-05-06 21:52:43
1071,click,2024-05-06 21:54:01
1071,view,2024-05-06 21:55:42
1071,view,2024-05-06 23:50:08
1071,view,2024-05-06 23:52:53
1071,view,2024-05-06 23:54:45
1071,purchase,2024-05-06 23:54:47
1071,click,2024-05-06 23:56:59
1072,view,2024-05-01 04:31:13
1072,view,2024-05-01 04:31:56
1072,view,2024-05-01 04:32:35
1072,view,2024-05-01 04:32:38
1072,click,2024-05-01 04:35:03
1072,view,2024-05-01 04:36:33
1072,view,2024-05-01 04:37:11
1072,view,2024-05-01 04:39:03
1072,view,2024-05-01 04:40:34
1072,view,2024-05-01 08:22:52
1072,click,2024-05-01 08:26:49
1072,view,2024-05-01 08:27:05
1072,view,2024-05-01 08:27:47
1072,view,2024-05-01 08:28:15
1072,view,2024-05-02 05:31:58
1072,view,2024-05-02 05:32:13
1072,view,2024-05-02 05:35:21
1072,click,2024-05-02 05:38:14
1072,view,2024-05-02 14:13:16
1072,view,2024-05-02 14:17:05
1072,click,2024-05-02 14:17:39
1072,click,2024-05-02 14:21:47
1072,view,2024-05-02 20:11:25
1072,view,2024-05-02 20:11:47
1072,purchase,2024-05-02 20:12:07
1072,view,2024-05-02 20:12:20
1072,view,2024-05-02 20:12:37
1072,view,2024-05-02 20:13:23
1072,view,2024-05-02 20:13:28
1072,purchase,2024-05-02 20:15:28
1072,view,2024-05-02 20:19:35
1072,click,2024-05-03 21:39:18
1072,click,2024-05-03 21:40:33
1072,click,2024-05-03 21:41:05
1072,purchase,2024-05-03 21:44:35
1072,click,2024-05-03 21:44:40
1072,view,2024-05-03 21:44:59
1072,view,2024-05-03 21:45:58
1072,click,2024-05-03 21:48:05
1072,click,2024-05-06 18:33:53
1072,click,2024-05-06 18:37:44
1072,click,2024-05-06 18:39:29
1072,click,2024-05-06 21:29:27
1072,click,2024-05-06 21:31:46
1072,click,2024-05-06 21:32:45
1072,view,2024-05-06 21:33:52
1072,view,2024-05-06 21:35:13
1072,click,2024-05-06 21:35:31
1072,view,2024-05-07 06:37:32
1072,view,2024-05-07 06:40:37
1072,view,2024-05-07 06:41:12
1072,click,2024-05-07 06:41:57
1072,click,2024-05-07 06:43:28
1072,view,2024-05-07 06:44:17
1072,click,2024-05-07 08:09:21
1072,view,2024-05-07 08:10:32
1072,click,2024-05-07 08:16:50
1073,view,2024-05-01 03:36:01
1073,purchase,2024-05-01 03:38:15
1073,view,2024-05-01 03:39:08
1073,view,2024-05-01 03:39:14
1073,view,2024-05-01 03:39:48
1073,click,2024-05-01 03:40:39
1073,click,2024-05-01 03:40:47
1073,click,2024-05-01 03:43:04
1073,view,2024-05-01 03:44:08
1073,view,2024-05-01 03:44:09
1073,view,2024-05-01 03:44:48
1073,click,2024-05-01 03:46:42
1073,view,2024-05-03 16:43:50
1073,view,2024-05-03 16:44:27
1073,click,2024-05-03 16:44:29
1073,view,2024-05-03 16:44:29
1073,click,2024-05-03 16:48:40
1073,view,2024-05-03 16:48:55
1073,view,2024-05-04 05:50:54
1073,click,2024-05-04 05:50:56
1073,click,2024-05-04 05:54:47
1073,view,2024-05-04 05:55:23
1073,view,2024-05-04 05:55:39
1073,purchase,2024-05-04 05:56:06
1073,click,2024-05-04 05:57:17
1073,view,2024-05-04 05:59:40
1073,view,2024-05-05 17:23:07
1073,purchase,2024-05-05 17:23:07
1073,view,2024-05-05 17:26:08
1073,click,2024-05-05 17:26:57
1073,view,2024-05-05 17:28:12
1073,view,2024-05-05 17:29:02
1073,click,2024-05-05 17:29:30
1073,view,2024-05-05 17:29:34
1073,view,2024-05-05 17:31:21
1073,view,2024-05-06 10:24:28
1073,view,2024-05-06 10:25:13
1073,view,2024-05-06 10:25:41
1073,click,2024-05-06 10:26:58
1074,click,2024-05-01 03:05:19
1074,click,2024-05-01 03:06:15
1074,view,2024-05-01 03:10:27
1074,view,2024-05-01 07:59:57
1074,purchase,2024-05-01 08:05:19
1074,view,2024-05-01 08:05:47
1074,click,2024-05-03 01:52:43
1074,view,2024-05-03 01:57:32
1074,view,2024-05-03 01:59:26
1074,click,2024-05-04 08:30:19
1074,click,2024-05-04 08:31:05
1074,view,2024-05-04 08:31:51
1074,view,2024-05-04 08:33:25
1074,view,2024-05-04 08:34:12
1074,click,2024-05-04 15:01:15
1074,click,2024-05-04 15:02:20
1074,view,2024-05-04 15:03:20
1074,view,2024-05-04 15:03:26
1074,view,2024-05-04 15:04:50
1074,view,2024-05-04 15:05:11
1074,purchase,2024-05-05 06:51:36
1074,view,2024-05-05 06:52:21
1074,view,2024-05-05 06:53:26
1074,click,2024-05-05 06:54:58
1074,purchase,2024-05-05 06:56:39
1074,click,2024-05-05 07:49:08
1074,purchase,2024-05-05 07:50:36
1074,view,2024-05-05 07:51:38
1074,click,2024-05-05 12:34:13
1074,view,2024-05-05 12:34:24
1074,view,2024-05-05 12:34:33
1074,view,2024-05-05 12:36:27
1074,view,2024-05-05 12:37:16
1074,click,2024-05-05 12:40:03
1074,view,2024-05-05 12:40:17
1074,view,2024-05-05 12:43:32
1074,view,2024-05-05 16:35:43
1074,view,2024-05-05 16:35:48
1074,view,2024-05-05 16:36:48
1074,view,2024-05-05 17:46:23
1074,click,2024-05-05 17:46:26
1074,view,2024-05-05 17:51:56
1074,purchase,2024-05-05 17:52:03
1074,view,2024-05-05 17:54:24
1074,view,2024-05-05 17:57:09
1074,view,2024-05-05 17:57:36
1074,view,2024-05-06 22:20:33
1074,click,2024-05-06 22:20:42
1074,view,2024-05-06 22:21:04
1074,view,2024-05-06 22:24:34
1074,view,2024-05-06 22:24:55
1074,view,2024-05-06 22:27:05
1074,view,2024-05-07 07:15:25
1074,view,2024-05-07 07:15:51
1074,view,2024-05-07 07:16:22
1074,view,2024-05-07 07:16:41
1074,click,2024-05-07 07:18:45
1074,view,2024-05-07 07:19:10
1074,view,2024-05-07 07:21:51
1074,purchase,2024-05-07 07:23:06
1074,click,2024-05-07 07:23:36
1074,view,2024-05-07 07:26:20
1074,view,2024-05-07 07:26:39
1074,click,2024-05-07 07:34:40
1074,view,2024-05-07 07:34:52
1074,click,2024-05-07 07:35:08
1074,view,2024-05-07 07:35:55
1075,view,2024-05-01 04:06:44
1075,click,2024-05-01 04:07:56
1075,click,2024-05-01 04:08:17
1075,view,2024-05-01 05:17:18
1075,click,2024-05-01 05:18:33
1075,view,2024-05-01 05:20:10
1075,click,2024-05-01 05:20:47
1075,view,2024-05-01 05:21:09
1075,click,2024-05-01 05:22:48
1075,view,2024-05-01 05:24:23
1075,view,2024-05-01 05:24:31
1075,purchase,2024-05-01 17:42:39
1075,view,2024-05-01 17:44:26
1075,purchase,2024-05-01 17:46:16
1075,click,2024-05-01 17:49:20
1075,click,2024-05-01 17:51:26
1075,view,2024-05-02 06:19:48
1075,view,2024-05-02 06:20:47
1075,view,2024-05-02 06:21:35
1075,view,2024-05-02 06:23:22
1075,view,2024-05-02 06:23:45
1075,view,2024-05-02 06:24:42
1075,purchase,2024-05-02 06:28:15
1075,view,2024-05-02 06:28:32
1075,view,2024-05-02 12:44:42
1075,click,2024-05-02 12:46:47
1075,click,2024-05-02 12:48:16
1075,view,2024-05-02 12:48:21
1075,purchase,2024-05-02 12:50:16
1075,view,2024-05-02 12:50:46
1075,click,2024-05-02 12:52:41
1075,view,2024-05-02 12:53:21
1075,view,2024-05-03 00:23:14
1075,purchase,2024-05-03 00:25:22
1075,view,2024-05-03 00:25:35
1075,click,2024-05-03 00:25:54
1075,view,2024-05-03 00:27:52
1075,click,2024-05-03 00:27:53
1075,view,2024-05-03 00:29:00
1075,click,2024-05-03 00:32:12
1075,click,2024-05-03 22:05:33
1075,click,2024-05-03 22:08:44
1075,view,2024-05-03 22:08:56
1075,click,2024-05-03 22:09:14
1075,view,2024-05-03 22:09:49
1075,view,2024-05-03 22:10:28
1075,click,2024-05-03 22:14:23
1075,click,2024-05-04 03:01:46
1075,view,2024-05-04 03:04:36
1075,view,2024-05-04 03:08:06
1075,view,2024-05-04 03:08:37
1075,click,2024-05-04 23:57:43
1075,view,2024-05-04 23:59:43
1075,view,2024-05-05 00:00:26
1075,view,2024-05-05 00:02:41
1075,click,2024-05-05 00:03:39
1075,view,2024-05-05 00:05:59
1075,purchase,2024-05-05 00:06:04
1075,view,2024-05-05 04:57:04
1075,purchase,2024-05-05 04:59:55
1075,view,2024-05-05 05:01:08
1075,click,2024-05-05 18:14:04
1075,view,2024-05-05 18:16:44
1075,view,2024-05-05 18:21:33
1075,view,2024-05-05 18:22:05
1075,view,2024-05-06 20:16:31
1075,view,2024-05-06 20:16:49
1075,click,2024-05-06 20:20:13
1075,view,2024-05-06 20:20:32
1075,click,2024-05-06 20:21:14
1075,view,2024-05-07 16:48:13
1075,view,2024-05-07 16:48:25
1075,click,2024-05-07 16:51:18
1076,view,2024-05-01 07:35:58
1076,view,2024-05-01 07:36:39
1076,view,2024-05-01 07:37:19
1076,view,2024-05-01 07:37:49
1076,view,2024-05-01 07:37:50
1076,view,2024-05-01 07:38:57
1076,click,2024-05-01 07:39:46
1076,view,2024-05-01 07:43:51
1076,click,2024-05-01 07:44:19
1076,view,2024-05-01 20:10:26
1076,view,2024-05-01 20:11:14
1076,view,2024-05-01 20:12:47
1076,view,2024-05-01 20:13:34
1076,view,2024-05-01 20:14:45
1076,view,2024-05-01 20:15:07
1076,view,2024-05-01 20:15:11
1076,view,2024-05-02 13:12:29
1076,view,2024-05-02 13:12:59
1076,view,2024-05-02 13:13:18
1076,click,2024-05-02 13:14:27
1076,purchase,2024-05-02 13:17:08
1076,click,2024-05-02 13:17:10
1076,view,2024-05-02 13:20:48
1076,view,2024-05-02 13:21:33
1076,view,2024-05-03 03:36:46
1076,click,2024-05-03 03:37:38
1076,view,2024-05-03 03:37:46
1076,click,2024-05-03 03:38:25
1076,view,2024-05-03 03:39:46
1076,view,2024-05-03 03:42:23
1076,view,2024-05-03 03:42:43
1076,click,2024-05-04 10:54:38
1076,view,2024-05-04 10:56:39
1076,click,2024-05-04 10:57:52
1076,view,2024-05-04 10:59:37
1076,click,2024-05-04 11:01:11
1076,click,2024-05-04 11:02:09
1076,click,2024-05-04 11:02:18
1076,view,2024-05-04 11:03:11
1076,click,2024-05-04 11:03:43
1076,click,2024-05-04 22:54:22
1076,view,2024-05-04 22:56:13
1076,click,2024-05-04 22:57:14
1076,view,2024-05-04 22:57:28
1076,view,2024-05-04 22:58:12
1076,view,2024-05-04 23:00:58
1076,view,2024-05-04 23:01:18
1076,view,2024-05-04 23:01:23
1076,view,2024-05-04 23:02:09
1077,view,2024-05-01 17:41:38
1077,view,2024-05-01 17:42:05
1077,view,2024-05-01 17:43:43
1077,view,2024-05-01 17:43:50
1077,view,2024-05-01 17:47:01
1077,purchase,2024-05-01 17:48:22
1077,click,2024-05-01 17:48:25
1077,purchase,2024-05-01 17:48:40
1077,view,2024-05-03 08:39:18
1077,view,2024-05-03 08:39:25
1077,view,2024-05-03 08:43:26
1077,view,2024-05-03 08:46:10
1077,view,2024-05-03 14:30:42
1077,click,2024-05-03 14:31:04
1077,view,2024-05-03 14:32:35
1077,click,2024-05-03 14:34:04
1077,view,2024-05-03 14:34:41
1077,view,2024-05-03 14:36:31
1077,view,2024-05-03 14:37:08
1077,view,2024-05-03 14:37:57
1077,view,2024-05-03 14:38:18
1077,view,2024-05-04 18:40:17
1077,click,2024-05-04 18:41:37
1077,click,2024-05-04 18:45:16
1077,click,2024-05-04 21:09:51
1077,view,2024-05-04 21:11:51
1077,view,2024-05-04 21:13:11
1077,view,2024-05-04 21:13:43
1077,view,2024-05-04 21:14:12
1077,click,2024-05-04 21:14:15
1077,view,2024-05-04 21:16:52
1077,view,2024-05-05 03:09:44
1077,view,2024-05-05 03:11:03
1077,view,2024-05-05 03:11:52
1077,view,2024-05-05 03:11:58
1077,click,2024-05-05 03:14:44
1077,purchase,2024-05-05 03:17:54
1077,view,2024-05-05 03:32:12
1077,click,2024-05-05 03:33:55
1077,click,2024-05-05 03:34:18
1077,click,2024-05-05 03:35:48
1077,click,2024-05-05 03:36:06
1077,view,2024-05-05 03:37:54
1077,view,2024-05-05 03:39:21
1077,view,2024-05-05 13:26:45
1077,click,2024-05-05 13:28:46
1077,view,2024-05-05 13:33:34
1077,view,2024-05-05 13:33:43
1077,view,2024-05-05 13:33:50
1077,view,2024-05-05 13:35:18
1077,click,2024-05-07 03:11:27
1077,click,2024-05-07 03:12:12
1077,view,2024-05-07 03:13:11
1077,view,2024-05-07 03:14:18
1077,click,2024-05-07 03:15:27
1077,purchase,2024-05-07 03:17:19
1077,click,2024-05-07 03:17:22
1078,click,2024-05-01 00:05:54
1078,view,2024-05-01 00:06:46
1078,view,2024-05-01 00:07:41
1078,click,2024-05-01 00:07:50
1078,click,2024-05-01 00:10:15
1078,view,2024-05-01 00:10:15
1078,view,2024-05-01 00:11:58
1078,view,2024-05-01 05:59:00
1078,view,2024-05-01 06:02:48
1078,view,2024-05-01 06:04:08
1078,click,2024-05-01 06:04:58
1078,view,2024-05-01 06:05:37
1078,view,2024-05-01 06:06:42
1078,purchase,2024-05-03 18:14:43
1078,view,2024-05-03 18:20:21
1078,view,2024-05-03 18:22:12
1078,view,2024-05-03 18:22:17
1078,purchase,2024-05-03 18:22:20
1078,click,2024-05-03 18:23:19
1078,click,2024-05-03 18:23:33
1078,click,2024-05-03 21:51:20
1078,click,2024-05-03 21:51:56
1078,click,2024-05-03 21:54:02
1078,purchase,2024-05-03 21:54:17
1078,click,2024-05-03 21:57:13
1078,view,2024-05-03 21:58:14
1078,click,2024-05-03 21:58:28
1078,click,2024-05-03 21:58:32
1078,purchase,2024-05-03 22:00:40
1078,view,2024-05-05 13:07:34
1078,view,2024-05-05 13:12:00
1078,view,2024-05-05 13:12:50
1078,view,2024-05-05 13:13:38
1078,click,2024-05-05 13:15:28
1078,view,2024-05-05 13:15:40
1078,purchase,2024-05-07 19:57:06
1078,click,2024-05-07 19:57:20
1078,view,2024-05-07 19:59:52
1078,click,2024-05-07 20:01:49
1079,purchase,2024-05-03 07:05:20
1079,view,2024-05-03 07:05:47
1079,click,2024-05-03 07:05:54
1079,click,2024-05-03 07:07:21
1079,view,2024-05-03 07:09:21
1079,view,2024-05-03 07:11:44
1079,click,2024-05-04 14:18:23
1079,click,2024-05-04 14:22:25
1079,click,2024-05-04 14:24:05
1079,view,2024-05-04 17:29:23
1079,view,2024-05-04 17:30:12
1079,click,2024-05-04 17:32:21
1079,click,2024-05-04 17:32:42
1079,click,2024-05-04 17:33:51
1079,purchase,2024-05-04 17:38:02
1079,click,2024-05-04 17:38:10
1079,view,2024-05-04 17:38:41
1079,purchase,2024-05-04 23:28:25
1079,view,2024-05-04 23:28:39
1079,view,2024-05-04 23:28:49
1079,click,2024-05-04 23:30:41
1079,click,2024-05-04 23:32:24
1079,view,2024-05-04 23:32:38
1079,view,2024-05-04 23:33:23
1079,view,2024-05-04 23:33:57
1079,view,2024-05-04 23:35:03
1079,view,2024-05-07 13:31:16
1079,view,2024-05-07 13:32:29
1079,purchase,2024-05-07 13:35:27
1079,view,2024-05-07 13:38:30
1079,view,2024-05-07 13:39:58
1080,click,2024-05-02 12:06:58
1080,view,2024-05-02 12:07:27
1080,view,2024-05-02 12:10:17
1080,purchase,2024-05-02 12:13:09
1080,click,2024-05-02 12:14:01
1080,click,2024-05-03 21:19:10
1080,view,2024-05-03 21:19:56
1080,view,2024-05-03 21:24:12
1080,view,2024-05-03 21:24:16
1080,view,2024-05-03 21:24:39
1080,purchase,2024-05-03 21:25:13
1080,click,2024-05-03 21:51:26
1080,view,2024-05-03 21:51:28
1080,view,2024-05-03 21:53:05
1080,view,2024-05-03 21:56:03
1080,view,2024-05-03 21:56:43
1080,view,2024-05-03 21:56:50
1080,click,2024-05-03 21:58:26
1080,purchase,2024-05-03 22:00:22
1080,view,2024-05-04 05:37:21
1080,view,2024-05-04 05:37:44
1080,view,2024-05-04 05:38:49
1080,view,2024-05-04 05:44:28
1080,click,2024-05-04 05:45:39
1080,purchase,2024-05-04 05:45:51
1080,view,2024-05-04 05:46:15
1080,view,2024-05-04 05:46:53
1080,view,2024-05-05 04:42:00
1080,view,2024-05-05 04:42:09
1080,view,2024-05-05 04:42:45
1080,purchase,2024-05-05 04:45:06
1080,click,2024-05-05 04:46:54
1080,click,2024-05-05 04:46:58
1080,click,2024-05-05 04:49:52
1080,purchase,2024-05-05 04:50:45
1080,view,2024-05-05 06:53:10
1080,view,2024-05-05 06:54:00
1080,purchase,2024-05-05 06:55:43
1080,view,2024-05-05 06:55:59
1080,click,2024-05-05 06:59:18
1080,purchase,2024-05-05 06:59:45
1080,view,2024-05-05 07:01:16
1080,view,2024-05-05 16:54:22
1080,purchase,2024-05-05 16:54:53
1080,purchase,2024-05-05 16:55:47
1080,purchase,2024-05-05 16:56:27
1080,view,2024-05-05 16:58:54
1080,view,2024-05-05 17:00:16
1080,view,2024-05-05 17:00:21
1080,view,2024-05-05 17:02:41
1080,view,2024-05-05 19:11:22
1080,view,2024-05-05 19:16:51
1080,purchase,2024-05-05 19:17:59
1080,purchase,2024-05-07 15:35:30
1080,click,2024-05-07 15:36:38
1080,view,2024-05-07 15:36:49
1080,click,2024-05-07 15:39:39
1080,view,2024-05-07 15:39:59
1080,view,2024-05-07 15:40:27
1080,view,2024-05-07 15:40:31
1080,view,2024-05-07 15:42:07
1080,view,2024-05-07 15:43:25
1081,click,2024-05-02 11:32:46
1081,click,2024-05-02 11:34:09
1081,click,2024-05-02 11:37:56
1081,view,2024-05-02 18:52:28
1081,view,2024-05-02 18:53:31
1081,click,2024-05-02 18:56:39
1081,click,2024-05-02 19:01:27
1081,view,2024-05-02 19:01:58
1081,click,2024-05-02 23:33:34
1081,view,2024-05-02 23:35:27
1081,view,2024-05-02 23:36:40
1081,view,2024-05-02 23:36:56
1081,click,2024-05-03 07:37:35
1081,purchase,2024-05-03 07:41:19
1081,view,2024-05-03 07:43:01
1081,view,2024-05-03 07:44:03
1081,click,2024-05-03 07:44:50
1081,view,2024-05-03 12:48:16
1081,click,2024-05-03 12:49:37
1081,view,2024-05-03 12:49:41
1081,click,2024-05-03 12:50:31
1081,click,2024-05-03 12:50:44
1081,view,2024-05-03 12:52:18
1081,click,2024-05-03 12:52:42
1081,view,2024-05-03 12:56:10
1081,view,2024-05-05 07:03:23
1081,view,2024-05-05 07:04:57
1081,view,2024-05-05 07:05:41
1081,click,2024-05-05 07:06:04
1081,view,2024-05-05 07:06:34
1081,view,2024-05-05 07:07:58
1081,view,2024-05-05 07:08:51
1081,view,2024-05-05 07:10:04
1081,click,2024-05-05 07:10:49
1081,view,2024-05-05 10:29:02
1081,view,2024-05-05 10:29:27
1081,view,2024-05-05 10:29:45
1081,purchase,2024-05-05 10:32:05
1081,view,2024-05-05 10:33:23
1081,purchase,2024-05-05 10:33:44
1081,click,2024-05-05 10:35:10
1081,view,2024-05-05 11:31:59
1081,view,2024-05-05 11:36:01
1081,view,2024-05-05 11:37:35
1081,view,2024-05-05 11:38:35
1081,view,2024-05-05 11:40:17
1081,click,2024-05-06 09:29:23
1081,click,2024-05-06 09:31:56
1081,click,2024-05-06 09:32:27
1081,view,2024-05-06 09:33:56
1081,view,2024-05-06 09:36:07
1081,purchase,2024-05-06 09:37:45
1081,view,2024-05-06 09:37:56
1081,click,2024-05-07 00:26:52
1081,click,2024-05-07 00:30:33
1081,click,2024-05-07 00:30:44
1081,click,2024-05-07 00:31:11
1081,click,2024-05-07 00:35:48
1081,view,2024-05-07 06:07:47
1081,view,2024-05-07 06:08:50
1081,view,2024-05-07 06:13:03
1081,view,2024-05-07 06:13:47
1081,click,2024-05-07 06:15:34
1081,view,2024-05-07 06:16:16
1081,view,2024-05-07 13:30:40
1081,view,2024-05-07 13:31:24
1081,click,2024-05-07 13:32:34
1082,click,2024-05-01 01:43:52
1082,view,2024-05-01 01:44:27
1082,view,2024-05-01 01:44:30
1082,view,2024-05-01 01:46:09
1082,view,2024-05-01 01:46:15
1082,purchase,2024-05-01 01:47:48
1082,view,2024-05-01 01:49:22
1082,view,2024-05-01 01:50:42
1082,view,2024-05-01 01:51:55
1082,click,2024-05-01 13:13:16
1082,view,2024-05-01 13:13:41
1082,view,2024-05-01 13:13:52
1082,view,2024-05-01 13:18:51
1082,view,2024-05-01 13:19:39
1082,purchase,2024-05-01 13:20:04
1082,view,2024-05-01 13:20:35
1082,view,2024-05-01 13:20:49
1082,view,2024-05-01 13:20:55
1082,view,2024-05-05 09:08:53
1082,click,2024-05-05 09:09:30
1082,click,2024-05-05 09:10:06
1082,view,2024-05-05 09:10:28
1082,click,2024-05-05 09:12:52
1082,view,2024-05-05 09:12:56
1082,view,2024-05-05 09:13:11
1082,click,2024-05-05 09:15:32
1082,view,2024-05-05 09:48:44
1082,view,2024-05-05 09:51:30
1082,view,2024-05-05 09:51:55
1082,view,2024-05-05 09:53:15
1082,view,2024-05-05 09:54:23
1082,view,2024-05-05 09:55:07
1082,purchase,2024-05-05 09:56:58
1082,view,2024-05-06 01:41:24
1082,click,2024-05-06 01:47:11
1082,view,2024-05-06 01:50:35
1083,view,2024-05-01 02:56:31
1083,click,2024-05-01 02:58:08
1083,click,2024-05-01 02:58:40
1083,view,2024-05-01 03:01:40
1083,view,2024-05-01 03:04:26
1083,view,2024-05-01 03:04:39
1083,click,2024-05-01 04:37:44
1083,view,2024-05-01 04:41:28
1083,view,2024-05-01 04:46:15
1083,click,2024-05-01 06:50:05
1083,view,2024-05-01 06:51:58
1083,view,2024-05-01 06:52:08
1083,purchase,2024-05-01 06:53:45
1083,click,2024-05-01 06:55:01
1083,click,2024-05-01 06:56:06
1083,click,2024-05-01 06:56:14
1083,click,2024-05-01 06:56:58
1083,view,2024-05-01 06:58:13
1083,click,2024-05-02 03:05:44
1083,view,2024-05-02 03:05:52
1083,view,2024-05-02 03:08:28
1083,click,2024-05-02 03:10:17
1083,view,2024-05-02 03:10:20
1083,view,2024-05-02 03:45:11
1083,click,2024-05-02 03:49:08
1083,view,2024-05-02 03:51:49
1083,click,2024-05-02 07:23:58
1083,view,2024-05-02 07:24:52
1083,view,2024-05-02 07:25:05
1083,click,2024-05-02 07:28:13
1083,view,2024-05-02 07:28:14
1083,view,2024-05-02 07:29:47
1083,view,2024-05-03 07:15:05
1083,view,2024-05-03 07:15:56
1083,click,2024-05-03 07:16:05
1083,click,2024-05-03 08:58:37
1083,view,2024-05-03 09:00:03
1083,click,2024-05-03 09:05:14
1083,click,2024-05-03 09:05:35
1083,view,2024-05-03 09:05:46
1083,view,2024-05-04 04:06:48
1083,view,2024-05-04 04:09:31
1083,view,2024-05-04 04:11:50
1083,view,2024-05-04 04:14:22
1083,view,2024-05-04 04:14:23
1083,view,2024-05-04 16:49:38
1083,view,2024-05-04 16:52:29
1083,view,2024-05-04 16:53:09
1083,view,2024-05-04 16:54:10
1083,click,2024-05-04 16:54:26
1083,click,2024-05-04 16:54:42
1083,click,2024-05-04 16:56:51
1083,click,2024-05-05 00:06:07
1083,view,2024-05-05 00:06:07
1083,click,2024-05-05 00:07:20
1083,purchase,2024-05-05 00:07:53
1083,purchase,2024-05-05 00:13:47
1083,view,2024-05-05 00:14:07
1083,view,2024-05-05 00:14:40
1083,view,2024-05-05 23:59:07
1083,view,2024-05-06 00:02:27
1083,click,2024-05-06 00:03:18
1083,view,2024-05-06 00:04:01
1083,click,2024-05-06 00:04:29
1083,view,2024-05-06 00:05:05
1083,view,2024-05-06 00:05:11
1083,view,2024-05-06 00:06:17
1083,view,2024-05-06 11:24:28
1083,view,2024-05-06 11:27:17
1083,view,2024-05-06 11:28:27
1083,view,2024-05-06 20:45:30
1083,view,2024-05-06 20:45:58
1083,view,2024-05-06 20:47:27
1083,view,2024-05-06 20:48:08
1083,view,2024-05-06 20:50:16
1083,view,2024-05-07 07:53:21
1083,view,2024-05-07 07:56:07
1083,purchase,2024-05-07 07:56:17
1084,view,2024-05-03 04:09:21
1084,view,2024-05-03 04:11:23
1084,click,2024-05-03 04:12:27
1084,click,2024-05-03 04:17:04
1084,view,2024-05-03 04:17:19
1084,click,2024-05-03 04:17:43
1084,view,2024-05-03 04:17:56
1084,click,2024-05-05 10:03:14
1084,click,2024-05-05 10:03:30
1084,view,2024-05-05 10:05:53
1084,view,2024-05-07 04:02:48
1084,click,2024-05-07 04:02:58
1084,click,2024-05-07 04:03:44
1084,view,2024-05-07 04:04:08
1084,view,2024-05-07 04:05:04
1084,view,2024-05-07 04:05:49
1084,view,2024-05-07 04:06:44
1084,view,2024-05-07 04:08:30
1084,click,2024-05-07 04:10:43
1084,view,2024-05-07 04:42:48
1084,purchase,2024-05-07 04:43:32
1084,view,2024-05-07 04:44:06
1084,view,2024-05-07 04:48:15
1084,view,2024-05-07 04:48:20
1084,click,2024-05-07 04:48:51
1084,view,2024-05-07 04:49:56
1084,view,2024-05-07 04:51:23
1084,click,2024-05-07 10:27:23
1084,click,2024-05-07 10:28:00
1084,click,2024-05-07 10:28:27
1084,click,2024-05-07 10:29:26
1084,view,2024-05-07 10:30:06
1084,click,2024-05-07 10:32:17
1084,click,2024-05-07 10:32:22
1085,click,2024-05-01 04:19:14
1085,purchase,2024-05-01 04:20:14
1085,click,2024-05-01 04:22:12
1085,view,2024-05-01 08:29:40
1085,click,2024-05-01 08:29:45
1085,view,2024-05-01 08:30:12
1085,view,2024-05-01 08:31:39
1085,view,2024-05-01 08:31:54
1085,click,2024-05-01 08:34:39
1085,view,2024-05-01 08:37:38
1085,view,2024-05-02 04:15:57
1085,view,2024-05-02 04:18:42
1085,view,2024-05-02 04:20:04
1085,click,2024-05-02 04:20:29
1085,purchase,2024-05-02 04:24:12
1085,purchase,2024-05-03 17:08:38
1085,view,2024-05-03 17:10:00
1085,click,2024-05-03 17:10:56
1085,click,2024-05-03 17:12:27
1085,click,2024-05-03 17:18:00
1085,view,2024-05-03 22:30:00
1085,view,2024-05-03 22:32:09
1085,click,2024-05-03 22:33:59
1085,view,2024-05-03 22:34:33
1085,view,2024-05-04 02:24:01
1085,view,2024-05-04 02:25:16
1085,click,2024-05-04 02:25:43
1085,view,2024-05-04 13:44:28
1085,view,2024-05-04 13:47:59
1085,view,2024-05-04 13:48:54
1085,view,2024-05-04 13:49:26
1085,purchase,2024-05-04 16:58:46
1085,view,2024-05-04 16:58:47
1085,view,2024-05-04 16:59:08
1085,view,2024-05-04 16:59:14
1085,view,2024-05-04 17:00:43
1085,view,2024-05-04 17:02:51
1085,view,2024-05-05 11:21:07
1085,view,2024-05-05 11:21:40
1085,purchase,2024-05-05 11:26:14
1085,click,2024-05-06 04:00:27
1085,click,2024-05-06 04:04:06
1085,view,2024-05-06 04:05:07
1085,view,2024-05-06 04:07:03
1085,click,2024-05-06 04:07:54
1085,view,2024-05-06 10:04:14
1085,view,2024-05-06 10:04:40
1085,click,2024-05-06 10:05:06
1085,view,2024-05-06 10:05:15
1085,click,2024-05-06 10:05:55
1085,view,2024-05-06 10:06:10
1085,click,2024-05-06 10:07:15
1085,click,2024-05-06 10:08:37
1085,click,2024-05-06 23:53:22
1085,click,2024-05-06 23:54:42
1085,view,2024-05-06 23:54:53
1085,view,2024-05-06 23:56:11
1085,view,2024-05-06 23:57:33
1085,view,2024-05-06 23:58:47
1085,view,2024-05-07 00:00:03
1085,click,2024-05-07 00:01:43
1085,view,2024-05-07 09:23:54
1085,view,2024-05-07 09:24:18
1085,view,2024-05-07 09:25:21
1085,view,2024-05-07 09:26:33
1085,view,2024-05-07 09:27:05
1085,view,2024-05-07 09:28:42
1085,view,2024-05-07 09:28:52
1085,view,2024-05-07 16:57:03
1085,view,2024-05-07 16:57:57
1085,click,2024-05-07 16:59:32
1085,view,2024-05-07 16:59:45
1085,view,2024-05-07 17:01:30
1085,view,2024-05-07 17:05:55
1086,view,2024-05-02 05:43:54
1086,purchase,2024-05-02 05:44:39
1086,view,2024-05-02 05:46:09
1086,purchase,2024-05-02 05:48:14
1086,purchase,2024-05-02 05:52:06
1086,view,2024-05-02 15:41:24
1086,click,2024-05-02 15:45:33
1086,view,2024-05-02 15:46:34
1086,click,2024-05-02 15:47:16
1086,click,2024-05-02 15:47:55
1086,purchase,2024-05-02 15:49:06
1086,click,2024-05-02 15:50:35
1086,purchase,2024-05-02 15:50:36
1086,view,2024-05-03 03:17:53
1086,view,2024-05-03 03:19:33
1086,view,2024-05-03 03:21:58
1086,view,2024-05-03 03:23:04
1086,view,2024-05-03 03:24:38
1086,view,2024-05-03 03:25:26
1086,view,2024-05-03 03:25:45
1086,view,2024-05-04 14:22:13
1086,view,2024-05-04 14:25:58
1086,click,2024-05-04 14:28:57
1086,view,2024-05-04 14:29:41
1086,purchase,2024-05-04 14:29:57
1086,view,2024-05-05 05:42:21
1086,click,2024-05-05 05:46:10
1086,click,2024-05-05 05:50:58
1086,view,2024-05-05 05:51:42
1086,view,2024-05-06 03:33:15
1086,view,2024-05-06 03:34:10
1086,purchase,2024-05-06 03:38:22
1086,click,2024-05-06 03:38:24
1086,view,2024-05-06 03:39:18
1086,click,2024-05-06 03:39:38
1086,view,2024-05-06 03:41:19
1086,view,2024-05-06 03:41:45
1086,click,2024-05-06 03:41:53
1086,view,2024-05-06 07:18:34
1086,view,2024-05-06 07:19:10
1086,view,2024-05-06 07:19:29
1086,click,2024-05-06 07:20:53
1086,view,2024-05-06 07:23:48
1086,click,2024-05-06 08:51:49
1086,view,2024-05-06 08:58:48
1086,click,2024-05-06 08:58:57
1086,click,2024-05-06 08:59:10
1086,click,2024-05-06 09:00:16
1086,view,2024-05-06 09:36:44
1086,click,2024-05-06 09:37:24
1086,view,2024-05-06 09:38:18
1086,purchase,2024-05-06 09:40:24
1086,click,2024-05-06 09:42:43
1086,view,2024-05-06 09:43:10
1086,purchase,2024-05-06 09:44:25
1086,view,2024-05-06 09:44:31
1086,view,2024-05-06 09:45:20
1087,purchase,2024-05-03 01:30:18
1087,view,2024-05-03 01:35:17
1087,view,2024-05-03 01:35:51
1087,view,2024-05-03 01:36:02
1087,click,2024-05-03 01:37:56
1087,view,2024-05-03 01:38:11
1087,view,2024-05-04 08:28:18
1087,view,2024-05-04 08:29:30
1087,view,2024-05-04 08:29:36
1087,view,2024-05-04 08:33:21
1087,view,2024-05-04 08:34:09
1087,click,2024-05-04 08:34:55
1087,view,2024-05-04 14:36:20
1087,view,2024-05-04 14:38:29
1087,click,2024-05-04 14:42:50
1087,view,2024-05-05 14:17:51
1087,purchase,2024-05-05 14:19:16
1087,view,2024-05-05 14:19:25
1087,view,2024-05-05 14:20:27
1087,view,2024-05-05 14:21:23
1087,click,2024-05-05 14:21:29
1087,view,2024-05-05 14:21:56
1087,click,2024-05-05 14:25:41
1088,click,2024-05-01 02:40:30
1088,click,2024-05-01 02:42:11
1088,click,2024-05-01 02:42:11
1088,view,2024-05-01 02:42:14
1088,view,2024-05-01 02:43:11
1088,click,2024-05-01 02:45:21
1088,view,2024-05-01 02:47:16
1088,click,2024-05-01 02:47:45
1088,click,2024-05-01 19:33:00
1088,view,2024-05-01 19:33:40
1088,view,2024-05-01 19:34:05
1088,view,2024-05-01 19:36:16
1088,view,2024-05-01 19:37:08
1088,view,2024-05-01 19:38:22
1088,click,2024-05-01 19:39:20
1088,view,2024-05-02 13:45:22
1088,click,2024-05-02 13:49:52
1088,view,2024-05-02 13:50:30
1088,click,2024-05-02 13:51:47
1088,click,2024-05-02 13:52:10
1088,purchase,2024-05-02 13:52:30
1088,click,2024-05-02 13:52:45
1088,view,2024-05-02 13:52:49
1088,view,2024-05-02 17:10:48
1088,click,2024-05-02 17:11:03
1088,click,2024-05-02 17:13:22
1088,click,2024-05-02 17:15:23
1088,view,2024-05-02 17:17:38
1088,view,2024-05-02 18:15:19
1088,view,2024-05-02 18:20:36
1088,purchase,2024-05-02 18:21:41
1088,purchase,2024-05-02 18:23:05
1088,click,2024-05-02 18:23:11
1088,view,2024-05-02 18:24:30
1088,view,2024-05-03 07:31:54
1088,view,2024-05-03 07:33:13
1088,view,2024-05-03 07:34:24
1088,click,2024-05-03 07:34:55
1088,click,2024-05-03 07:35:30
1088,click,2024-05-03 07:35:36
1088,view,2024-05-03 07:39:02
1088,view,2024-05-05 23:12:23
1088,view,2024-05-05 23:13:47
1088,purchase,2024-05-05 23:16:21
1088,view,2024-05-05 23:16:57
1088,view,2024-05-06 14:53:24
1088,click,2024-05-06 14:53:58
1088,view,2024-05-06 14:55:49
1088,click,2024-05-06 14:59:07
1088,click,2024-05-06 15:01:02
1088,click,2024-05-06 16:52:44
1088,click,2024-05-06 16:52:54
1088,click,2024-05-06 16:53:01
1088,view,2024-05-06 16:55:43
1088,purchase,2024-05-06 16:55:59
1088,view,2024-05-06 16:58:09
1088,click,2024-05-07 17:59:00
1088,click,2024-05-07 17:59:03
1088,purchase,2024-05-07 17:59:11
1088,purchase,2024-05-07 18:02:56
1088,view,2024-05-07 18:03:14
1088,view,2024-05-07 18:03:57
1088,view,2024-05-07 18:06:12
1088,click,2024-05-07 18:06:34
1089,view,2024-05-01 06:11:16
1089,view,2024-05-01 06:11:47
1089,click,2024-05-01 06:12:33
1089,view,2024-05-01 06:14:18
1089,view,2024-05-01 06:15:00
1089,view,2024-05-01 06:15:21
1089,view,2024-05-01 06:16:41
1089,view,2024-05-01 06:17:05
1089,view,2024-05-01 06:17:20
1089,purchase,2024-05-01 07:15:01
1089,view,2024-05-01 07:15:56
1089,view,2024-05-01 07:16:18
1089,click,2024-05-01 07:16:20
1089,click,2024-05-01 07:16:24
1089,view,2024-05-01 07:17:07
1089,view,2024-05-01 07:18:48
1089,purchase,2024-05-01 07:20:43
1089,view,2024-05-01 18:33:40
1089,click,2024-05-01 18:34:25
1089,view,2024-05-01 18:34:44
1089,view,2024-05-01 18:35:33
1089,view,2024-05-01 18:37:20
1089,view,2024-05-01 18:38:41
1089,view,2024-05-01 18:38:42
1089,view,2024-05-01 18:41:29
1089,view,2024-05-01 18:42:17
1089,view,2024-05-01 21:58:05
1089,view,2024-05-01 21:59:17
1089,view,2024-05-01 21:59:23
1089,view,2024-05-01 22:01:17
1089,view,2024-05-01 22:02:37
1089,view,2024-05-02 01:09:33
1089,purchase,2024-05-02 01:09:34
1089,click,2024-05-02 01:13:27
1089,purchase,2024-05-02 01:15:04
1089,click,2024-05-02 08:52:17
1089,purchase,2024-05-02 08:54:36
1089,click,2024-05-02 08:54:53
1089,click,2024-05-02 08:57:01
1089,click,2024-05-02 09:01:48
1089,purchase,2024-05-02 09:01:56
1089,view,2024-05-02 20:22:43
1089,view,2024-05-02 20:23:57
1089,view,2024-05-02 20:25:45
1089,view,2024-05-02 20:25:54
1089,view,2024-05-02 20:30:47
1089,view,2024-05-03 03:20:24
1089,click,2024-05-03 03:20:32
1089,view,2024-05-03 03:22:15
1089,view,2024-05-03 03:25:16
1089,view,2024-05-03 03:25:50
1089,view,2024-05-03 03:27:40
1089,view,2024-05-04 03:49:26
1089,click,2024-05-04 03:52:33
1089,view,2024-05-04 03:55:19
1089,view,2024-05-04 03:56:41
1089,click,2024-05-04 08:15:32
1089,view,2024-05-04 08:23:01
1089,view,2024-05-04 08:24:01
1089,click,2024-05-04 11:35:35
1089,view,2024-05-04 11:36:03
1089,view,2024-05-04 11:36:44
1089,view,2024-05-04 11:40:03
1089,click,2024-05-04 11:40:17
1089,view,2024-05-04 11:40:42
1089,view,2024-05-04 11:41:59
1089,view,2024-05-04 11:42:38
1089,view,2024-05-04 20:56:19
1089,view,2024-05-04 20:58:06
1089,view,2024-05-04 20:58:53
1089,view,2024-05-04 21:00:13
1089,view,2024-05-04 21:00:36
1089,purchase,2024-05-04 21:02:03
1089,view,2024-05-04 21:02:07
1089,view,2024-05-04 21:04:02
1089,click,2024-05-05 05:39:25
1089,view,2024-05-05 05:40:52
1089,click,2024-05-05 05:42:54
1089,view,2024-05-05 05:43:18
1089,view,2024-05-05 05:43:48
1089,view,2024-05-05 05:44:22
1089,view,2024-05-05 13:15:20
1089,view,2024-05-05 13:15:21
1089,click,2024-05-05 13:18:50
1089,view,2024-05-05 13:22:20
1090,view,2024-05-01 09:50:40
1090,view,2024-05-01 09:51:54
1090,view,2024-05-01 09:52:36
1090,click,2024-05-01 09:52:40
1090,view,2024-05-01 09:54:32
1090,click,2024-05-01 09:57:01
1090,purchase,2024-05-01 09:59:46
1090,view,2024-05-04 22:41:59
1090,click,2024-05-04 22:42:51
1090,view,2024-05-04 22:43:49
1090,view,2024-05-05 20:56:54
1090,view,2024-05-05 21:03:53
1090,purchase,2024-05-05 21:04:38
1090,click,2024-05-05 21:04:38
1090,view,2024-05-05 21:05:00
1090,click,2024-05-05 21:05:06
1091,view,2024-05-01 02:37:39
1091,view,2024-05-01 02:38:08
1091,click,2024-05-01 02:42:37
1091,view,2024-05-01 02:45:10
1091,view,2024-05-01 09:19:04
1091,view,2024-05-01 09:21:12
1091,view,2024-05-01 09:21:35
1091,click,2024-05-01 09:25:15
1091,view,2024-05-01 09:25:19
1091,view,2024-05-01 09:25:23
1091,view,2024-05-02 04:32:32
1091,click,2024-05-02 04:32:48
1091,view,2024-05-02 04:33:17
1091,view,2024-05-02 04:37:45
1091,view,2024-05-03 01:52:01
1091,view,2024-05-03 01:52:51
1091,view,2024-05-03 01:53:35
1091,purchase,2024-05-03 01:55:10
1091,click,2024-05-03 01:57:45
1091,purchase,2024-05-04 07:29:44
1091,click,2024-05-04 07:30:00
1091,view,2024-05-04 07:33:32
1091,view,2024-05-04 10:35:25
1091,view,2024-05-04 10:35:47
1091,view,2024-05-04 10:35:47
1091,view,2024-05-04 10:36:35
1091,view,2024-05-04 10:38:42
1091,click,2024-05-04 10:38:46
1091,view,2024-05-04 10:39:52
1091,view,2024-05-04 10:41:08
1091,view,2024-05-04 11:13:04
1091,view,2024-05-04 11:14:43
1091,view,2024-05-04 11:18:04
1091,click,2024-05-04 16:41:12
1091,view,2024-05-04 16:44:51
1091,view,2024-05-04 16:45:08
1091,click,2024-05-04 16:46:06
1091,purchase,2024-05-04 16:47:12
1091,view,2024-05-04 16:47:35
1091,click,2024-05-04 16:47:45
1091,view,2024-05-04 16:48:31
1091,click,2024-05-04 16:50:31
1091,view,2024-05-04 23:50:12
1091,click,2024-05-04 23:51:53
1091,view,2024-05-04 23:52:25
1091,view,2024-05-04 23:53:17
1091,purchase,2024-05-04 23:53:57
1091,view,2024-05-04 23:54:06
1091,view,2024-05-04 23:54:52
1091,view,2024-05-05 10:53:21
1091,view,2024-05-05 10:54:15
1091,view,2024-05-05 10:55:55
1091,view,2024-05-06 05:09:31
1091,view,2024-05-06 05:09:32
1091,click,2024-05-06 05:09:49
1091,view,2024-05-06 05:12:11
1091,view,2024-05-06 05:12:21
1091,view,2024-05-06 05:13:55
1091,click,2024-05-06 05:14:37
1091,purchase,2024-05-06 06:49:50
1091,view,2024-05-06 06:51:04
1091,view,2024-05-06 06:51:07
1091,view,2024-05-06 06:51:35
1091,click,2024-05-06 06:52:40
1091,view,2024-05-06 06:56:17
1091,view,2024-05-06 06:56:25
1091,view,2024-05-06 13:13:27
1091,click,2024-05-06 13:13:43
1091,view,2024-05-06 13:13:50
1091,view,2024-05-06 13:18:23
1091,view,2024-05-06 13:22:00
1091,view,2024-05-06 13:22:46
1091,click,2024-05-07 12:40:18
1091,click,2024-05-07 12:42:34
1091,purchase,2024-05-07 12:42:48
1091,view,2024-05-07 12:45:02
1091,purchase,2024-05-07 12:47:03
1092,click,2024-05-01 00:10:29
1092,view,2024-05-01 00:10:48
1092,click,2024-05-01 00:12:32
1092,view,2024-05-01 00:16:38
1092,click,2024-05-01 00:17:41
1092,view,2024-05-01 00:17:43
1092,purchase,2024-05-01 00:18:56
1092,click,2024-05-01 00:19:07
1092,view,2024-05-01 00:19:59
1092,view,2024-05-01 01:31:45
1092,view,2024-05-01 01:31:54
1092,view,2024-05-01 01:33:14
1092,view,2024-05-01 01:35:54
1092,click,2024-05-01 01:37:23
1092,view,2024-05-01 01:38:39
1092,click,2024-05-01 01:40:54
1092,click,2024-05-01 19:51:38
1092,view,2024-05-01 19:53:43
1092,view,2024-05-01 19:55:47
1092,view,2024-05-01 19:58:58
1092,view,2024-05-01 20:00:17
1092,view,2024-05-01 21:26:56
1092,purchase,2024-05-01 21:26:58
1092,view,2024-05-01 21:28:18
1092,click,2024-05-01 21:31:38
1092,click,2024-05-01 21:32:43
1092,click,2024-05-01 21:33:42
1092,view,2024-05-01 21:34:27
1092,click,2024-05-01 21:34:38
1092,view,2024-05-01 21:35:12
1092,click,2024-05-03 09:49:20
1092,view,2024-05-03 09:50:35
1092,view,2024-05-03 09:52:03
1092,view,2024-05-03 09:54:18
1092,view,2024-05-03 09:54:36
1092,view,2024-05-03 09:56:04
1092,view,2024-05-03 09:57:14
1092,view,2024-05-03 09:57:57
1092,click,2024-05-03 19:35:20
1092,purchase,2024-05-03 19:35:33
1092,purchase,2024-05-03 19:36:15
1092,view,2024-05-03 19:40:23
1092,click,2024-05-03 19:40:42
1092,click,2024-05-03 19:41:14
1092,view,2024-05-03 19:41:23
1092,click,2024-05-03 19:42:59
1092,view,2024-05-05 00:34:53
1092,click,2024-05-05 00:36:31
1092,click,2024-05-05 00:39:21
1092,click,2024-05-05 13:55:25
1092,view,2024-05-05 13:56:01
1092,view,2024-05-05 13:59:01
1092,purchase,2024-05-05 14:00:42
1092,click,2024-05-05 14:02:21
1092,click,2024-05-05 14:02:47
1092,view,2024-05-05 14:02:50
1092,view,2024-05-05 14:03:48
1092,click,2024-05-07 17:09:06
1092,click,2024-05-07 17:11:11
1092,view,2024-05-07 17:16:00
1092,view,2024-05-07 17:16:08
1093,view,2024-05-01 15:01:39
1093,view,2024-05-01 15:02:08
1093,click,2024-05-01 15:02:40
1093,view,2024-05-01 15:06:02
1093,purchase,2024-05-01 15:06:30
1093,click,2024-05-01 15:07:55
1093,view,2024-05-05 18:21:30
1093,view,2024-05-05 18:23:08
1093,click,2024-05-05 18:24:51
1093,click,2024-05-05 18:25:48
1093,view,2024-05-05 18:27:08
1093,view,2024-05-05 18:27:09
1093,view,2024-05-05 18:27:10
1093,view,2024-05-05 18:28:02
1093,view,2024-05-05 18:29:03
1093,view,2024-05-06 00:01:17
1093,view,2024-05-06 00:02:32
1093,view,2024-05-06 00:03:55
1093,click,2024-05-06 00:06:27
1094,view,2024-05-02 04:11:01
1094,view,2024-05-02 04:11:57
1094,purchase,2024-05-02 04:12:18
1094,purchase,2024-05-02 04:16:45
1094,click,2024-05-02 04:17:35
1094,click,2024-05-02 04:17:55
1094,click,2024-05-02 04:18:12
1094,view,2024-05-02 04:19:56
1094,view,2024-05-02 05:53:24
1094,purchase,2024-05-02 05:56:02
1094,view,2024-05-02 05:56:40
1094,click,2024-05-02 05:59:05
1094,click,2024-05-02 06:01:52
1094,view,2024-05-02 13:02:40
1094,view,2024-05-02 13:03:31
1094,view,2024-05-02 13:07:14
1094,click,2024-05-02 13:09:35
1094,view,2024-05-02 13:10:41
1094,click,2024-05-03 05:16:43
1094,click,2024-05-03 05:16:53
1094,purchase,2024-05-03 05:17:45
1094,view,2024-05-03 05:18:12
1094,view,2024-05-03 05:20:08
1094,click,2024-05-03 05:20:16
1094,view,2024-05-03 05:20:29
1094,view,2024-05-03 05:22:02
1094,click,2024-05-03 05:25:47
1094,click,2024-05-04 02:26:49
1094,view,2024-05-04 02:28:36
1094,view,2024-05-04 02:32:13
1094,view,2024-05-04 10:26:35
1094,view,2024-05-04 10:31:02
1094,view,2024-05-04 10:31:24
1094,click,2024-05-04 10:31:41
1094,click,2024-05-05 16:06:23
1094,view,2024-05-05 16:06:45
1094,purchase,2024-05-05 16:07:00
1094,purchase,2024-05-05 16:10:42
1094,view,2024-05-06 06:37:15
1094,view,2024-05-06 06:41:14
1094,view,2024-05-06 06:41:45
1094,view,2024-05-06 06:41:53
1094,view,2024-05-07 07:35:29
1094,view,2024-05-07 07:37:11
1094,view,2024-05-07 07:37:50
1094,view,2024-05-07 07:38:19
1094,view,2024-05-07 07:40:30
1094,click,2024-05-07 07:43:31
1094,purchase,2024-05-07 22:22:30
1094,view,2024-05-07 22:24:26
1094,view,2024-05-07 22:25:21
1094,click,2024-05-07 22:25:29
1094,view,2024-05-07 22:27:55
1094,click,2024-05-07 22:28:45
1094,view,2024-05-07 22:29:57
1095,click,2024-05-01 10:29:15
1095,view,2024-05-01 10:29:52
1095,view,2024-05-01 10:30:29
1095,purchase,2024-05-01 10:30:51
1095,view,2024-05-01 10:37:59
1095,view,2024-05-02 23:37:33
1095,click,2024-05-02 23:38:00
1095,view,2024-05-02 23:39:44
1095,view,2024-05-02 23:42:22
1095,click,2024-05-02 23:43:32
1095,view,2024-05-02 23:43:54
1095,view,2024-05-02 23:44:34
1095,view,2024-05-02 23:45:09
1095,click,2024-05-02 23:46:31
1095,click,2024-05-03 07:13:53
1095,view,2024-05-03 07:16:40
1095,click,2024-05-03 07:18:00
1095,click,2024-05-03 07:18:45
1095,view,2024-05-03 07:19:51
1095,click,2024-05-03 07:20:29
1095,view,2024-05-03 07:20:51
1095,click,2024-05-04 06:49:19
1095,view,2024-05-04 06:49:44
1095,click,2024-05-04 06:50:21
1095,view,2024-05-04 06:52:32
1095,click,2024-05-04 15:05:46
1095,view,2024-05-04 15:07:28
1095,view,2024-05-04 15:10:05
1095,click,2024-05-05 22:15:37
1095,click,2024-05-05 22:16:29
1095,view,2024-05-05 22:17:22
1095,view,2024-05-05 22:19:22
1095,view,2024-05-05 22:22:24
1095,view,2024-05-05 22:22:41
1095,view,2024-05-05 22:41:07
1095,click,2024-05-05 22:41:33
1095,click,2024-05-05 22:42:46
1095,click,2024-05-05 22:44:01
1095,view,2024-05-05 22:44:50
1095,view,2024-05-05 22:45:49
1095,click,2024-05-06 17:44:36
1095,click,2024-05-06 17:45:29
1095,view,2024-05-06 17:48:33
1095,view,2024-05-06 17:50:24
1095,view,2024-05-06 17:52:40
1095,view,2024-05-07 15:47:51
1095,view,2024-05-07 15:49:39
1095,view,2024-05-07 15:49:53
1095,view,2024-05-07 15:50:11
1095,view,2024-05-07 15:50:48
1095,view,2024-05-07 15:55:46
1096,view,2024-05-01 09:42:15
1096,click,2024-05-01 09:42:37
1096,view,2024-05-01 09:43:15
1096,view,2024-05-01 09:44:30
1096,view,2024-05-01 09:44:48
1096,view,2024-05-01 09:45:08
1096,view,2024-05-01 09:48:16
1096,view,2024-05-01 09:48:54
1096,view,2024-05-01 09:49:13
1096,view,2024-05-01 15:14:39
1096,view,2024-05-01 15:15:06
1096,purchase,2024-05-01 15:15:13
1096,view,2024-05-01 15:16:37
1096,view,2024-05-01 15:19:55
1096,view,2024-05-01 15:21:31
1096,click,2024-05-01 15:21:53
1096,view,2024-05-01 23:09:45
1096,view,2024-05-01 23:10:44
1096,view,2024-05-01 23:14:53
1096,click,2024-05-02 17:10:49
1096,click,2024-05-02 17:12:48
1096,view,2024-05-02 17:16:01
1096,click,2024-05-02 17:16:42
1096,click,2024-05-03 02:13:46
1096,view,2024-05-03 02:15:00
1096,click,2024-05-03 02:15:59
1096,view,2024-05-03 02:19:09
1096,click,2024-05-03 12:15:11
1096,view,2024-05-03 12:16:06
1096,view,2024-05-03 12:18:42
1096,view,2024-05-03 12:22:43
1096,click,2024-05-03 12:23:08
1096,click,2024-05-03 12:23:47
1096,view,2024-05-03 12:24:20
1096,click,2024-05-03 20:52:22
1096,click,2024-05-03 20:54:10
1096,view,2024-05-03 20:56:13
1096,view,2024-05-03 20:56:19
1096,click,2024-05-03 20:57:43
1096,view,2024-05-03 20:57:47
1097,view,2024-05-02 10:30:15
1097,view,2024-05-02 10:30:31
1097,view,2024-05-02 10:30:33
1097,click,2024-05-02 10:31:20
1097,view,2024-05-02 10:32:17
1097,view,2024-05-02 10:33:05
1097,view,2024-05-02 10:35:45
1097,view,2024-05-02 10:35:59
1097,purchase,2024-05-02 10:37:08
1097,view,2024-05-03 00:14:45
1097,view,2024-05-03 00:21:59
1097,click,2024-05-03 00:22:01
1097,view,2024-05-03 03:00:34
1097,click,2024-05-03 03:01:16
1097,click,2024-05-03 03:03:42
1097,view,2024-05-03 03:08:33
1097,view,2024-05-03 03:09:30
1097,view,2024-05-03 03:09:41
1097,view,2024-05-04 19:14:42
1097,click,2024-05-04 19:15:42
1097,view,2024-05-04 19:19:17
1097,view,2024-05-04 19:20:19
1097,view,2024-05-04 19:20:42
1097,view,2024-05-04 19:21:40
1097,click,2024-05-04 19:22:18
1097,view,2024-05-05 03:58:12
1097,view,2024-05-05 04:00:30
1097,view,2024-05-05 04:00:31
1097,view,2024-05-05 04:01:23
1097,view,2024-05-05 04:04:57
1097,view,2024-05-05 04:06:28
1097,click,2024-05-05 04:07:06
1097,click,2024-05-05 10:55:23
1097,purchase,2024-05-05 10:56:54
1097,click,2024-05-05 10:57:35
1097,view,2024-05-05 23:43:13
1097,view,2024-05-05 23:44:05
1097,view,2024-05-05 23:45:19
1097,view,2024-05-05 23:48:55
1097,view,2024-05-05 23:50:45
1097,view,2024-05-05 23:51:16
1097,view,2024-05-06 09:51:22
1097,click,2024-05-06 09:53:21
1097,view,2024-05-06 09:53:51
1097,view,2024-05-06 09:54:24
1097,click,2024-05-06 09:54:42
1097,click,2024-05-06 09:57:32
1097,view,2024-05-06 09:57:48
1097,click,2024-05-06 09:59:40
1097,view,2024-05-06 12:54:33
1097,view,2024-05-06 12:54:53
1097,view,2024-05-06 12:55:06
1097,view,2024-05-06 13:00:59
1097,click,2024-05-06 13:03:31
1097,view,2024-05-06 13:03:50
1097,view,2024-05-06 17:13:25
1097,view,2024-05-06 17:14:09
1097,view,2024-05-06 17:15:24
1097,view,2024-05-06 17:15:49
1097,click,2024-05-06 17:17:08
1097,view,2024-05-06 17:18:04
1097,click,2024-05-06 17:18:42
1097,view,2024-05-06 17:19:51
1097,view,2024-05-06 23:17:58
1097,view,2024-05-06 23:18:25
1097,view,2024-05-06 23:19:21
1097,view,2024-05-06 23:19:26
1097,view,2024-05-06 23:19:50
1097,click,2024-05-06 23:20:43
1097,view,2024-05-06 23:24:22
1097,view,2024-05-06 23:25:13
1097,view,2024-05-06 23:25:58
1097,purchase,2024-05-07 22:06:18
1097,view,2024-05-07 22:07:16
1097,view,2024-05-07 22:13:20
1098,view,2024-05-01 13:35:29
1098,view,2024-05-01 13:36:52
1098,view,2024-05-01 13:37:15
1098,view,2024-05-01 13:41:05
1098,view,2024-05-01 13:43:12
1098,view,2024-05-02 09:37:04
1098,view,2024-05-02 09:38:22
1098,purchase,2024-05-02 09:39:26
1098,view,2024-05-02 09:44:35
1098,view,2024-05-02 09:45:36
1098,view,2024-05-02 18:51:21
1098,view,2024-05-02 18:52:32
1098,click,2024-05-02 18:54:49
1098,view,2024-05-02 18:55:32
1098,view,2024-05-02 18:57:46
1098,purchase,2024-05-02 18:59:58
1098,view,2024-05-03 13:36:37
1098,view,2024-05-03 13:39:03
1098,click,2024-05-03 13:41:14
1098,view,2024-05-03 13:42:30
1098,view,2024-05-04 00:26:01
1098,view,2024-05-04 00:27:04
1098,click,2024-05-04 00:27:24
1098,purchase,2024-05-04 00:28:30
1098,view,2024-05-04 00:29:06
1098,click,2024-05-04 00:29:07
1098,click,2024-05-04 11:40:38
1098,click,2024-05-04 11:40:45
1098,view,2024-05-04 11:48:07
1098,view,2024-05-05 03:22:14
1098,purchase,2024-05-05 03:25:40
1098,view,2024-05-05 03:26:27
1098,view,2024-05-05 03:26:29
1098,view,2024-05-05 03:27:58
1098,view,2024-05-05 03:28:22
1098,view,2024-05-05 03:29:07
1098,click,2024-05-05 16:56:35
1098,view,2024-05-05 16:59:54
1098,view,2024-05-05 16:59:56
1098,view,2024-05-05 20:57:55
1098,purchase,2024-05-05 21:02:49
1098,purchase,2024-05-05 21:03:12
1098,purchase,2024-05-05 21:03:57
1098,purchase,2024-05-05 21:04:10
1098,click,2024-05-05 21:04:43
1098,click,2024-05-05 21:04:57
1098,view,2024-05-05 23:39:21
1098,click,2024-05-05 23:40:09
1098,purchase,2024-05-05 23:40:23
1098,click,2024-05-05 23:40:59
1098,view,2024-05-05 23:42:21
1098,view,2024-05-05 23:43:40
1098,purchase,2024-05-05 23:44:17
1098,view,2024-05-05 23:44:28
1098,click,2024-05-06 09:27:06
1098,view,2024-05-06 09:27:17
1098,view,2024-05-06 09:27:18
1098,click,2024-05-06 09:32:19
1098,click,2024-05-06 09:33:54
1098,click,2024-05-06 14:43:39
1098,purchase,2024-05-06 14:45:19
1098,view,2024-05-06 14:45:58
1098,view,2024-05-06 14:46:53
1098,view,2024-05-06 14:49:30
1098,view,2024-05-06 23:51:42
1098,view,2024-05-06 23:51:49
1098,click,2024-05-06 23:55:59
1098,click,2024-05-07 07:41:57
1098,view,2024-05-07 07:48:07
1098,click,2024-05-07 07:49:28
1098,purchase,2024-05-07 20:58:39
1098,click,2024-05-07 20:58:41
1098,purchase,2024-05-07 20:59:47
1098,view,2024-05-07 21:02:44
1098,view,2024-05-07 21:04:21
1098,view,2024-05-07 21:05:23
1098,view,2024-05-07 21:05:26
1098,view,2024-05-07 21:05:29
1098,click,2024-05-07 21:06:50
1099,view,2024-05-02 08:32:57
1099,view,2024-05-02 08:34:57
1099,click,2024-05-02 08:35:26
1099,view,2024-05-02 08:37:55
1099,view,2024-05-02 08:38:23
1099,click,2024-05-02 08:39:15
1099,view,2024-05-02 08:39:48
1099,click,2024-05-02 08:39:50
1099,view,2024-05-02 08:41:42
1099,view,2024-05-02 19:24:05
1099,click,2024-05-02 19:25:51
1099,click,2024-05-02 19:27:08
1099,purchase,2024-05-03 12:01:57
1099,view,2024-05-03 12:04:32
1099,view,2024-05-03 12:08:35
1099,view,2024-05-03 12:09:14
1099,view,2024-05-03 17:58:48
1099,view,2024-05-03 17:59:35
1099,click,2024-05-03 18:06:05
1099,view,2024-05-03 18:06:05
1099,click,2024-05-05 02:37:21
1099,click,2024-05-05 02:37:25
1099,view,2024-05-05 02:39:30
1099,view,2024-05-05 02:40:21
1099,purchase,2024-05-05 02:41:04
1099,click,2024-05-05 02:43:06
1099,view,2024-05-05 02:44:37
1099,view,2024-05-05 02:44:43
1099,view,2024-05-05 02:45:54
1099,click,2024-05-05 07:05:44
1099,view,2024-05-05 07:06:50
1099,view,2024-05-05 07:07:03
1099,view,2024-05-05 07:08:14
1099,purchase,2024-05-05 07:11:15
1099,view,2024-05-05 07:13:29
1099,purchase,2024-05-06 11:49:18
1099,click,2024-05-06 11:51:09
1099,purchase,2024-05-06 11:55:07
1099,view,2024-05-06 11:56:25
1099,click,2024-05-06 11:57:50
1099,view,2024-05-06 11:58:22
1099,view,2024-05-07 11:44:19
1099,click,2024-05-07 11:47:50
1099,click,2024-05-07 11:47:53
1099,click,2024-05-07 11:49:30
1099,click,2024-05-07 11:50:50
1099,view,2024-05-07 11:52:52
1099,click,2024-05-07 18:24:12
1099,click,2024-05-07 18:24:55
1099,view,2024-05-07 18:25:31
1099,click,2024-05-07 18:26:07
1100,view,2024-05-01 09:17:59
1100,view,2024-05-01 09:18:38
1100,view,2024-05-01 09:20:02
1100,view,2024-05-01 09:20:56
1100,click,2024-05-01 09:21:17
1100,click,2024-05-01 09:22:38
1100,view,2024-05-01 09:23:38
1100,view,2024-05-01 09:24:37
1100,purchase,2024-05-01 09:26:55
1100,view,2024-05-01 13:23:13
1100,view,2024-05-01 13:25:20
1100,view,2024-05-01 13:25:31
1100,click,2024-05-01 13:25:46
1100,click,2024-05-01 13:28:35
1100,view,2024-05-01 13:29:34
1100,view,2024-05-01 13:29:35
1100,view,2024-05-01 13:29:52
1100,click,2024-05-01 13:30:32
1100,view,2024-05-01 19:59:07
1100,view,2024-05-01 19:59:13
1100,purchase,2024-05-01 20:00:55
1100,click,2024-05-01 20:00:59
1100,view,2024-05-01 20:02:35
1100,view,2024-05-01 20:03:44
1100,view,2024-05-01 20:04:06
1100,view,2024-05-01 20:04:28
1100,click,2024-05-01 20:06:26
1100,view,2024-05-02 18:51:42
1100,purchase,2024-05-02 18:51:44
1100,view,2024-05-02 18:52:17
1100,view,2024-05-02 18:53:14
1100,view,2024-05-02 18:54:04
1100,view,2024-05-02 18:55:49
1100,view,2024-05-02 18:57:35
1100,view,2024-05-03 12:06:58
1100,click,2024-05-03 12:11:01
1100,view,2024-05-03 12:11:43
1100,view,2024-05-03 12:12:31
1100,view,2024-05-03 12:13:37
1100,view,2024-05-03 12:14:01
1100,view,2024-05-03 12:15:04
1100,view,2024-05-04 06:40:47
1100,view,2024-05-04 06:41:58
1100,click,2024-05-04 06:45:44
1100,click,2024-05-04 06:46:23
1100,view,2024-05-04 06:47:31
1100,view,2024-05-04 06:47:52
1100,click,2024-05-04 07:35:13
1100,view,2024-05-04 07:38:48
1100,view,2024-05-04 07:39:44
1100,purchase,2024-05-04 07:39:58
1100,purchase,2024-05-04 07:41:09
1100,view,2024-05-04 07:41:29
1100,click,2024-05-04 20:52:12
1100,view,2024-05-04 20:53:03
1100,view,2024-05-04 20:55:56
1100,purchase,2024-05-04 20:56:43
1100,click,2024-05-04 20:56:44
1100,view,2024-05-04 20:58:10
1100,click,2024-05-04 20:58:28
1100,view,2024-05-04 21:00:47
1100,view,2024-05-04 21:00:58
1100,view,2024-05-04 21:07:15
1100,click,2024-05-04 21:14:37
1100,view,2024-05-04 21:14:48
1100,view,2024-05-05 14:47:40
1100,click,2024-05-05 14:48:07
1100,view,2024-05-05 14:48:20
1100,view,2024-05-05 14:50:14
1100,view,2024-05-05 14:52:46
1100,view,2024-05-06 14:11:42
1100,view,2024-05-06 14:12:20
1100,view,2024-05-06 14:12:38
1100,click,2024-05-06 14:15:05
1100,click,2024-05-06 14:20:21
1100,click,2024-05-06 14:20:43
1100,view,2024-05-06 16:16:49
1100,click,2024-05-06 16:17:20
1100,click,2024-05-06 16:17:47
1100,view,2024-05-06 16:19:16
1100,view,2024-05-06 16:21:26
1100,view,2024-05-06 16:22:17
1100,view,2024-05-06 16:23:00
1100,view,2024-05-06 16:24:36
1100,view,2024-05-06 16:25:01
1100,view,2024-05-06 22:01:34
1100,view,2024-05-06 22:02:35
1100,view,2024-05-06 22:02:57
1100,click,2024-05-06 22:03:39
1100,view,2024-05-06 22:05:14
1100,view,2024-05-06 22:08:10
1100,view,2024-05-06 22:10:02
1100,click,2024-05-07 03:41:13
1100,view,2024-05-07 03:43:10
1100,click,2024-05-07 03:45:27
1100,view,2024-05-07 11:59:00
1100,view,2024-05-07 11:59:21
1100,view,2024-05-07 11:59:41
1100,purchase,2024-05-07 12:00:50
1100,view,2024-05-07 12:01:36
1100,view,2024-05-07 12:02:23
1100,click,2024-05-07 12:02:32
1100,view,2024-05-07 12:05:10
1100,view,2024-05-07 12:05:57
1101,click,2024-05-02 02:55:16
1101,purchase,2024-05-02 02:55:50
1101,click,2024-05-02 02:55:55
1101,view,2024-05-02 02:56:16
1101,click,2024-05-02 02:59:13
1101,view,2024-05-02 02:59:50
1101,view,2024-05-02 03:00:33
1101,view,2024-05-02 03:02:27
1101,click,2024-05-02 03:03:02
1101,click,2024-05-02 09:08:26
1101,view,2024-05-02 09:08:30
1101,view,2024-05-02 09:09:31
1101,view,2024-05-02 09:09:53
1101,view,2024-05-02 09:10:55
1101,view,2024-05-02 09:12:25
1101,click,2024-05-02 09:14:13
1101,click,2024-05-02 14:30:40
1101,view,2024-05-02 14:30:52
1101,view,2024-05-02 14:34:21
1101,click,2024-05-02 19:06:24
1101,purchase,2024-05-02 19:08:52
1101,view,2024-05-02 19:10:45
1101,view,2024-05-02 19:11:29
1101,purchase,2024-05-02 19:12:12
1101,click,2024-05-02 19:12:34
1101,view,2024-05-02 19:14:18
1101,view,2024-05-03 08:20:36
1101,view,2024-05-03 08:22:30
1101,purchase,2024-05-03 08:25:47
1101,purchase,2024-05-03 08:29:13
1101,view,2024-05-03 08:29:39
1101,view,2024-05-04 12:56:03
1101,click,2024-05-04 12:56:17
1101,click,2024-05-04 13:04:54
1101,view,2024-05-05 06:41:17
1101,view,2024-05-05 06:42:31
1101,purchase,2024-05-05 06:42:49
1101,view,2024-05-05 06:46:13
1101,view,2024-05-05 06:46:15
1101,view,2024-05-05 06:47:19
1101,view,2024-05-05 06:48:10
1101,view,2024-05-05 06:49:48
1101,view,2024-05-05 06:50:09
1101,purchase,2024-05-05 15:54:32
1101,view,2024-05-05 15:55:37
1101,view,2024-05-05 15:55:39
1101,click,2024-05-05 15:56:02
1101,click,2024-05-05 15:58:24
1101,purchase,2024-05-05 15:59:21
1101,view,2024-05-07 08:01:47
1101,view,2024-05-07 08:08:50
1101,click,2024-05-07 08:08:55
1101,view,2024-05-07 08:09:09
1101,purchase,2024-05-07 08:33:22
1101,click,2024-05-07 08:36:14
1101,view,2024-05-07 08:36:34
1101,view,2024-05-07 08:36:52
1101,view,2024-05-07 08:37:15
1102,click,2024-05-01 15:39:50
1102,click,2024-05-01 15:40:14
1102,view,2024-05-01 15:41:21
1102,view,2024-05-01 15:47:12
1102,click,2024-05-01 15:47:31
1102,click,2024-05-01 15:47:54
1102,click,2024-05-02 00:33:20
1102,click,2024-05-02 00:34:41
1102,click,2024-05-02 00:39:47
1102,view,2024-05-02 00:41:38
1102,click,2024-05-02 00:42:50
1102,view,2024-05-02 00:42:54
1102,click,2024-05-02 10:58:55
1102,view,2024-05-02 10:59:13
1102,view,2024-05-02 11:02:37
1102,click,2024-05-02 11:03:01
1102,purchase,2024-05-02 11:05:00
1102,purchase,2024-05-04 22:02:07
1102,view,2024-05-04 22:02:26
1102,click,2024-05-04 22:03:00
1102,view,2024-05-04 22:04:21
1102,view,2024-05-04 22:05:28
1102,purchase,2024-05-04 22:05:40
1102,view,2024-05-06 05:09:37
1102,view,2024-05-06 05:11:13
1102,view,2024-05-06 05:11:18
1102,view,2024-05-06 05:13:38
1102,click,2024-05-06 05:13:58
1102,view,2024-05-06 05:15:51
1102,view,2024-05-06 12:15:34
1102,click,2024-05-06 12:17:21
1102,click,2024-05-06 12:20:08
1102,view,2024-05-06 12:20:47
1102,purchase,2024-05-06 12:20:59
1102,view,2024-05-06 12:21:57
1102,click,2024-05-06 12:21:58
1102,click,2024-05-06 12:22:44
1102,view,2024-05-06 21:34:38
1102,click,2024-05-06 21:35:05
1102,view,2024-05-06 21:35:35
1102,view,2024-05-06 21:41:07
1102,view,2024-05-06 21:42:39
1102,view,2024-05-06 21:43:28
1102,view,2024-05-07 08:10:05
1102,view,2024-05-07 08:10:36
1102,click,2024-05-07 08:11:13
1102,view,2024-05-07 08:12:13
1102,click,2024-05-07 08:13:34
1102,view,2024-05-07 08:14:55
1102,click,2024-05-07 08:17:08
1102,view,2024-05-07 08:17:27
1102,view,2024-05-07 08:18:16
1103,view,2024-05-01 05:49:24
1103,click,2024-05-01 05:50:49
1103,view,2024-05-01 05:51:09
1103,view,2024-05-01 05:53:01
1103,click,2024-05-01 05:54:23
1103,click,2024-05-01 05:56:20
1103,view,2024-05-01 05:56:22
1103,view,2024-05-01 05:57:20
1103,view,2024-05-01 05:57:39
1103,click,2024-05-03 00:13:52
1103,view,2024-05-03 00:15:05
1103,click,2024-05-03 00:15:11
1103,view,2024-05-03 00:16:17
1103,view,2024-05-03 00:18:12
1103,view,2024-05-03 00:20:10
1103,view,2024-05-03 00:21:11
1103,click,2024-05-03 06:15:49
1103,purchase,2024-05-03 06:17:26
1103,view,2024-05-03 06:19:49
1103,view,2024-05-03 06:21:29
1103,view,2024-05-03 06:21:39
1103,view,2024-05-03 06:22:31
1103,view,2024-05-03 06:24:23
1103,view,2024-05-03 15:08:20
1103,view,2024-05-03 15:08:52
1103,view,2024-05-03 15:09:35
1103,view,2024-05-03 15:10:40
1103,view,2024-05-03 15:13:37
1103,view,2024-05-03 15:14:32
1103,view,2024-05-03 15:14:44
1103,click,2024-05-03 15:16:03
1103,click,2024-05-03 15:16:22
1103,view,2024-05-03 16:13:41
1103,click,2024-05-03 16:17:09
1103,view,2024-05-03 16:17:25
1103,purchase,2024-05-03 16:18:40
1103,view,2024-05-03 16:19:18
1103,view,2024-05-03 16:20:29
1103,view,2024-05-03 16:20:52
1103,view,2024-05-04 11:12:17
1103,view,2024-05-04 11:12:53
1103,purchase,2024-05-04 11:15:12
1103,click,2024-05-04 11:16:12
1103,view,2024-05-04 11:16:13
1103,click,2024-05-04 11:16:39
1103,click,2024-05-04 11:17:19
1103,view,2024-05-04 11:17:50
1103,click,2024-05-04 11:19:30
1103,view,2024-05-04 12:45:37
1103,view,2024-05-04 12:47:22
1103,click,2024-05-04 12:48:16
1103,view,2024-05-04 16:06:18
1103,view,2024-05-04 16:06:50
1103,click,2024-05-04 16:07:12
1103,view,2024-05-04 16:09:11
1103,view,2024-05-04 16:09:38
1103,view,2024-05-04 16:10:39
1103,view,2024-05-04 16:15:20
1103,click,2024-05-05 15:56:16
1103,click,2024-05-05 15:57:33
1103,view,2024-05-05 15:58:17
1103,view,2024-05-05 15:58:41
1103,click,2024-05-05 15:59:48
1103,view,2024-05-05 16:01:07
1103,purchase,2024-05-06 06:55:13
1103,view,2024-05-06 06:55:33
1103,purchase,2024-05-06 06:55:35
1103,view,2024-05-06 06:56:05
1103,click,2024-05-06 06:57:16
1103,view,2024-05-06 06:57:39
1103,click,2024-05-06 07:00:22
1103,click,2024-05-06 07:01:23
1103,view,2024-05-06 07:04:29
1103,view,2024-05-06 10:57:26
1103,view,2024-05-06 10:57:31
1103,view,2024-05-06 10:58:12
1103,purchase,2024-05-06 11:01:11
1103,view,2024-05-06 11:03:09
1103,click,2024-05-06 11:03:55
1103,click,2024-05-06 11:04:12
1103,view,2024-05-06 11:06:05
1103,view,2024-05-06 23:43:01
1103,view,2024-05-06 23:43:20
1103,view,2024-05-06 23:45:23
1103,click,2024-05-06 23:48:37
1103,view,2024-05-06 23:48:40
1103,view,2024-05-06 23:48:50
1103,click,2024-05-07 12:48:43
1103,click,2024-05-07 12:49:45
1103,click,2024-05-07 12:51:41
1104,view,2024-05-02 11:11:53
1104,click,2024-05-02 11:12:14
1104,view,2024-05-02 11:12:36
1104,view,2024-05-02 11:13:36
1104,view,2024-05-02 11:15:19
1104,view,2024-05-02 11:16:17
1104,view,2024-05-02 14:19:44
1104,view,2024-05-02 14:21:45
1104,click,2024-05-02 14:21:47
1104,view,2024-05-02 14:22:01
1104,click,2024-05-02 14:25:41
1104,view,2024-05-02 14:26:53
1104,click,2024-05-02 14:27:19
1104,view,2024-05-02 18:57:31
1104,view,2024-05-02 18:57:48
1104,click,2024-05-02 18:58:20
1104,view,2024-05-02 18:58:21
1104,view,2024-05-02 19:00:03
1104,view,2024-05-02 19:01:38
1104,view,2024-05-02 19:03:46
1104,view,2024-05-02 19:03:46
1104,view,2024-05-04 06:38:22
1104,click,2024-05-04 06:39:05
1104,click,2024-05-04 06:43:16
1104,click,2024-05-05 21:20:15
1104,click,2024-05-05 21:22:33
1104,view,2024-05-05 21:23:36
1104,view,2024-05-05 21:27:52
1104,view,2024-05-05 21:29:27
1104,view,2024-05-06 16:42:49
1104,click,2024-05-06 16:44:33
1104,view,2024-05-06 16:46:09
1104,click,2024-05-07 02:23:21
1104,view,2024-05-07 02:23:44
1104,view,2024-05-07 02:28:46
1104,click,2024-05-07 02:29:49
1104,click,2024-05-07 02:31:08
1104,view,2024-05-07 02:31:35
1105,click,2024-05-01 10:17:30
1105,view,2024-05-01 10:18:49
1105,view,2024-05-01 10:22:02
1105,click,2024-05-01 10:25:51
1105,click,2024-05-01 12:51:54
1105,click,2024-05-01 12:56:58
1105,view,2024-05-01 12:56:58
1105,view,2024-05-01 12:57:38
1105,click,2024-05-01 12:59:05
1105,click,2024-05-01 13:00:25
1105,view,2024-05-03 00:27:13
1105,click,2024-05-03 00:27:50
1105,view,2024-05-03 00:33:24
1105,view,2024-05-03 17:20:46
1105,view,2024-05-03 17:23:00
1105,click,2024-05-03 17:23:56
1105,view,2024-05-03 17:26:23
1105,view,2024-05-03 22:54:35
1105,click,2024-05-03 22:57:37
1105,view,2024-05-03 22:57:45
1105,view,2024-05-03 22:57:48
1105,view,2024-05-03 22:57:57
1105,view,2024-05-03 23:01:24
1105,view,2024-05-03 23:02:54
1105,view,2024-05-04 07:28:25
1105,view,2024-05-04 07:29:59
1105,view,2024-05-04 07:30:08
1105,click,2024-05-04 11:01:48
1105,view,2024-05-04 11:02:00
1105,view,2024-05-04 11:02:26
1105,click,2024-05-04 11:04:27
1105,click,2024-05-04 11:04:43
1105,click,2024-05-04 11:05:33
1105,view,2024-05-04 11:05:40
1105,view,2024-05-04 11:09:34
1105,click,2024-05-04 11:11:00
1105,view,2024-05-04 13:15:20
1105,click,2024-05-04 13:18:13
1105,view,2024-05-04 13:18:47
1105,click,2024-05-04 13:19:13
1105,view,2024-05-04 13:19:50
1105,click,2024-05-04 13:21:27
1105,click,2024-05-04 13:22:18
1105,view,2024-05-04 13:22:43
1105,view,2024-05-04 13:23:30
1105,purchase,2024-05-06 06:24:39
1105,view,2024-05-06 06:26:04
1105,click,2024-05-06 06:26:57
1105,view,2024-05-06 06:27:22
1105,view,2024-05-06 06:27:36
1105,click,2024-05-06 06:31:51
1105,purchase,2024-05-06 06:33:35
1105,view,2024-05-06 23:22:52
1105,click,2024-05-06 23:24:18
1105,view,2024-05-06 23:24:42
1105,view,2024-05-06 23:26:35
1105,click,2024-05-06 23:29:44
1106,click,2024-05-01 16:14:10
1106,view,2024-05-01 16:15:29
1106,view,2024-05-01 16:17:15
1106,purchase,2024-05-01 16:17:44
1106,click,2024-05-01 16:18:08
1106,view,2024-05-01 16:19:47
1106,view,2024-05-01 16:19:54
1106,view,2024-05-01 16:21:18
1106,view,2024-05-01 18:45:28
1106,view,2024-05-01 18:46:51
1106,click,2024-05-01 18:47:22
1106,click,2024-05-01 18:48:25
1106,click,2024-05-01 18:53:23
1106,view,2024-05-02 06:02:46
1106,view,2024-05-02 06:06:09
1106,view,2024-05-02 06:06:58
1106,view,2024-05-02 06:07:38
1106,view,2024-05-02 22:52:35
1106,view,2024-05-02 22:54:07
1106,purchase,2024-05-02 22:55:09
1106,view,2024-05-02 22:55:24
1106,click,2024-05-02 22:55:41
1106,view,2024-05-02 22:58:14
1106,view,2024-05-02 22:59:32
1106,view,2024-05-04 07:03:23
1106,view,2024-05-04 07:05:42
1106,view,2024-05-04 07:06:41
1106,click,2024-05-06 05:14:05
1106,purchase,2024-05-06 05:15:27
1106,view,2024-05-06 05:18:07
1106,click,2024-05-06 05:20:42
1106,view,2024-05-06 05:35:17
1106,view,2024-05-06 05:37:05
1106,click,2024-05-06 05:39:41
1106,click,2024-05-06 05:43:50
1106,view,2024-05-06 05:44:54
1106,view,2024-05-06 12:08:10
1106,purchase,2024-05-06 12:10:46
1106,click,2024-05-06 12:11:59
1106,view,2024-05-06 12:13:24
1106,view,2024-05-07 03:19:08
1106,view,2024-05-07 03:22:38
1106,view,2024-05-07 03:25:45
1107,view,2024-05-01 10:22:52
1107,click,2024-05-01 10:23:57
1107,view,2024-05-01 10:30:07
1107,click,2024-05-01 10:30:36
1107,click,2024-05-01 10:31:33
1107,click,2024-05-01 12:37:16
1107,purchase,2024-05-01 12:39:12
1107,view,2024-05-01 12:42:01
1107,click,2024-05-01 12:43:28
1107,view,2024-05-01 12:43:30
1107,view,2024-05-01 12:44:40
1107,view,2024-05-01 12:46:11
1107,click,2024-05-01 19:33:42
1107,view,2024-05-01 19:39:44
1107,view,2024-05-01 19:40:08
1107,click,2024-05-03 16:57:56
1107,view,2024-05-03 16:59:02
1107,view,2024-05-03 17:02:25
1107,view,2024-05-03 22:30:57
1107,view,2024-05-03 22:31:26
1107,click,2024-05-03 22:31:35
1107,view,2024-05-03 22:33:02
1107,click,2024-05-03 22:34:45
1107,view,2024-05-04 09:43:58
1107,click,2024-05-04 09:45:41
1107,view,2024-05-04 09:48:47
1107,purchase,2024-05-04 09:48:50
1107,click,2024-05-04 09:51:19
1107,view,2024-05-05 10:24:22
1107,view,2024-05-05 10:24:27
1107,click,2024-05-05 10:25:09
1107,view,2024-05-05 10:27:18
1107,click,2024-05-05 10:28:34
1107,view,2024-05-05 10:29:23
1107,view,2024-05-05 10:30:07
1107,purchase,2024-05-05 10:33:41
1107,purchase,2024-05-05 20:24:50
1107,view,2024-05-05 20:26:06
1107,purchase,2024-05-05 20:26:37
1107,view,2024-05-05 20:28:47
1107,view,2024-05-05 20:30:16
1107,click,2024-05-05 20:30:16
1107,click,2024-05-05 20:30:25
1107,view,2024-05-05 20:31:01
1107,purchase,2024-05-05 20:33:38
1107,view,2024-05-06 03:46:03
1107,view,2024-05-06 03:47:24
1107,click,2024-05-06 03:52:30
1107,click,2024-05-07 05:13:26
1107,click,2024-05-07 05:15:11
1107,purchase,2024-05-07 05:15:24
1107,view,2024-05-07 05:16:30
1107,purchase,2024-05-07 05:17:23
1107,view,2024-05-07 05:17:27
1107,view,2024-05-07 05:18:55
1107,view,2024-05-07 19:04:22
1107,view,2024-05-07 19:06:09
1107,view,2024-05-07 19:08:19
1107,view,2024-05-07 19:12:59
1107,click,2024-05-07 19:13:30
1107,click,2024-05-07 22:36:34
1107,view,2024-05-07 22:37:42
1107,view,2024-05-07 22:39:12
1107,purchase,2024-05-07 22:39:20
1107,click,2024-05-07 22:40:18
1107,view,2024-05-07 22:40:50
1107,view,2024-05-07 22:41:01
1107,click,2024-05-07 22:43:47
1107,view,2024-05-07 22:44:15
1108,click,2024-05-01 10:10:29
1108,view,2024-05-01 10:12:10
1108,view,2024-05-01 10:13:59
1108,click,2024-05-01 10:14:07
1108,purchase,2024-05-01 10:16:04
1108,click,2024-05-01 10:16:34
1108,click,2024-05-01 10:17:58
1108,view,2024-05-02 20:34:15
1108,view,2024-05-02 20:35:55
1108,view,2024-05-02 20:37:58
1108,view,2024-05-02 20:40:07
1108,view,2024-05-02 20:40:54
1108,view,2024-05-02 20:42:06
1108,view,2024-05-03 03:32:37
1108,view,2024-05-03 03:34:30
1108,view,2024-05-03 03:34:57
1108,view,2024-05-03 03:37:51
1108,click,2024-05-03 03:38:03
1108,purchase,2024-05-03 03:38:44
1108,view,2024-05-03 03:39:43
1108,click,2024-05-03 03:40:34
1108,purchase,2024-05-03 03:41:26
1108,click,2024-05-03 14:14:51
1108,view,2024-05-03 14:18:31
1108,click,2024-05-03 14:20:52
1108,view,2024-05-03 14:22:13
1108,purchase,2024-05-03 14:22:39
1108,view,2024-05-03 14:23:11
1108,click,2024-05-03 14:23:44
1108,view,2024-05-04 00:11:35
1108,view,2024-05-04 00:12:27
1108,click,2024-05-04 00:13:16
1108,view,2024-05-04 15:17:54
1108,view,2024-05-04 15:18:54
1108,click,2024-05-04 15:19:14
1108,click,2024-05-04 15:19:38
1108,purchase,2024-05-04 15:19:56
1108,purchase,2024-05-04 15:20:08
1108,view,2024-05-04 15:20:32
1108,click,2024-05-04 15:22:24
1108,view,2024-05-04 15:25:21
1108,view,2024-05-04 16:43:57
1108,click,2024-05-04 16:46:09
1108,view,2024-05-04 16:51:00
1108,click,2024-05-05 10:59:09
1108,click,2024-05-05 10:59:55
1108,purchase,2024-05-05 11:01:17
1108,view,2024-05-05 11:02:29
1108,click,2024-05-05 11:04:00
1108,view,2024-05-05 11:06:24
1108,click,2024-05-05 23:23:11
1108,view,2024-05-05 23:24:17
1108,click,2024-05-05 23:30:48
1108,click,2024-05-06 02:53:47
1108,purchase,2024-05-06 02:54:27
1108,click,2024-05-06 02:54:28
1108,view,2024-05-06 02:58:29
1108,click,2024-05-06 03:00:12
1108,click,2024-05-06 12:23:21
1108,view,2024-05-06 12:23:41
1108,view,2024-05-06 12:24:50
1108,purchase,2024-05-06 12:28:45
1109,view,2024-05-01 07:09:12
1109,view,2024-05-01 07:10:36
1109,click,2024-05-01 07:13:21
1109,click,2024-05-01 07:18:01
1109,purchase,2024-05-01 13:59:27
1109,view,2024-05-01 14:01:33
1109,view,2024-05-01 14:02:21
1109,view,2024-05-01 14:02:51
1109,view,2024-05-01 14:06:45
1109,click,2024-05-01 14:07:53
1109,purchase,2024-05-03 00:20:52
1109,click,2024-05-03 00:21:25
1109,view,2024-05-03 00:21:31
1109,view,2024-05-03 00:22:24
1109,purchase,2024-05-03 00:24:32
1109,view,2024-05-03 00:24:33
1109,view,2024-05-03 00:28:47
1109,click,2024-05-03 17:35:46
1109,view,2024-05-03 17:37:24
1109,purchase,2024-05-03 17:38:07
1109,click,2024-05-03 17:41:23
1109,click,2024-05-03 17:42:20
1109,purchase,2024-05-03 17:43:21
1109,view,2024-05-04 13:04:20
1109,view,2024-05-04 13:07:47
1109,purchase,2024-05-04 13:09:07
1109,view,2024-05-04 13:13:35
1109,click,2024-05-04 13:13:45
1110,view,2024-05-01 20:15:14
1110,view,2024-05-01 20:15:14
1110,view,2024-05-01 20:20:51
1110,click,2024-05-02 03:43:22
1110,click,2024-05-02 03:43:33
1110,view,2024-05-02 03:49:35
1110,purchase,2024-05-02 03:49:37
1110,view,2024-05-02 05:16:11
1110,view,2024-05-02 05:18:02
1110,click,2024-05-02 05:20:06
1110,view,2024-05-02 05:22:33
1110,view,2024-05-02 05:24:35
1110,view,2024-05-03 13:39:54
1110,click,2024-05-03 13:43:21
1110,view,2024-05-03 13:44:10
1110,view,2024-05-03 13:45:31
1110,view,2024-05-03 13:46:53
1110,view,2024-05-03 16:42:26
1110,view,2024-05-03 16:44:50
1110,view,2024-05-03 16:46:05
1110,view,2024-05-03 16:48:37
1110,purchase,2024-05-03 16:49:03
1110,click,2024-05-03 16:49:44
1110,view,2024-05-03 19:49:42
1110,view,2024-05-03 19:54:07
1110,view,2024-05-03 19:54:14
1110,click,2024-05-04 05:16:31
1110,view,2024-05-04 05:16:42
1110,click,2024-05-04 05:17:42
1110,view,2024-05-04 05:18:30
1110,click,2024-05-04 05:20:15
1110,view,2024-05-04 05:20:32
1110,click,2024-05-04 05:20:58
1110,view,2024-05-04 05:21:25
1110,view,2024-05-04 05:22:50
1110,purchase,2024-05-04 08:53:54
1110,click,2024-05-04 08:55:38
1110,click,2024-05-04 08:57:21
1110,view,2024-05-04 08:59:48
1110,view,2024-05-04 09:01:51
1110,click,2024-05-04 17:40:46
1110,view,2024-05-04 17:46:27
1110,purchase,2024-05-04 17:47:51
1110,view,2024-05-04 17:49:07
1110,view,2024-05-04 20:10:29
1110,view,2024-05-04 20:11:37
1110,view,2024-05-04 20:12:41
1110,purchase,2024-05-05 03:24:14
1110,view,2024-05-05 03:25:14
1110,click,2024-05-05 03:25:53
1110,view,2024-05-05 03:27:30
1110,view,2024-05-05 03:27:40
1110,purchase,2024-05-05 03:28:22
1110,view,2024-05-05 03:28:50
1110,view,2024-05-05 03:30:37
1110,view,2024-05-05 11:40:00
1110,view,2024-05-05 11:41:57
1110,purchase,2024-05-05 11:42:15
1110,click,2024-05-05 11:43:44
1110,click,2024-05-05 11:44:15
1110,purchase,2024-05-05 11:44:50
1110,click,2024-05-05 11:46:41
1110,view,2024-05-05 11:47:37
1110,view,2024-05-05 14:51:06
1110,click,2024-05-05 14:51:37
1110,purchase,2024-05-05 14:51:51
1110,view,2024-05-05 14:52:45
1110,click,2024-05-05 14:54:31
1110,view,2024-05-05 14:57:06
1110,view,2024-05-05 14:57:49
1110,view,2024-05-05 14:59:37
1110,view,2024-05-05 14:59:38
1110,view,2024-05-05 20:21:17
1110,view,2024-05-05 20:22:47
1110,view,2024-05-05 20:24:19
1110,purchase,2024-05-05 20:24:50
1110,view,2024-05-05 20:29:12
1110,view,2024-05-05 20:29:35
1110,view,2024-05-05 20:30:28
1110,view,2024-05-06 08:01:27
1110,click,2024-05-06 08:05:16
1110,view,2024-05-06 08:06:29
1110,view,2024-05-06 08:08:08
1111,click,2024-05-03 15:56:47
1111,view,2024-05-03 15:57:41
1111,click,2024-05-03 16:01:41
1111,click,2024-05-03 16:05:54
1111,purchase,2024-05-04 20:15:42
1111,view,2024-05-04 20:16:22
1111,click,2024-05-04 20:18:18
1111,view,2024-05-04 20:21:50
1111,view,2024-05-04 20:22:26
1111,view,2024-05-04 20:22:47
1111,click,2024-05-04 20:22:55
1111,view,2024-05-04 20:22:56
1111,click,2024-05-04 21:50:39
1111,view,2024-05-04 21:57:05
1111,click,2024-05-04 21:57:12
1111,click,2024-05-04 21:57:30
1111,view,2024-05-05 16:08:07
1111,click,2024-05-05 16:09:45
1111,purchase,2024-05-05 16:10:21
1111,click,2024-05-05 16:13:19
1111,view,2024-05-05 16:15:06
1111,view,2024-05-05 16:16:00
1111,view,2024-05-06 05:23:49
1111,view,2024-05-06 05:25:00
1111,click,2024-05-06 05:26:32
1111,view,2024-05-06 05:27:09
1111,click,2024-05-06 05:27:30
1111,view,2024-05-06 05:27:33
1111,view,2024-05-06 05:27:55
1111,view,2024-05-06 05:28:37
1111,view,2024-05-06 05:30:47
1111,view,2024-05-06 17:42:37
1111,view,2024-05-06 17:42:55
1111,click,2024-05-06 17:43:36
1111,purchase,2024-05-06 17:45:40
1111,view,2024-05-07 00:10:23
1111,view,2024-05-07 00:14:06
1111,click,2024-05-07 00:17:52
1111,view,2024-05-07 00:18:46
1111,view,2024-05-07 22:16:05
1111,view,2024-05-07 22:16:43
1111,purchase,2024-05-07 22:17:26
1111,view,2024-05-07 22:19:03
1111,view,2024-05-07 22:22:04
1111,view,2024-05-07 22:22:31
1111,view,2024-05-07 22:23:45
1112,view,2024-05-01 04:07:46
1112,click,2024-05-01 04:07:54
1112,view,2024-05-01 04:09:22
1112,view,2024-05-01 04:10:47
1112,purchase,2024-05-01 04:11:15
1112,click,2024-05-01 04:14:19
1112,view,2024-05-01 08:45:13
1112,view,2024-05-01 08:46:34
1112,view,2024-05-01 08:54:31
1112,view,2024-05-01 13:03:55
1112,click,2024-05-01 13:05:37
1112,view,2024-05-01 13:07:23
1112,view,2024-05-01 13:09:54
1112,view,2024-05-01 13:11:59
1112,view,2024-05-01 14:54:02
1112,click,2024-05-01 14:54:14
1112,view,2024-05-01 14:55:08
1112,click,2024-05-01 14:55:11
1112,view,2024-05-01 14:57:04
1112,view,2024-05-01 14:57:21
1112,view,2024-05-01 16:00:48
1112,click,2024-05-01 16:03:25
1112,view,2024-05-01 16:04:04
1112,view,2024-05-02 03:06:11
1112,click,2024-05-02 03:06:46
1112,click,2024-05-02 03:07:15
1112,view,2024-05-02 03:11:47
1112,view,2024-05-02 03:12:55
1112,view,2024-05-02 03:13:33
1112,click,2024-05-02 03:13:55
1112,view,2024-05-02 12:37:03
1112,purchase,2024-05-02 12:38:29
1112,view,2024-05-02 12:39:45
1112,click,2024-05-02 12:39:47
1112,purchase,2024-05-02 12:41:34
1112,view,2024-05-02 12:42:20
1112,view,2024-05-02 12:44:06
1112,view,2024-05-02 12:54:01
1112,view,2024-05-02 12:57:33
1112,purchase,2024-05-02 12:59:38
1112,view,2024-05-03 09:06:12
1112,view,2024-05-03 09:09:47
1112,view,2024-05-03 09:10:31
1112,view,2024-05-03 09:13:30
1112,purchase,2024-05-03 09:14:46
1112,click,2024-05-03 10:06:39
1112,click,2024-05-03 10:09:56
1112,view,2024-05-03 10:11:46
1112,click,2024-05-03 10:12:50
1112,purchase,2024-05-03 16:28:11
1112,click,2024-05-03 16:30:09
1112,view,2024-05-03 16:32:07
1112,view,2024-05-03 22:29:26
1112,click,2024-05-03 22:31:35
1112,purchase,2024-05-03 22:31:42
1112,view,2024-05-03 22:33:14
1112,view,2024-05-04 16:36:56
1112,click,2024-05-04 16:42:01
1112,view,2024-05-04 16:42:11
1112,view,2024-05-04 22:03:49
1112,view,2024-05-04 22:04:20
1112,view,2024-05-04 22:05:19
1112,view,2024-05-04 22:06:40
1112,view,2024-05-04 22:08:48
1112,view,2024-05-04 22:09:24
1112,view,2024-05-05 07:33:42
1112,view,2024-05-05 07:33:50
1112,view,2024-05-05 07:34:46
1112,view,2024-05-05 07:35:11
1112,view,2024-05-05 07:35:31
1112,view,2024-05-05 17:39:51
1112,purchase,2024-05-05 17:40:33
1112,view,2024-05-05 17:40:46
1112,click,2024-05-05 17:40:50
1112,view,2024-05-05 17:42:57
1112,click,2024-05-05 17:44:55
1112,view,2024-05-05 17:45:01
1112,purchase,2024-05-06 07:57:30
1112,view,2024-05-06 07:58:36
1112,purchase,2024-05-06 08:01:20
1112,view,2024-05-06 08:05:43
1112,view,2024-05-06 08:06:46
1112,click,2024-05-07 14:58:59
1112,view,2024-05-07 15:01:01
1112,view,2024-05-07 15:01:29
1113,click,2024-05-01 09:55:10
1113,click,2024-05-01 09:56:06
1113,view,2024-05-01 09:59:25
1113,view,2024-05-01 11:38:35
1113,view,2024-05-01 11:41:12
1113,view,2024-05-01 11:41:54
1113,view,2024-05-01 11:42:12
1113,view,2024-05-01 11:42:46
1113,view,2024-05-01 11:43:22
1113,click,2024-05-01 11:43:40
1113,view,2024-05-01 23:20:03
1113,view,2024-05-01 23:20:08
1113,click,2024-05-01 23:21:51
1113,view,2024-05-01 23:23:57
1113,view,2024-05-01 23:26:17
1113,view,2024-05-01 23:26:18
1113,view,2024-05-01 23:27:10
1113,view,2024-05-02 15:28:02
1113,view,2024-05-02 15:28:17
1113,view,2024-05-02 15:28:20
1113,click,2024-05-02 15:28:31
1113,view,2024-05-02 15:30:17
1113,view,2024-05-02 15:34:10
1113,click,2024-05-02 15:35:24
1113,click,2024-05-02 22:26:43
1113,view,2024-05-02 22:26:47
1113,view,2024-05-02 22:27:45
1113,click,2024-05-02 22:29:13
1113,view,2024-05-02 22:33:08
1113,view,2024-05-02 22:33:23
1113,view,2024-05-02 22:34:57
1113,purchase,2024-05-03 18:35:57
1113,view,2024-05-03 18:36:21
1113,purchase,2024-05-03 18:37:39
1113,view,2024-05-03 18:37:50
1113,click,2024-05-03 18:39:13
1113,view,2024-05-03 18:41:06
1113,view,2024-05-03 18:42:13
1113,purchase,2024-05-03 18:43:07
1113,view,2024-05-03 18:43:48
1113,click,2024-05-05 12:46:01
1113,click,2024-05-05 12:46:36
1113,view,2024-05-05 12:47:26
1113,click,2024-05-05 12:47:45
1113,view,2024-05-05 12:50:05
1113,view,2024-05-05 12:50:12
1113,click,2024-05-05 13:52:59
1113,view,2024-05-05 13:53:19
1113,view,2024-05-05 13:53:40
1113,view,2024-05-05 13:55:03
1113,click,2024-05-05 13:55:34
1113,view,2024-05-05 13:57:00
1113,click,2024-05-06 06:59:13
1113,view,2024-05-06 07:00:19
1113,view,2024-05-06 07:05:13
1114,click,2024-05-03 19:17:27
1114,purchase,2024-05-03 19:19:53
1114,view,2024-05-03 19:20:32
1114,view,2024-05-03 19:21:37
1114,view,2024-05-03 19:22:13
1114,view,2024-05-03 19:22:53
1114,view,2024-05-03 19:23:13
1114,click,2024-05-03 19:24:11
1114,click,2024-05-03 23:18:53
1114,click,2024-05-03 23:21:56
1114,click,2024-05-03 23:23:32
1114,view,2024-05-03 23:24:30
1114,purchase,2024-05-03 23:24:52
1114,view,2024-05-03 23:25:41
1114,view,2024-05-05 16:30:35
1114,view,2024-05-05 16:33:31
1114,click,2024-05-05 16:35:30
1114,view,2024-05-05 16:37:01
1114,view,2024-05-05 22:12:48
1114,view,2024-05-05 22:16:06
1114,click,2024-05-05 22:16:25
1114,click,2024-05-05 22:17:33
1114,view,2024-05-05 22:17:44
1114,click,2024-05-06 05:12:21
1114,click,2024-05-06 05:12:56
1114,click,2024-05-06 05:13:25
1114,view,2024-05-06 05:13:57
1114,click,2024-05-06 05:18:59
1114,view,2024-05-06 05:19:08
1114,view,2024-05-06 05:19:36
1114,view,2024-05-06 05:20:11
1114,view,2024-05-06 05:20:57
1114,purchase,2024-05-06 18:18:53
1114,view,2024-05-06 18:19:20
1114,view,2024-05-06 18:20:44
1114,view,2024-05-06 18:21:12
1114,click,2024-05-06 18:22:23
1114,view,2024-05-06 18:25:14
1114,view,2024-05-06 18:26:04
1114,view,2024-05-06 18:26:46
1115,view,2024-05-01 16:00:03
1115,view,2024-05-01 16:02:28
1115,click,2024-05-01 16:05:01
1115,click,2024-05-01 16:47:55
1115,view,2024-05-01 16:47:57
1115,view,2024-05-01 16:50:43
1115,purchase,2024-05-01 16:52:47
1115,view,2024-05-01 17:51:13
1115,view,2024-05-01 17:56:30
1115,view,2024-05-01 17:56:58
1115,view,2024-05-01 17:58:30
1115,view,2024-05-01 18:41:25
1115,view,2024-05-01 18:42:29
1115,view,2024-05-01 18:43:18
1115,click,2024-05-01 18:47:11
1115,click,2024-05-02 03:02:06
1115,click,2024-05-02 03:02:50
1115,view,2024-05-02 03:06:50
1115,view,2024-05-02 03:07:03
1115,view,2024-05-02 03:07:09
1115,click,2024-05-02 03:07:38
1115,view,2024-05-02 16:45:14
1115,view,2024-05-02 16:45:28
1115,click,2024-05-02 16:45:37
1115,view,2024-05-02 16:46:06
1115,view,2024-05-02 16:47:25
1115,view,2024-05-02 16:47:35
1115,click,2024-05-02 16:48:00
1115,click,2024-05-02 16:48:22
1115,view,2024-05-03 01:14:53
1115,view,2024-05-03 01:18:36
1115,click,2024-05-03 01:19:42
1115,view,2024-05-03 21:39:18
1115,view,2024-05-03 21:39:21
1115,purchase,2024-05-03 21:39:47
1115,view,2024-05-03 21:39:59
1115,click,2024-05-03 21:42:56
1115,view,2024-05-03 21:43:01
1115,view,2024-05-04 04:43:13
1115,view,2024-05-04 04:43:23
1115,view,2024-05-04 04:43:48
1115,click,2024-05-04 04:46:14
1115,view,2024-05-04 04:46:20
1115,click,2024-05-04 04:50:49
1115,view,2024-05-04 04:51:47
1115,view,2024-05-04 19:26:12
1115,click,2024-05-04 19:28:23
1115,view,2024-05-04 19:28:25
1115,purchase,2024-05-04 19:30:56
1115,purchase,2024-05-04 19:32:34
1116,view,2024-05-01 20:08:07
1116,view,2024-05-01 20:09:26
1116,view,2024-05-01 20:10:59
1116,purchase,2024-05-01 20:11:30
1116,view,2024-05-01 20:13:17
1116,click,2024-05-01 20:14:44
1116,view,2024-05-02 08:27:18
1116,view,2024-05-02 08:27:24
1116,click,2024-05-02 08:31:55
1116,view,2024-05-02 10:14:03
1116,view,2024-05-02 10:14:31
1116,purchase,2024-05-02 10:15:44
1116,view,2024-05-02 10:17:14
1116,view,2024-05-02 10:17:36
1116,view,2024-05-02 10:21:24
1116,view,2024-05-03 01:08:36
1116,view,2024-05-03 01:09:21
1116,view,2024-05-03 01:13:47
1116,view,2024-05-03 01:15:03
1116,purchase,2024-05-03 01:15:28
1116,view,2024-05-03 01:17:25
1116,view,2024-05-03 01:37:05
1116,view,2024-05-03 01:38:49
1116,view,2024-05-03 01:42:55
1116,view,2024-05-03 01:43:47
1116,view,2024-05-03 05:56:07
1116,view,2024-05-03 05:56:22
1116,view,2024-05-03 05:56:29
1116,view,2024-05-03 05:56:40
1116,click,2024-05-03 09:33:53
1116,click,2024-05-03 09:40:32
1116,view,2024-05-03 09:41:26
1116,view,2024-05-03 14:59:07
1116,purchase,2024-05-03 14:59:29
1116,view,2024-05-03 14:59:38
1116,view,2024-05-03 15:02:10
1116,view,2024-05-03 15:03:02
1116,click,2024-05-03 15:06:36
1116,click,2024-05-03 23:41:49
1116,view,2024-05-03 23:42:39
1116,view,2024-05-03 23:42:52
1116,click,2024-05-03 23:45:35
1116,click,2024-05-03 23:47:42
1116,view,2024-05-03 23:48:24
1116,view,2024-05-04 00:12:53
1116,purchase,2024-05-04 00:13:01
1116,click,2024-05-04 00:13:08
1116,purchase,2024-05-04 00:13:47
1116,view,2024-05-04 00:17:41
1116,view,2024-05-04 00:19:10
1116,view,2024-05-04 00:21:30
1116,view,2024-05-04 11:40:56
1116,view,2024-05-04 11:43:03
1116,view,2024-05-04 11:44:29
1116,view,2024-05-04 11:46:48
1116,view,2024-05-04 11:47:37
1116,view,2024-05-05 00:36:20
1116,view,2024-05-05 00:36:29
1116,click,2024-05-05 00:37:34
1116,view,2024-05-05 00:42:06
1116,view,2024-05-05 00:42:20
1116,view,2024-05-05 01:41:32
1116,view,2024-05-05 01:41:57
1116,click,2024-05-05 01:42:44
1116,view,2024-05-05 01:45:28
1116,view,2024-05-05 01:49:41
1116,view,2024-05-05 01:49:47
1116,view,2024-05-05 01:49:58
1116,click,2024-05-05 14:18:42
1116,view,2024-05-05 14:21:19
1116,view,2024-05-05 14:22:16
1116,click,2024-05-05 21:20:50
1116,view,2024-05-05 21:21:22
1116,click,2024-05-05 21:21:52
1116,view,2024-05-05 21:25:33
1116,purchase,2024-05-05 21:25:56
1116,click,2024-05-07 07:19:08
1116,click,2024-05-07 07:20:00
1116,view,2024-05-07 07:24:22
1116,click,2024-05-07 07:24:55
1116,click,2024-05-07 07:25:28
1116,click,2024-05-07 07:26:02
1117,view,2024-05-01 00:23:19
1117,view,2024-05-01 00:27:02
1117,click,2024-05-01 00:28:06
1117,view,2024-05-01 00:29:14
1117,click,2024-05-01 00:30:48
1117,purchase,2024-05-01 00:32:12
1117,click,2024-05-01 00:32:58
1117,click,2024-05-01 07:05:25
1117,view,2024-05-01 07:05:49
1117,click,2024-05-01 07:05:56
1117,purchase,2024-05-01 07:06:21
1117,view,2024-05-01 07:06:36
1117,view,2024-05-01 07:07:52
1117,view,2024-05-01 07:08:04
1117,view,2024-05-01 07:09:19
1117,view,2024-05-01 07:09:24
1117,click,2024-05-01 19:28:26
1117,click,2024-05-01 19:29:07
1117,click,2024-05-01 19:30:14
1117,click,2024-05-01 19:30:20
1117,view,2024-05-01 19:34:15
1117,click,2024-05-01 19:36:46
1117,view,2024-05-02 17:34:40
1117,click,2024-05-02 17:34:52
1117,purchase,2024-05-02 17:35:33
1117,click,2024-05-02 17:35:46
1117,view,2024-05-02 17:35:51
1117,view,2024-05-02 17:36:23
1117,view,2024-05-02 17:42:16
1117,click,2024-05-02 17:43:02
1117,view,2024-05-02 17:43:37
1117,view,2024-05-03 04:43:29
1117,view,2024-05-03 04:46:13
1117,view,2024-05-03 04:48:44
1117,view,2024-05-04 11:46:48
1117,click,2024-05-04 11:48:18
1117,view,2024-05-04 11:53:41
1117,view,2024-05-04 11:55:56
1117,view,2024-05-04 15:03:57
1117,view,2024-05-04 15:05:03
1117,view,2024-05-04 15:10:12
1117,view,2024-05-04 23:50:31
1117,view,2024-05-04 23:51:21
1117,view,2024-05-04 23:54:00
1117,view,2024-05-04 23:58:49
1117,view,2024-05-05 04:29:15
1117,click,2024-05-05 04:32:44
1117,view,2024-05-05 04:34:14
1117,view,2024-05-05 04:36:30
1117,click,2024-05-05 04:47:32
1117,view,2024-05-05 04:48:05
1117,view,2024-05-05 04:49:07
1117,purchase,2024-05-05 04:54:31
1117,view,2024-05-05 13:55:00
1117,click,2024-05-05 13:56:14
1117,view,2024-05-05 13:57:07
1117,view,2024-05-05 13:59:12
1117,view,2024-05-05 14:01:20
1117,view,2024-05-05 14:02:26
1117,click,2024-05-06 05:39:40
1117,view,2024-05-06 05:43:46
1117,click,2024-05-06 05:44:14
1117,view,2024-05-06 05:45:17
1117,view,2024-05-06 05:46:06
1117,view,2024-05-06 05:46:28
1117,click,2024-05-06 05:46:46
1117,view,2024-05-06 05:47:13
1117,view,2024-05-07 00:55:39
1117,view,2024-05-07 00:58:28
1117,view,2024-05-07 00:59:57
1117,view,2024-05-07 07:43:59
1117,click,2024-05-07 07:50:22
1117,view,2024-05-07 07:50:39
1117,view,2024-05-07 07:50:43
1117,view,2024-05-07 07:51:36
1117,view,2024-05-07 20:42:10
1117,click,2024-05-07 20:43:27
1117,view,2024-05-07 20:44:21
1117,click,2024-05-07 20:44:33
1117,view,2024-05-07 20:46:12
1117,view,2024-05-07 20:48:57
1118,click,2024-05-01 17:39:28
1118,click,2024-05-01 17:41:06
1118,view,2024-05-01 17:43:01
1118,view,2024-05-01 17:44:12
1118,view,2024-05-01 17:47:01
1118,view,2024-05-02 04:19:20
1118,view,2024-05-02 04:21:29
1118,purchase,2024-05-02 04:22:01
1118,click,2024-05-02 04:24:01
1118,view,2024-05-02 04:24:22
1118,view,2024-05-02 04:24:35
1118,view,2024-05-02 04:25:16
1118,click,2024-05-02 08:45:59
1118,click,2024-05-02 08:48:33
1118,view,2024-05-02 08:48:36
1118,click,2024-05-02 08:49:02
1118,view,2024-05-02 08:51:02
1118,view,2024-05-02 08:51:06
1118,purchase,2024-05-02 08:52:05
1118,click,2024-05-02 08:52:34
1118,view,2024-05-02 08:52:35
1118,purchase,2024-05-04 22:13:20
1118,click,2024-05-04 22:13:51
1118,click,2024-05-04 22:14:08
1118,click,2024-05-04 22:14:36
1118,click,2024-05-04 22:16:11
1118,purchase,2024-05-04 22:16:38
1118,click,2024-05-04 22:19:20
1118,purchase,2024-05-04 22:19:26
1118,view,2024-05-05 13:19:05
1118,view,2024-05-05 13:21:50
1118,click,2024-05-05 13:22:36
1118,view,2024-05-05 13:23:20
1118,view,2024-05-05 13:23:49
1118,view,2024-05-05 13:24:01
1118,view,2024-05-05 13:26:05
1118,view,2024-05-05 20:31:35
1118,view,2024-05-05 20:33:50
1118,view,2024-05-05 20:33:59
1118,click,2024-05-05 20:34:58
1118,click,2024-05-05 20:35:11
1118,click,2024-05-05 20:35:35
1118,click,2024-05-05 20:36:11
1118,click,2024-05-05 20:38:09
1118,click,2024-05-05 22:33:18
1118,click,2024-05-05 22:33:20
1118,click,2024-05-05 22:33:37
1118,view,2024-05-05 22:37:10
1118,click,2024-05-05 22:37:26
1118,click,2024-05-05 22:38:33
1118,view,2024-05-05 22:38:53
1118,view,2024-05-05 22:39:53
1118,click,2024-05-05 22:40:23
1118,view,2024-05-06 10:34:22
1118,click,2024-05-06 10:34:25
1118,view,2024-05-06 10:36:00
1118,view,2024-05-06 10:36:33
1118,click,2024-05-06 10:39:21
1118,view,2024-05-07 12:02:48
1118,view,2024-05-07 12:05:51
1118,view,2024-05-07 12:06:54
1118,view,2024-05-07 12:06:56
1118,click,2024-05-07 12:07:38
1118,view,2024-05-07 12:08:24
1118,purchase,2024-05-07 19:10:30
1118,click,2024-05-07 19:10:49
1118,purchase,2024-05-07 19:17:12
1119,view,2024-05-01 11:49:57
1119,view,2024-05-01 11:52:28
1119,view,2024-05-01 11:52:49
1119,purchase,2024-05-01 11:53:35
1119,view,2024-05-01 11:56:34
1119,click,2024-05-01 12:23:46
1119,view,2024-05-01 12:24:20
1119,click,2024-05-01 12:26:04
1119,click,2024-05-01 12:26:19
1119,view,2024-05-01 12:26:52
1119,view,2024-05-01 12:27:49
1119,purchase,2024-05-01 12:27:57
1119,view,2024-05-02 07:25:32
1119,click,2024-05-02 07:29:54
1119,purchase,2024-05-02 07:29:55
1119,view,2024-05-02 07:30:52
1119,view,2024-05-02 07:31:30
1119,view,2024-05-02 07:33:51
1119,click,2024-05-04 18:03:48
1119,purchase,2024-05-04 18:04:58
1119,view,2024-05-04 18:05:40
1119,view,2024-05-04 18:07:53
1119,view,2024-05-04 18:09:30
1119,view,2024-05-04 18:10:05
1119,view,2024-05-04 18:10:05
1119,purchase,2024-05-04 18:10:34
1119,view,2024-05-04 18:10:40
1119,click,2024-05-04 20:37:42
1119,click,2024-05-04 20:37:49
1119,view,2024-05-04 20:38:47
1119,click,2024-05-04 20:42:34
1119,view,2024-05-04 20:43:17
1119,click,2024-05-04 20:43:29
1119,view,2024-05-04 20:44:04
1119,click,2024-05-04 20:44:54
1119,purchase,2024-05-04 20:46:59
1119,view,2024-05-05 08:14:21
1119,view,2024-05-05 08:14:56
1119,view,2024-05-05 08:16:19
1119,purchase,2024-05-05 08:17:15
1119,purchase,2024-05-05 08:18:41
1119,click,2024-05-05 08:21:09
1119,view,2024-05-05 08:21:34
1119,view,2024-05-05 13:58:09
1119,view,2024-05-05 13:59:28
1119,click,2024-05-05 14:00:42
1119,view,2024-05-05 14:04:56
1119,view,2024-05-06 00:15:37
1119,view,2024-05-06 00:17:13
1119,purchase,2024-05-06 00:17:36
1119,click,2024-05-06 00:19:03
1119,view,2024-05-06 00:21:51
1119,purchase,2024-05-06 00:22:46
1119,view,2024-05-06 00:24:47
1119,click,2024-05-06 02:13:50
1119,click,2024-05-06 02:14:37
1119,view,2024-05-06 02:16:00
1119,view,2024-05-06 02:16:34
1119,view,2024-05-06 02:17:32
1119,view,2024-05-06 02:17:44
1119,view,2024-05-06 02:18:07
1119,view,2024-05-06 02:20:21
1119,view,2024-05-06 02:20:34
1119,view,2024-05-06 03:02:47
1119,view,2024-05-06 03:03:19
1119,click,2024-05-06 03:04:24
1119,view,2024-05-06 03:04:27
1119,view,2024-05-06 03:04:48
1119,click,2024-05-06 03:05:06
1119,click,2024-05-06 03:07:20
1119,view,2024-05-06 03:11:55
1119,click,2024-05-06 08:46:50
1119,view,2024-05-06 08:47:56
1119,click,2024-05-06 08:49:06
1119,click,2024-05-06 08:49:38
1119,view,2024-05-06 08:51:23
1119,view,2024-05-06 08:53:05
1119,click,2024-05-06 08:53:09
1119,view,2024-05-06 19:43:08
1119,click,2024-05-06 19:44:28
1119,click,2024-05-06 19:45:27
1119,view,2024-05-06 19:46:55
1119,click,2024-05-06 19:47:08
1119,purchase,2024-05-06 19:48:39
1119,view,2024-05-06 19:49:35
1119,view,2024-05-06 19:50:30
1119,view,2024-05-06 19:51:45
1120,view,2024-05-01 01:33:16
1120,click,2024-05-01 01:34:43
1120,view,2024-05-01 01:35:53
1120,view,2024-05-01 01:37:33
1120,view,2024-05-01 01:38:39
1120,view,2024-05-01 03:42:37
1120,click,2024-05-01 03:44:18
1120,view,2024-05-01 03:44:32
1120,view,2024-05-01 03:44:49
1120,click,2024-05-01 03:45:30
1120,purchase,2024-05-01 03:46:03
1120,view,2024-05-01 03:46:17
1120,click,2024-05-01 03:48:16
1120,view,2024-05-01 03:51:41
1120,view,2024-05-02 18:33:37
1120,view,2024-05-02 18:35:13
1120,view,2024-05-02 18:35:47
1120,view,2024-05-02 18:36:58
1120,view,2024-05-02 18:37:26
1120,view,2024-05-02 18:37:59
1120,view,2024-05-02 18:40:27
1120,view,2024-05-03 03:31:02
1120,view,2024-05-03 03:31:27
1120,view,2024-05-03 03:31:46
1120,view,2024-05-03 03:32:08
1120,view,2024-05-03 03:32:48
1120,purchase,2024-05-03 03:35:55
1120,view,2024-05-03 03:37:11
1120,click,2024-05-03 03:39:19
1120,view,2024-05-05 00:56:34
1120,view,2024-05-05 00:57:56
1120,view,2024-05-05 01:00:04
1120,view,2024-05-05 01:00:42
1120,view,2024-05-06 13:13:31
1120,click,2024-05-06 13:14:43
1120,purchase,2024-05-06 13:20:10
1120,view,2024-05-07 04:52:43
1120,view,2024-05-07 04:53:01
1120,click,2024-05-07 04:53:13
1120,click,2024-05-07 04:54:17
1120,click,2024-05-07 04:59:29
1120,purchase,2024-05-07 04:59:42
1120,view,2024-05-07 18:39:00
1120,click,2024-05-07 18:40:03
1120,view,2024-05-07 18:43:33
1121,view,2024-05-02 00:10:11
1121,view,2024-05-02 00:11:52
1121,purchase,2024-05-02 00:12:37
1121,view,2024-05-02 00:19:12
1121,click,2024-05-02 02:14:11
1121,view,2024-05-02 02:17:08
1121,click,2024-05-02 02:17:44
1121,view,2024-05-02 02:18:05
1121,click,2024-05-02 02:18:24
1121,view,2024-05-02 02:18:57
1121,click,2024-05-02 02:21:38
1121,view,2024-05-02 02:21:54
1121,view,2024-05-02 13:57:47
1121,view,2024-05-02 13:58:09
1121,view,2024-05-02 13:58:57
1121,view,2024-05-02 14:00:31
1121,purchase,2024-05-02 14:03:19
1121,click,2024-05-02 18:14:57
1121,view,2024-05-02 18:15:10
1121,view,2024-05-02 18:15:16
1121,view,2024-05-02 18:15:30
1121,view,2024-05-02 18:19:18
1121,view,2024-05-02 18:19:49
1121,view,2024-05-03 02:54:43
1121,click,2024-05-03 02:54:45
1121,view,2024-05-03 02:57:06
1121,view,2024-05-03 02:58:10
1121,click,2024-05-03 03:01:08
1121,view,2024-05-03 03:01:47
1121,purchase,2024-05-03 03:03:29
1121,view,2024-05-03 11:49:57
1121,view,2024-05-03 11:52:33
1121,click,2024-05-03 11:53:38
1121,view,2024-05-03 12:28:56
1121,click,2024-05-03 12:29:28
1121,view,2024-05-03 12:30:27
1121,click,2024-05-03 12:30:53
1121,click,2024-05-03 12:31:18
1121,view,2024-05-03 12:33:57
1121,view,2024-05-03 12:35:54
1121,view,2024-05-03 12:36:18
1121,view,2024-05-05 04:36:46
1121,view,2024-05-05 04:37:37
1121,click,2024-05-05 04:38:31
1121,view,2024-05-05 04:39:53
1121,click,2024-05-05 04:40:17
1121,click,2024-05-05 04:43:19
1121,view,2024-05-05 08:59:24
1121,purchase,2024-05-05 09:01:18
1121,view,2024-05-05 09:03:04
1121,click,2024-05-05 09:04:47
1121,view,2024-05-05 09:06:59
1121,click,2024-05-05 09:07:00
1121,click,2024-05-05 09:07:16
1121,view,2024-05-05 09:08:32
1121,view,2024-05-05 09:08:49
1121,view,2024-05-07 03:54:16
1121,click,2024-05-07 03:55:52
1121,view,2024-05-07 03:56:54
1121,view,2024-05-07 03:57:14
1121,view,2024-05-07 03:57:33
1121,view,2024-05-07 03:57:42
1121,view,2024-05-07 03:59:02
1121,click,2024-05-07 03:59:32
1121,view,2024-05-07 03:59:39
1121,view,2024-05-07 18:58:55
1121,view,2024-05-07 19:01:09
1121,click,2024-05-07 19:01:15
1121,purchase,2024-05-07 19:02:24
1121,purchase,2024-05-07 19:04:09
1121,view,2024-05-07 19:13:59
1121,view,2024-05-07 19:14:08
1121,purchase,2024-05-07 19:14:30
1121,click,2024-05-07 19:18:05
1122,view,2024-05-02 06:16:40
1122,view,2024-05-02 06:17:00
1122,click,2024-05-02 06:17:19
1122,click,2024-05-02 06:21:16
1122,view,2024-05-02 06:22:44
1122,view,2024-05-02 06:23:12
1122,view,2024-05-02 06:23:36
1122,view,2024-05-02 06:24:40
1122,purchase,2024-05-03 09:25:10
1122,view,2024-05-03 09:26:12
1122,view,2024-05-03 09:31:47
1122,view,2024-05-03 09:48:01
1122,view,2024-05-03 09:51:27
1122,view,2024-05-03 09:53:48
1122,click,2024-05-03 09:53:51
1122,view,2024-05-03 09:55:00
1122,click,2024-05-03 09:55:15
1122,view,2024-05-03 09:55:22
1122,view,2024-05-03 09:56:01
1122,view,2024-05-06 04:28:06
1122,click,2024-05-06 04:28:49
1122,click,2024-05-06 04:30:07
1122,view,2024-05-06 04:36:12
1122,purchase,2024-05-06 09:46:04
1122,view,2024-05-06 09:46:07
1122,click,2024-05-06 09:48:58
1122,click,2024-05-06 09:51:10
1122,purchase,2024-05-06 09:51:14
1122,click,2024-05-06 09:51:25
1122,view,2024-05-06 09:51:40
1122,view,2024-05-06 09:53:19
1123,view,2024-05-01 20:20:57
1123,click,2024-05-01 20:25:49
1123,click,2024-05-01 20:26:00
1123,view,2024-05-02 05:00:27
1123,view,2024-05-02 05:01:16
1123,purchase,2024-05-02 05:04:29
1123,view,2024-05-02 05:04:30
1123,click,2024-05-02 05:05:03
1123,view,2024-05-02 05:06:30
1123,view,2024-05-04 01:11:24
1123,click,2024-05-04 01:12:19
1123,view,2024-05-04 01:15:09
1123,view,2024-05-04 01:15:46
1123,click,2024-05-04 01:16:58
1123,view,2024-05-04 01:17:46
1123,view,2024-05-04 01:18:56
1123,view,2024-05-04 21:12:37
1123,view,2024-05-04 21:12:45
1123,view,2024-05-04 21:12:56
1123,click,2024-05-04 21:13:42
1123,view,2024-05-04 21:18:42
1123,view,2024-05-05 02:25:24
1123,view,2024-05-05 02:31:33
1123,click,2024-05-05 02:31:46
1123,view,2024-05-05 02:32:11
1123,view,2024-05-05 15:48:52
1123,view,2024-05-05 15:48:55
1123,click,2024-05-05 15:49:15
1123,purchase,2024-05-05 15:49:57
1123,click,2024-05-05 15:50:33
1123,click,2024-05-06 07:23:59
1123,view,2024-05-06 07:25:37
1123,view,2024-05-06 07:26:04
1123,click,2024-05-06 07:31:21
1123,click,2024-05-06 07:31:30
1123,view,2024-05-06 07:32:00
1123,view,2024-05-06 07:32:07
1123,view,2024-05-07 06:47:45
1123,view,2024-05-07 06:48:10
1123,click,2024-05-07 06:49:30
1123,view,2024-05-07 06:49:55
1123,view,2024-05-07 06:50:53
1123,view,2024-05-07 06:51:05
1123,click,2024-05-07 06:51:05
1123,click,2024-05-07 06:53:57
1123,click,2024-05-07 06:54:38
1123,view,2024-05-07 15:37:37
1123,click,2024-05-07 15:38:06
1123,view,2024-05-07 15:38:48
1123,view,2024-05-07 15:41:07
1123,purchase,2024-05-07 15:43:57
1123,click,2024-05-07 15:44:17
1123,click,2024-05-07 21:01:58
1123,purchase,2024-05-07 21:02:37
1123,view,2024-05-07 21:02:43
1123,view,2024-05-07 21:05:20
1124,view,2024-05-01 10:35:35
1124,view,2024-05-01 10:42:13
1124,view,2024-05-01 10:42:18
1124,click,2024-05-04 17:18:54
1124,view,2024-05-04 17:21:21
1124,view,2024-05-04 17:22:16
1124,view,2024-05-05 19:52:29
1124,view,2024-05-05 19:52:30
1124,click,2024-05-05 19:53:54
1124,view,2024-05-05 19:54:17
1124,view,2024-05-05 19:54:37
1124,click,2024-05-05 19:57:10
1124,view,2024-05-05 19:58:05
1124,click,2024-05-05 19:58:51
1124,view,2024-05-05 20:00:58
1124,view,2024-05-05 22:03:52
1124,click,2024-05-05 22:04:48
1124,purchase,2024-05-05 22:05:38
1124,click,2024-05-05 22:09:21
1124,view,2024-05-05 22:10:28
1124,view,2024-05-05 22:10:53
1124,view,2024-05-06 14:30:17
1124,view,2024-05-06 14:34:04
1124,view,2024-05-06 14:35:00
1124,view,2024-05-06 14:37:53
1124,click,2024-05-06 14:38:14
1124,view,2024-05-06 14:38:27
1124,view,2024-05-06 14:38:30
1124,click,2024-05-06 14:38:46
1124,view,2024-05-06 14:39:01
1124,view,2024-05-07 00:50:17
1124,purchase,2024-05-07 00:52:42
1124,view,2024-05-07 00:53:02
1124,view,2024-05-07 00:53:39
1124,view,2024-05-07 00:54:15
1124,view,2024-05-07 00:54:52
1124,click,2024-05-07 00:56:36
1124,view,2024-05-07 00:57:28
1124,click,2024-05-07 00:58:03
1124,view,2024-05-07 08:18:49
1124,click,2024-05-07 08:19:48
1124,view,2024-05-07 08:20:09
1124,view,2024-05-07 08:22:00
1124,view,2024-05-07 08:23:54
1124,click,2024-05-07 08:24:03
1124,click,2024-05-07 08:24:20
1124,view,2024-05-07 08:26:08
1124,click,2024-05-07 09:32:51
1124,click,2024-05-07 09:36:09
1124,click,2024-05-07 09:36:19
1124,view,2024-05-07 09:36:29
1124,view,2024-05-07 09:36:55
1124,view,2024-05-07 09:38:55
1124,click,2024-05-07 09:38:59
1124,purchase,2024-05-07 09:40:02
1124,view,2024-05-07 14:39:36
1124,click,2024-05-07 14:40:11
1124,view,2024-05-07 14:45:43
1124,view,2024-05-07 14:46:10
1124,view,2024-05-07 18:46:03
1124,purchase,2024-05-07 18:47:37
1124,purchase,2024-05-07 18:47:38
1125,purchase,2024-05-01 19:03:40
1125,purchase,2024-05-01 19:06:09
1125,click,2024-05-01 19:06:42
1125,purchase,2024-05-01 19:06:46
1125,click,2024-05-01 19:07:48
1125,click,2024-05-01 19:07:52
1125,view,2024-05-01 19:09:01
1125,view,2024-05-01 19:09:19
1125,view,2024-05-02 04:42:21
1125,click,2024-05-02 04:42:33
1125,click,2024-05-02 04:43:37
1125,view,2024-05-02 04:45:34
1125,view,2024-05-02 04:46:57
1125,view,2024-05-02 04:47:52
1125,view,2024-05-02 04:49:08
1125,view,2024-05-02 04:51:24
1125,view,2024-05-03 06:33:28
1125,click,2024-05-03 06:34:54
1125,view,2024-05-03 06:35:10
1125,view,2024-05-03 06:35:15
1125,view,2024-05-03 06:38:24
1125,click,2024-05-03 06:38:27
1125,click,2024-05-03 06:39:09
1125,view,2024-05-03 06:40:46
1125,view,2024-05-03 06:41:49
1125,view,2024-05-03 21:06:32
1125,view,2024-05-03 21:07:01
1125,view,2024-05-03 21:07:49
1125,click,2024-05-03 21:09:44
1125,click,2024-05-03 21:11:08
1125,view,2024-05-03 21:13:13
1125,view,2024-05-03 21:13:15
1125,view,2024-05-04 12:51:14
1125,click,2024-05-04 12:51:56
1125,purchase,2024-05-04 12:54:20
1125,view,2024-05-04 12:57:46
1125,view,2024-05-04 17:37:11
1125,view,2024-05-04 17:38:47
1125,click,2024-05-04 17:38:54
1125,view,2024-05-04 17:39:35
1125,purchase,2024-05-04 17:41:17
1125,view,2024-05-05 02:53:20
1125,click,2024-05-05 02:55:36
1125,click,2024-05-05 02:57:02
1125,click,2024-05-05 02:59:33
1125,view,2024-05-05 09:01:29
1125,click,2024-05-05 09:04:00
1125,click,2024-05-05 09:04:47
1125,view,2024-05-05 09:06:35
1125,view,2024-05-05 09:08:15
1125,view,2024-05-05 09:10:49
1125,view,2024-05-05 14:22:43
1125,view,2024-05-05 14:23:02
1125,view,2024-05-05 14:23:49
1125,view,2024-05-05 14:26:37
1125,click,2024-05-05 15:19:06
1125,click,2024-05-05 15:19:30
1125,click,2024-05-05 15:20:09
1125,view,2024-05-05 15:20:33
1125,view,2024-05-05 15:21:43
1125,click,2024-05-05 15:25:53
1125,click,2024-05-05 15:27:53
1125,view,2024-05-07 05:32:02
1125,click,2024-05-07 05:34:41
1125,view,2024-05-07 05:36:26
1125,view,2024-05-07 05:37:23
1125,click,2024-05-07 05:37:47
1125,click,2024-05-07 05:38:47
1125,view,2024-05-07 05:40:14
1125,purchase,2024-05-07 17:53:56
1125,view,2024-05-07 17:55:07
1125,view,2024-05-07 17:56:41
1125,view,2024-05-07 17:56:49
1125,view,2024-05-07 17:59:27
1125,click,2024-05-07 17:59:46
1125,view,2024-05-07 18:01:39
1125,view,2024-05-07 18:02:59
1125,view,2024-05-07 18:27:12
1125,click,2024-05-07 18:29:57
1125,view,2024-05-07 18:31:01
1125,view,2024-05-07 18:31:09
1125,view,2024-05-07 18:33:44
1125,purchase,2024-05-07 18:33:58
1125,view,2024-05-07 18:34:00
1125,view,2024-05-07 18:35:03
1126,view,2024-05-02 21:41:02
1126,view,2024-05-02 21:42:02
1126,click,2024-05-02 21:45:34
1126,view,2024-05-02 21:49:21
1126,view,2024-05-03 01:48:31
1126,purchase,2024-05-03 01:52:12
1126,click,2024-05-03 01:52:24
1126,click,2024-05-03 01:53:19
1126,click,2024-05-03 01:53:55
1126,view,2024-05-03 01:55:54
1126,purchase,2024-05-03 01:56:17
1126,view,2024-05-03 01:59:32
1126,view,2024-05-03 02:01:59
1126,purchase,2024-05-03 08:58:58
1126,click,2024-05-03 08:59:54
1126,click,2024-05-03 09:03:35
1126,purchase,2024-05-03 09:43:55
1126,view,2024-05-03 09:47:40
1126,view,2024-05-03 09:48:56
1126,view,2024-05-04 21:27:36
1126,view,2024-05-04 21:28:48
1126,click,2024-05-04 21:30:30
1126,click,2024-05-04 21:30:39
1126,view,2024-05-04 21:31:32
1126,view,2024-05-04 21:32:05
1126,view,2024-05-04 21:33:23
1126,view,2024-05-04 21:55:52
1126,purchase,2024-05-04 21:57:26
1126,view,2024-05-04 22:02:57
1126,view,2024-05-05 02:11:13
1126,purchase,2024-05-05 02:11:22
1126,view,2024-05-05 02:13:23
1126,view,2024-05-05 02:17:08
1126,purchase,2024-05-06 09:46:06
1126,click,2024-05-06 09:50:05
1126,view,2024-05-06 09:51:24
1126,view,2024-05-06 09:53:20
1126,view,2024-05-06 14:51:23
1126,click,2024-05-06 14:51:52
1126,view,2024-05-06 14:53:27
1126,view,2024-05-06 14:55:10
1126,view,2024-05-06 14:56:02
1126,view,2024-05-06 14:58:28
1126,purchase,2024-05-07 07:44:21
1126,view,2024-05-07 07:44:32
1126,view,2024-05-07 07:46:46
1126,view,2024-05-07 07:46:51
1126,view,2024-05-07 07:48:09
1126,view,2024-05-07 07:48:20
1126,view,2024-05-07 07:50:15
1126,view,2024-05-07 07:53:09
1127,view,2024-05-01 08:55:38
1127,click,2024-05-01 08:58:36
1127,click,2024-05-01 08:59:04
1127,view,2024-05-01 09:00:09
1127,view,2024-05-01 09:00:57
1127,view,2024-05-01 15:12:59
1127,click,2024-05-01 15:14:03
1127,view,2024-05-01 15:14:15
1127,view,2024-05-01 15:14:18
1127,view,2024-05-01 15:18:16
1127,view,2024-05-01 15:18:29
1127,view,2024-05-01 15:19:14
1127,click,2024-05-01 15:20:18
1127,purchase,2024-05-01 15:20:24
1127,view,2024-05-02 01:59:54
1127,click,2024-05-02 02:00:47
1127,view,2024-05-02 02:02:30
1127,view,2024-05-02 02:02:47
1127,click,2024-05-02 02:03:32
1127,view,2024-05-02 02:06:20
1127,view,2024-05-02 02:06:53
1127,view,2024-05-02 02:08:13
1127,view,2024-05-02 15:48:40
1127,view,2024-05-02 15:49:36
1127,view,2024-05-02 15:53:47
1127,click,2024-05-02 15:55:22
1127,click,2024-05-02 15:55:31
1127,view,2024-05-02 15:55:51
1127,purchase,2024-05-02 15:55:57
1127,view,2024-05-02 15:57:50
1127,view,2024-05-02 15:58:47
1127,view,2024-05-02 15:59:23
1127,purchase,2024-05-02 16:01:42
1127,view,2024-05-02 16:03:04
1127,click,2024-05-03 10:50:24
1127,view,2024-05-03 10:53:13
1127,click,2024-05-03 10:58:09
1127,view,2024-05-03 10:58:32
1127,view,2024-05-03 10:58:54
1127,click,2024-05-05 01:32:58
1127,view,2024-05-05 01:34:08
1127,view,2024-05-05 01:36:36
1127,purchase,2024-05-05 01:37:41
1127,view,2024-05-05 01:38:10
1127,view,2024-05-05 01:40:00
1127,click,2024-05-05 01:41:52
1127,view,2024-05-05 08:50:37
1127,view,2024-05-05 08:50:48
1127,view,2024-05-05 08:53:31
1127,view,2024-05-05 08:55:25
1127,view,2024-05-05 08:56:07
1127,view,2024-05-05 08:56:08
1127,view,2024-05-05 08:56:23
1127,click,2024-05-05 08:56:52
1127,view,2024-05-06 11:11:21
1127,view,2024-05-06 11:11:43
1127,view,2024-05-06 11:12:35
1127,view,2024-05-06 11:13:05
1127,view,2024-05-06 11:13:41
1127,click,2024-05-06 11:15:02
1127,purchase,2024-05-06 21:43:25
1127,click,2024-05-06 21:46:04
1127,click,2024-05-06 21:46:15
1127,view,2024-05-06 21:46:34
1127,click,2024-05-06 21:47:10
1127,click,2024-05-06 21:48:33
1127,view,2024-05-06 21:52:09
1127,view,2024-05-07 05:06:22
1127,click,2024-05-07 05:08:18
1127,view,2024-05-07 05:11:03
1127,purchase,2024-05-07 05:11:35
1127,view,2024-05-07 05:14:59
1127,click,2024-05-07 05:18:30
1127,click,2024-05-07 05:18:32
1128,view,2024-05-01 13:38:01
1128,purchase,2024-05-01 13:40:43
1128,purchase,2024-05-01 13:40:46
1128,click,2024-05-01 13:42:12
1128,click,2024-05-01 13:42:30
1128,view,2024-05-02 02:25:34
1128,click,2024-05-02 02:27:07
1128,view,2024-05-02 02:28:20
1128,purchase,2024-05-02 02:28:53
1128,view,2024-05-02 02:31:28
1128,click,2024-05-02 02:31:39
1128,purchase,2024-05-02 02:32:27
1128,purchase,2024-05-02 02:33:51
1128,view,2024-05-02 02:33:57
1128,click,2024-05-02 15:06:03
1128,click,2024-05-02 15:06:36
1128,click,2024-05-02 15:08:49
1128,view,2024-05-02 15:09:53
1128,view,2024-05-02 15:14:00
1128,view,2024-05-02 15:14:31
1128,purchase,2024-05-02 16:29:13
1128,view,2024-05-02 16:32:12
1128,click,2024-05-02 16:32:51
1128,click,2024-05-02 16:35:17
1128,click,2024-05-02 16:35:33
1128,view,2024-05-02 16:36:01
1128,view,2024-05-02 16:37:01
1128,view,2024-05-02 16:38:16
1128,click,2024-05-02 23:57:55
1128,view,2024-05-02 23:59:18
1128,purchase,2024-05-03 00:00:48
1128,view,2024-05-03 00:02:15
1128,view,2024-05-03 00:02:31
1128,view,2024-05-03 00:03:29
1128,view,2024-05-03 00:04:01
1128,view,2024-05-03 00:04:41
1128,view,2024-05-03 10:00:39
1128,click,2024-05-03 10:03:55
1128,view,2024-05-03 10:04:52
1128,view,2024-05-03 10:05:16
1128,click,2024-05-03 10:07:36
1128,view,2024-05-03 10:09:35
1128,view,2024-05-03 20:43:27
1128,click,2024-05-03 20:43:29
1128,purchase,2024-05-03 20:44:30
1128,view,2024-05-03 20:46:06
1128,view,2024-05-03 20:49:02
1128,purchase,2024-05-03 20:49:12
1128,view,2024-05-03 20:50:07
1128,view,2024-05-03 20:50:32
1128,purchase,2024-05-03 20:50:53
1128,click,2024-05-04 05:48:43
1128,view,2024-05-04 05:52:41
1128,purchase,2024-05-04 05:55:54
1128,view,2024-05-04 05:56:12
1128,click,2024-05-05 09:03:44
1128,view,2024-05-05 09:04:02
1128,view,2024-05-05 09:09:00
1128,click,2024-05-05 09:09:02
1128,view,2024-05-05 09:11:19
1128,click,2024-05-05 09:12:54
1128,click,2024-05-05 19:36:39
1128,view,2024-05-05 19:37:02
1128,view,2024-05-05 19:39:53
1128,view,2024-05-05 19:41:55
1128,click,2024-05-05 19:42:56
1128,view,2024-05-06 03:04:09
1128,click,2024-05-06 03:04:50
1128,click,2024-05-06 03:06:22
1128,view,2024-05-06 03:06:45
1128,purchase,2024-05-06 03:09:18
1128,view,2024-05-06 03:09:18
1129,click,2024-05-01 21:24:27
1129,view,2024-05-01 21:24:55
1129,view,2024-05-01 21:26:49
1129,view,2024-05-01 21:27:31
1129,view,2024-05-01 21:27:41
1129,view,2024-05-01 21:29:52
1129,view,2024-05-01 21:31:30
1129,view,2024-05-02 06:24:12
1129,click,2024-05-02 06:24:58
1129,view,2024-05-02 06:27:31
1129,view,2024-05-02 06:27:56
1129,view,2024-05-02 06:28:19
1129,purchase,2024-05-02 06:30:05
1129,view,2024-05-02 06:30:31
1129,view,2024-05-02 06:32:37
1129,view,2024-05-02 14:16:28
1129,click,2024-05-02 14:18:45
1129,purchase,2024-05-02 14:19:18
1129,view,2024-05-02 14:20:54
1129,view,2024-05-02 14:23:06
1129,view,2024-05-02 14:23:40
1129,view,2024-05-02 14:23:53
1129,view,2024-05-02 14:24:14
1129,click,2024-05-02 14:25:44
1129,click,2024-05-03 09:24:39
1129,click,2024-05-03 09:25:32
1129,click,2024-05-03 09:27:14
1129,purchase,2024-05-03 09:31:05
1129,click,2024-05-03 09:49:29
1129,click,2024-05-03 09:50:08
1129,view,2024-05-03 09:51:09
1129,view,2024-05-03 09:52:13
1129,view,2024-05-03 09:53:24
1129,click,2024-05-03 09:53:34
1129,click,2024-05-03 09:54:45
1129,click,2024-05-03 09:56:07
1129,view,2024-05-03 09:56:15
1129,view,2024-05-03 17:59:45
1129,click,2024-05-03 18:01:13
1129,view,2024-05-03 18:02:05
1129,click,2024-05-03 18:02:21
1129,view,2024-05-03 18:02:23
1129,view,2024-05-03 18:05:04
1129,view,2024-05-03 18:05:50
1129,purchase,2024-05-03 18:07:13
1129,view,2024-05-03 20:39:19
1129,view,2024-05-03 20:42:35
1129,view,2024-05-03 20:44:35
1129,view,2024-05-03 20:45:13
1129,click,2024-05-03 21:23:00
1129,view,2024-05-03 21:24:59
1129,click,2024-05-03 21:25:05
1129,purchase,2024-05-04 05:43:22
1129,click,2024-05-04 05:43:46
1129,click,2024-05-04 05:44:58
1129,view,2024-05-04 05:46:23
1129,purchase,2024-05-04 05:46:39
1129,purchase,2024-05-04 05:47:08
1129,view,2024-05-04 05:49:08
1129,view,2024-05-04 05:49:11
1129,view,2024-05-04 05:50:11
1129,view,2024-05-05 04:57:34
1129,purchase,2024-05-05 05:01:21
1129,click,2024-05-05 05:01:35
1129,purchase,2024-05-05 05:05:12
1129,view,2024-05-05 05:05:26
1129,purchase,2024-05-05 05:06:01
1129,click,2024-05-06 09:22:08
1129,click,2024-05-06 09:22:37
1129,view,2024-05-06 09:23:32
1129,view,2024-05-06 09:24:37
1129,view,2024-05-06 09:25:46
1129,purchase,2024-05-06 09:26:16
1129,click,2024-05-06 09:27:27
1129,view,2024-05-06 10:44:37
1129,purchase,2024-05-06 10:44:45
1129,purchase,2024-05-06 10:45:32
1129,click,2024-05-06 10:46:06
1129,view,2024-05-06 10:46:28
1129,view,2024-05-06 10:48:55
1129,view,2024-05-06 13:59:09
1129,view,2024-05-06 14:00:01
1129,view,2024-05-06 14:03:54
1129,view,2024-05-06 14:05:48
1129,view,2024-05-06 14:05:56
1129,view,2024-05-06 14:06:05
1129,click,2024-05-07 11:35:46
1129,view,2024-05-07 11:38:14
1129,view,2024-05-07 11:41:02
1130,view,2024-05-01 04:23:16
1130,view,2024-05-01 04:26:37
1130,view,2024-05-01 04:28:03
1130,click,2024-05-01 04:28:07
1130,click,2024-05-01 04:30:23
1130,view,2024-05-01 04:30:39
1130,view,2024-05-01 04:31:08
1130,view,2024-05-01 04:31:38
1130,purchase,2024-05-01 21:21:45
1130,view,2024-05-01 21:21:59
1130,purchase,2024-05-01 21:23:40
1130,purchase,2024-05-01 21:24:04
1130,click,2024-05-01 21:29:36
1130,purchase,2024-05-01 21:30:36
1130,view,2024-05-01 21:46:31
1130,view,2024-05-01 21:48:08
1130,view,2024-05-01 21:48:28
1130,click,2024-05-01 21:48:35
1130,view,2024-05-01 21:49:16
1130,purchase,2024-05-01 21:50:21
1130,view,2024-05-01 21:51:03
1130,view,2024-05-01 21:53:25
1130,view,2024-05-01 21:55:34
1130,view,2024-05-01 23:48:31
1130,click,2024-05-01 23:50:21
1130,click,2024-05-01 23:52:18
1130,view,2024-05-01 23:54:05
1130,view,2024-05-01 23:54:24
1130,click,2024-05-03 00:43:37
1130,view,2024-05-03 00:43:52
1130,view,2024-05-03 00:46:58
1130,view,2024-05-03 00:47:00
1130,view,2024-05-03 00:49:28
1130,click,2024-05-03 00:50:14
1130,click,2024-05-03 00:50:33
1130,click,2024-05-04 14:37:03
1130,view,2024-05-04 14:37:28
1130,view,2024-05-04 14:37:46
1130,click,2024-05-04 14:38:25
1130,view,2024-05-04 14:39:55
1130,view,2024-05-04 14:43:36
1130,click,2024-05-04 14:44:13
1130,click,2024-05-05 05:28:32
1130,click,2024-05-05 05:28:33
1130,view,2024-05-05 05:29:07
1130,click,2024-05-05 05:31:54
1130,click,2024-05-06 03:24:27
1130,view,2024-05-06 03:25:06
1130,view,2024-05-06 03:25:58
1130,view,2024-05-06 03:28:31
1130,purchase,2024-05-06 03:28:41
1130,view,2024-05-06 03:29:09
1130,click,2024-05-06 03:31:05
1130,click,2024-05-06 03:31:38
1130,view,2024-05-06 03:32:26
1130,click,2024-05-07 07:57:14
1130,click,2024-05-07 07:58:10
1130,view,2024-05-07 08:03:35
1130,view,2024-05-07 08:23:32
1130,view,2024-05-07 08:24:55
1130,view,2024-05-07 08:26:27
1130,view,2024-05-07 15:17:24
1130,view,2024-05-07 15:19:15
1130,view,2024-05-07 15:19:50
1130,view,2024-05-07 15:20:59
1130,purchase,2024-05-07 15:21:06
1130,click,2024-05-07 15:21:22
1130,click,2024-05-07 15:25:40
1130,view,2024-05-07 15:25:58
1130,click,2024-05-07 19:38:15
1130,view,2024-05-07 19:38:33
1130,view,2024-05-07 19:40:46
1130,view,2024-05-07 19:41:47
1130,view,2024-05-07 19:42:02
1130,view,2024-05-07 19:42:25
1130,purchase,2024-05-07 19:43:51
1130,click,2024-05-07 19:45:24
1130,view,2024-05-07 19:46:03
1131,click,2024-05-01 12:36:08
1131,click,2024-05-01 12:38:04
1131,purchase,2024-05-01 12:39:01
1131,view,2024-05-01 12:39:36
1131,click,2024-05-01 12:39:52
1131,click,2024-05-01 12:43:19
1131,click,2024-05-01 12:44:13
1131,click,2024-05-01 21:45:00
1131,view,2024-05-01 21:45:31
1131,view,2024-05-01 21:46:46
1131,click,2024-05-01 21:47:25
1131,click,2024-05-01 21:48:00
1131,view,2024-05-01 21:48:23
1131,view,2024-05-01 21:49:11
1131,purchase,2024-05-01 21:49:27
1131,click,2024-05-01 21:50:46
1131,view,2024-05-02 11:08:23
1131,view,2024-05-02 11:08:32
1131,view,2024-05-02 11:10:02
1131,click,2024-05-02 11:12:59
1131,view,2024-05-02 11:13:51
1131,view,2024-05-02 11:14:03
1131,view,2024-05-02 11:15:04
1131,view,2024-05-02 11:15:13
1131,purchase,2024-05-02 11:15:59
1131,view,2024-05-02 18:58:07
1131,view,2024-05-02 18:58:43
1131,click,2024-05-02 19:00:03
1131,view,2024-05-02 19:01:01
1131,view,2024-05-02 19:03:45
1131,view,2024-05-04 03:39:57
1131,view,2024-05-04 03:41:50
1131,view,2024-05-04 03:45:34
1131,click,2024-05-04 03:46:00
1131,click,2024-05-04 05:05:02
1131,view,2024-05-04 05:09:07
1131,view,2024-05-04 05:09:36
1131,click,2024-05-04 05:09:42
1131,click,2024-05-04 05:11:26
1131,view,2024-05-04 05:12:26
1131,purchase,2024-05-04 05:13:15
1131,click,2024-05-04 13:37:13
1131,view,2024-05-04 13:38:24
1131,view,2024-05-04 13:39:10
1131,view,2024-05-04 13:39:19
1131,view,2024-05-04 13:42:17
1131,view,2024-05-05 14:36:11
1131,view,2024-05-05 14:36:28
1131,click,2024-05-05 14:37:00
1131,view,2024-05-05 14:37:01
1131,view,2024-05-05 14:38:25
1131,view,2024-05-05 14:39:47
1131,view,2024-05-05 14:44:21
1131,view,2024-05-05 14:44:22
1131,purchase,2024-05-05 14:44:43
1132,view,2024-05-01 00:54:58
1132,click,2024-05-01 00:57:39
1132,view,2024-05-01 00:58:57
1132,click,2024-05-02 09:51:52
1132,view,2024-05-02 09:52:35
1132,click,2024-05-02 09:54:22
1132,click,2024-05-02 09:54:58
1132,click,2024-05-02 19:43:29
1132,view,2024-05-02 19:44:11
1132,view,2024-05-02 19:46:31
1132,view,2024-05-03 03:00:42
1132,click,2024-05-03 03:03:28
1132,click,2024-05-03 03:06:01
1132,view,2024-05-03 03:06:09
1132,view,2024-05-03 03:08:07
1132,view,2024-05-03 19:21:54
1132,view,2024-05-03 19:25:44
1132,view,2024-05-03 19:27:11
1132,view,2024-05-03 19:27:43
1132,view,2024-05-03 19:28:01
1132,view,2024-05-05 05:39:33
1132,view,2024-05-05 05:39:36
1132,view,2024-05-05 05:39:38
1132,click,2024-05-05 05:41:11
1132,view,2024-05-05 05:45:31
1132,view,2024-05-05 05:47:43
1132,purchase,2024-05-05 08:23:18
1132,click,2024-05-05 08:25:56
1132,view,2024-05-05 08:28:14
1132,click,2024-05-05 08:28:58
1132,click,2024-05-05 08:31:59
1132,view,2024-05-06 00:01:23
1132,view,2024-05-06 00:02:25
1132,purchase,2024-05-06 00:02:46
1132,click,2024-05-06 00:02:46
1132,view,2024-05-06 00:03:17
1132,view,2024-05-06 00:05:11
1132,click,2024-05-06 00:06:26
1132,view,2024-05-06 00:07:44
1132,view,2024-05-06 00:09:42
1132,view,2024-05-06 09:51:44
1132,click,2024-05-06 09:56:21
1132,view,2024-05-06 09:58:36
1132,view,2024-05-06 10:00:50
1132,view,2024-05-06 17:26:25
1132,click,2024-05-06 17:27:47
1132,view,2024-05-06 17:28:33
1132,view,2024-05-06 17:29:20
1132,click,2024-05-06 18:14:50
1132,click,2024-05-06 18:17:56
1132,view,2024-05-06 18:19:43
1132,purchase,2024-05-06 18:21:11
1132,view,2024-05-06 18:21:24
1132,click,2024-05-06 18:22:21
1132,view,2024-05-06 18:23:58
1132,view,2024-05-07 15:23:54
1132,view,2024-05-07 15:24:39
1132,click,2024-05-07 15:25:01
1132,view,2024-05-07 15:31:17
1132,click,2024-05-07 15:31:21
1133,view,2024-05-01 21:15:26
1133,view,2024-05-01 21:16:28
1133,view,2024-05-01 21:16:31
1133,click,2024-05-01 21:17:23
1133,view,2024-05-01 21:20:02
1133,view,2024-05-01 21:21:32
1133,click,2024-05-01 21:21:48
1133,purchase,2024-05-01 21:22:14
1133,view,2024-05-01 21:22:22
1133,view,2024-05-02 13:04:00
1133,view,2024-05-02 13:04:21
1133,view,2024-05-02 13:05:42
1133,view,2024-05-02 13:08:22
1133,view,2024-05-02 13:09:09
1133,view,2024-05-02 13:10:28
1133,view,2024-05-02 13:11:02
1133,view,2024-05-02 13:11:36
1133,view,2024-05-02 16:09:31
1133,view,2024-05-02 16:10:11
1133,view,2024-05-02 16:15:05
1133,click,2024-05-02 18:45:21
1133,view,2024-05-02 18:45:49
1133,view,2024-05-02 18:46:22
1133,view,2024-05-02 18:49:38
1133,purchase,2024-05-02 18:51:19
1133,purchase,2024-05-02 18:52:11
1133,view,2024-05-02 18:54:59
1133,click,2024-05-03 21:25:51
1133,view,2024-05-03 21:26:13
1133,click,2024-05-03 21:26:36
1133,view,2024-05-03 21:28:50
1133,view,2024-05-03 21:32:04
1133,view,2024-05-03 21:32:55
1133,view,2024-05-03 23:59:47
1133,view,2024-05-03 23:59:51
1133,click,2024-05-04 00:02:23
1133,click,2024-05-04 00:05:25
1133,purchase,2024-05-05 04:26:58
1133,view,2024-05-05 04:27:18
1133,click,2024-05-05 04:27:23
1133,click,2024-05-05 04:29:15
1133,click,2024-05-05 04:30:30
1133,click,2024-05-05 04:33:33
1133,view,2024-05-06 06:18:38
1133,purchase,2024-05-06 06:20:16
1133,view,2024-05-06 06:20:17
1133,view,2024-05-06 22:04:22
1133,click,2024-05-06 22:04:53
1133,view,2024-05-06 22:07:41
1133,purchase,2024-05-06 22:09:13
1133,view,2024-05-06 22:10:14
1133,purchase,2024-05-06 22:13:53
1133,view,2024-05-07 13:05:23
1133,view,2024-05-07 13:06:06
1133,view,2024-05-07 13:07:40
1133,purchase,2024-05-07 13:07:57
1133,purchase,2024-05-07 13:08:13
1133,view,2024-05-07 13:08:51
1133,purchase,2024-05-07 13:09:25
1133,view,2024-05-07 13:11:03
1133,view,2024-05-07 22:06:03
1133,click,2024-05-07 22:06:21
1133,click,2024-05-07 22:07:06
1133,view,2024-05-07 22:08:14
1133,click,2024-05-07 22:10:34
1133,purchase,2024-05-07 22:11:19
1133,view,2024-05-07 22:12:39
1134,view,2024-05-02 12:48:20
1134,click,2024-05-02 12:51:47
1134,view,2024-05-02 12:54:35
1134,click,2024-05-02 12:57:05
1134,view,2024-05-03 02:24:56
1134,click,2024-05-03 02:25:52
1134,view,2024-05-03 02:27:07
1134,click,2024-05-03 02:33:50
1134,view,2024-05-03 02:33:55
1134,view,2024-05-03 18:02:09
1134,view,2024-05-03 18:02:11
1134,purchase,2024-05-03 18:02:16
1134,view,2024-05-04 14:08:25
1134,view,2024-05-04 14:08:45
1134,click,2024-05-04 14:10:57
1134,purchase,2024-05-04 14:12:46
1134,view,2024-05-04 14:13:04
1134,click,2024-05-04 14:13:16
1134,view,2024-05-04 14:14:21
1134,view,2024-05-04 14:17:38
1134,view,2024-05-05 00:10:18
1134,view,2024-05-05 00:14:06
1134,click,2024-05-05 00:15:03
1134,view,2024-05-05 00:15:05
1134,purchase,2024-05-05 00:16:57
1134,purchase,2024-05-05 00:18:44
1135,click,2024-05-01 08:11:18
1135,view,2024-05-01 08:14:40
1135,view,2024-05-01 08:15:00
1135,click,2024-05-01 08:16:11
1135,click,2024-05-01 08:16:17
1135,view,2024-05-01 08:17:57
1135,view,2024-05-01 08:18:27
1135,view,2024-05-01 08:20:53
1135,click,2024-05-02 07:03:23
1135,view,2024-05-02 07:03:30
1135,click,2024-05-02 07:04:41
1135,click,2024-05-02 07:05:27
1135,click,2024-05-02 07:07:01
1135,view,2024-05-02 07:07:31
1135,view,2024-05-03 00:36:09
1135,click,2024-05-03 00:40:27
1135,click,2024-05-03 00:43:30
1135,view,2024-05-03 15:21:16
1135,purchase,2024-05-03 15:21:43
1135,view,2024-05-03 15:24:49
1135,view,2024-05-03 15:26:51
1135,view,2024-05-03 15:27:57
1135,view,2024-05-03 15:28:19
1135,purchase,2024-05-03 15:29:31
1135,view,2024-05-03 15:44:28
1135,click,2024-05-03 15:46:34
1135,view,2024-05-03 15:46:56
1135,view,2024-05-03 15:48:37
1135,click,2024-05-03 15:49:10
1135,click,2024-05-03 15:49:18
1135,view,2024-05-03 15:49:43
1135,click,2024-05-03 15:50:49
1135,click,2024-05-03 15:53:59
1135,view,2024-05-03 15:59:57
1135,view,2024-05-03 16:01:02
1135,view,2024-05-03 16:01:50
1135,click,2024-05-03 16:03:11
1135,view,2024-05-03 16:04:43
1135,purchase,2024-05-03 16:05:04
1135,view,2024-05-04 11:20:26
1135,purchase,2024-05-04 11:23:21
1135,click,2024-05-04 11:27:01
1135,click,2024-05-04 11:29:06
1135,click,2024-05-04 11:29:54
1135,click,2024-05-04 20:26:07
1135,view,2024-05-04 20:31:41
1135,view,2024-05-04 20:31:59
1135,view,2024-05-04 20:33:14
1135,purchase,2024-05-04 20:33:23
1135,click,2024-05-05 10:57:34
1135,view,2024-05-05 10:59:39
1135,view,2024-05-05 11:03:47
1135,view,2024-05-06 08:43:46
1135,view,2024-05-06 08:44:07
1135,view,2024-05-06 08:48:53
1135,click,2024-05-06 08:49:27
1135,click,2024-05-06 08:51:57
1135,click,2024-05-06 14:26:22
1135,purchase,2024-05-06 14:27:08
1135,view,2024-05-06 14:29:32
1135,view,2024-05-06 14:29:41
1135,click,2024-05-06 14:32:54
1135,click,2024-05-06 14:33:02
1135,view,2024-05-07 02:22:11
1135,view,2024-05-07 02:23:48
1135,view,2024-05-07 02:24:23
1135,view,2024-05-07 02:24:54
1135,view,2024-05-07 02:25:54
1135,click,2024-05-07 02:26:28
1135,click,2024-05-07 02:27:27
1135,purchase,2024-05-07 02:30:24
1135,view,2024-05-07 20:05:00
1135,view,2024-05-07 20:06:14
1135,view,2024-05-07 20:06:24
1135,click,2024-05-07 20:08:12
1135,view,2024-05-07 20:08:46
1135,purchase,2024-05-07 20:12:21
1135,view,2024-05-07 20:12:28
1136,view,2024-05-01 18:43:49
1136,click,2024-05-01 18:44:54
1136,click,2024-05-01 18:45:42
1136,view,2024-05-01 18:46:54
1136,view,2024-05-01 18:49:34
1136,view,2024-05-02 03:10:57
1136,view,2024-05-02 03:11:47
1136,click,2024-05-02 03:15:01
1136,view,2024-05-02 03:15:09
1136,click,2024-05-02 03:17:22
1136,view,2024-05-02 03:17:23
1136,view,2024-05-02 03:17:57
1136,view,2024-05-02 03:18:57
1136,click,2024-05-02 08:11:41
1136,view,2024-05-02 08:12:10
1136,view,2024-05-02 08:13:10
1136,click,2024-05-02 08:14:12
1136,click,2024-05-02 13:26:30
1136,view,2024-05-02 13:28:19
1136,view,2024-05-02 13:28:58
1136,click,2024-05-02 13:31:02
1136,view,2024-05-02 13:33:18
1136,click,2024-05-02 23:03:36
1136,click,2024-05-02 23:05:15
1136,click,2024-05-02 23:05:43
1136,click,2024-05-02 23:09:34
1136,click,2024-05-02 23:12:28
1136,purchase,2024-05-02 23:12:42
1136,purchase,2024-05-03 16:16:13
1136,view,2024-05-03 16:19:08
1136,click,2024-05-03 16:19:26
1136,purchase,2024-05-03 16:20:28
1136,purchase,2024-05-05 13:59:21
1136,view,2024-05-05 13:59:26
1136,view,2024-05-05 14:02:41
1136,view,2024-05-05 14:04:33
1136,click,2024-05-05 14:04:45
1136,purchase,2024-05-05 14:04:48
1136,view,2024-05-05 14:05:29
1136,click,2024-05-05 14:07:59
1136,view,2024-05-06 09:33:36
1136,view,2024-05-06 09:35:38
1136,view,2024-05-06 09:35:48
1136,view,2024-05-06 09:37:43
1136,view,2024-05-06 09:39:13
1136,purchase,2024-05-06 09:40:46
1136,click,2024-05-06 09:40:50
1137,click,2024-05-01 07:40:54
1137,click,2024-05-01 07:44:39
1137,click,2024-05-01 07:45:32
1137,view,2024-05-02 19:38:59
1137,view,2024-05-02 19:39:15
1137,purchase,2024-05-02 19:40:08
1137,view,2024-05-02 19:41:03
1137,view,2024-05-02 19:42:13
1137,view,2024-05-02 19:42:17
1137,click,2024-05-02 19:44:42
1137,view,2024-05-03 01:49:10
1137,click,2024-05-03 01:51:46
1137,view,2024-05-03 01:56:21
1137,click,2024-05-03 03:30:41
1137,click,2024-05-03 03:31:04
1137,view,2024-05-03 03:31:40
1137,click,2024-05-03 03:32:05
1137,view,2024-05-03 03:35:04
1137,click,2024-05-03 03:36:22
1137,click,2024-05-03 03:39:28
1137,purchase,2024-05-04 21:49:23
1137,purchase,2024-05-04 21:50:14
1137,view,2024-05-04 21:50:22
1137,purchase,2024-05-04 21:51:00
1137,view,2024-05-04 21:57:28
1137,view,2024-05-04 21:57:29
1137,view,2024-05-05 09:02:16
1137,click,2024-05-05 09:03:58
1137,view,2024-05-05 09:07:15
1137,view,2024-05-05 09:07:51
1137,click,2024-05-05 09:07:54
1137,click,2024-05-05 09:08:35
1137,view,2024-05-07 06:33:10
1137,click,2024-05-07 06:35:22
1137,click,2024-05-07 06:36:32
1137,click,2024-05-07 06:36:50
1137,purchase,2024-05-07 06:37:54
1137,view,2024-05-07 06:39:02
1137,view,2024-05-07 06:40:14
1137,view,2024-05-07 06:42:30
1137,click,2024-05-07 06:42:59
1138,view,2024-05-04 03:01:16
1138,click,2024-05-04 03:01:52
1138,purchase,2024-05-04 03:05:15
1138,click,2024-05-04 03:06:41
1138,view,2024-05-04 03:06:47
1138,purchase,2024-05-04 03:07:19
1138,click,2024-05-04 03:08:00
1138,view,2024-05-04 12:36:57
1138,view,2024-05-04 12:38:18
1138,view,2024-05-04 12:39:04
1138,view,2024-05-04 12:40:19
1138,view,2024-05-04 12:42:09
1138,click,2024-05-04 12:45:42
1138,click,2024-05-04 13:10:49
1138,view,2024-05-04 13:11:14
1138,purchase,2024-05-04 13:13:01
1138,view,2024-05-04 13:13:10
1138,view,2024-05-06 02:28:21
1138,view,2024-05-06 02:29:32
1138,click,2024-05-06 02:31:05
1138,view,2024-05-06 02:31:15
1138,view,2024-05-06 07:09:03
1138,click,2024-05-06 07:09:27
1138,view,2024-05-06 07:09:45
1138,click,2024-05-06 07:12:10
1138,view,2024-05-06 17:49:05
1138,purchase,2024-05-06 17:50:02
1138,view,2024-05-06 17:54:01
1138,click,2024-05-06 17:57:11
1139,view,2024-05-04 11:48:23
1139,view,2024-05-04 11:48:56
1139,view,2024-05-04 11:49:37
1139,view,2024-05-04 11:53:46
1139,view,2024-05-05 08:13:33
1139,view,2024-05-05 08:14:11
1139,view,2024-05-05 08:15:22
1139,view,2024-05-05 08:17:28
1139,view,2024-05-05 08:19:29
1139,view,2024-05-05 08:21:05
1139,view,2024-05-05 08:21:14
1139,view,2024-05-05 08:21:28
1139,view,2024-05-05 08:22:09
1139,view,2024-05-07 03:03:26
1139,view,2024-05-07 03:04:08
1139,view,2024-05-07 03:04:37
1139,view,2024-05-07 03:05:44
1139,click,2024-05-07 03:08:44
1139,click,2024-05-07 03:11:17
1139,view,2024-05-07 03:11:39
1139,view,2024-05-07 15:30:23
1139,purchase,2024-05-07 15:30:37
1139,view,2024-05-07 15:31:48
1139,view,2024-05-07 15:33:06
1139,view,2024-05-07 15:33:50
1139,view,2024-05-07 15:34:43
1139,purchase,2024-05-07 15:35:19
1139,view,2024-05-07 20:15:52
1139,view,2024-05-07 20:18:53
1139,view,2024-05-07 20:20:25
1140,view,2024-05-01 22:35:02
1140,click,2024-05-01 22:35:40
1140,click,2024-05-01 22:37:38
1140,view,2024-05-01 22:38:28
1140,click,2024-05-01 22:42:22
1140,view,2024-05-01 22:43:54
1140,purchase,2024-05-02 15:20:00
1140,view,2024-05-02 15:22:03
1140,view,2024-05-02 15:22:26
1140,view,2024-05-02 15:23:59
1140,view,2024-05-02 15:25:18
1140,view,2024-05-02 15:26:30
1140,purchase,2024-05-02 15:26:44
1140,purchase,2024-05-02 15:27:15
1140,click,2024-05-02 15:42:29
1140,click,2024-05-02 15:42:55
1140,view,2024-05-02 15:44:03
1140,purchase,2024-05-02 23:04:25
1140,click,2024-05-02 23:07:25
1140,click,2024-05-02 23:09:37
1140,view,2024-05-03 02:29:23
1140,view,2024-05-03 02:30:28
1140,purchase,2024-05-03 02:31:24
1140,view,2024-05-03 02:32:17
1140,view,2024-05-03 02:34:08
1140,view,2024-05-03 02:35:42
1140,view,2024-05-03 02:36:28
1140,click,2024-05-05 08:30:16
1140,click,2024-05-05 08:31:16
1140,click,2024-05-05 08:34:16
1140,click,2024-05-05 08:34:29
1140,view,2024-05-05 08:34:58
1140,view,2024-05-05 08:35:31
1140,click,2024-05-05 08:36:49
1140,view,2024-05-05 08:37:53
1140,view,2024-05-05 08:37:53
1140,click,2024-05-05 11:48:46
1140,view,2024-05-05 11:55:58
1140,view,2024-05-05 11:56:22
1140,click,2024-05-05 20:09:44
1140,view,2024-05-05 20:10:11
1140,click,2024-05-05 20:11:51
1140,view,2024-05-05 20:12:00
1140,click,2024-05-05 20:12:06
1140,click,2024-05-05 20:13:48
1140,click,2024-05-05 20:15:50
1140,click,2024-05-05 20:16:28
1140,view,2024-05-05 20:16:50
1140,purchase,2024-05-06 10:09:05
1140,view,2024-05-06 10:14:18
1140,click,2024-05-06 10:16:13
1140,view,2024-05-06 10:16:18
1140,view,2024-05-06 16:57:46
1140,purchase,2024-05-06 16:58:55
1140,view,2024-05-06 16:59:38
1140,view,2024-05-06 17:04:18
1140,view,2024-05-06 17:05:31
1140,view,2024-05-06 17:06:10
1140,purchase,2024-05-06 17:06:36
1140,view,2024-05-07 12:51:16
1140,click,2024-05-07 12:52:48
1140,view,2024-05-07 12:52:51
1140,purchase,2024-05-07 12:55:34
1140,click,2024-05-07 12:56:55
1140,view,2024-05-07 12:58:17
1140,view,2024-05-07 12:59:01
1140,view,2024-05-07 12:59:38
1140,view,2024-05-07 12:59:51
1141,view,2024-05-02 13:40:53
1141,view,2024-05-02 13:42:30
1141,click,2024-05-02 13:44:42
1141,view,2024-05-02 13:45:02
1141,view,2024-05-02 13:46:34
1141,click,2024-05-02 13:46:50
1141,view,2024-05-02 13:47:23
1141,click,2024-05-02 13:47:38
1141,view,2024-05-02 23:16:51
1141,view,2024-05-02 23:17:40
1141,click,2024-05-02 23:18:33
1141,view,2024-05-02 23:19:23
1141,view,2024-05-02 23:23:02
1141,view,2024-05-02 23:23:16
1141,view,2024-05-02 23:24:23
1141,view,2024-05-02 23:24:28
1141,view,2024-05-02 23:24:37
1141,view,2024-05-03 11:30:20
1141,click,2024-05-03 11:30:54
1141,view,2024-05-03 11:31:09
1141,click,2024-05-03 11:32:27
1141,view,2024-05-03 11:34:03
1141,view,2024-05-03 11:34:10
1141,view,2024-05-03 11:34:52
1141,view,2024-05-03 11:35:35
1141,click,2024-05-03 11:38:00
1141,purchase,2024-05-03 14:42:33
1141,view,2024-05-03 14:46:56
1141,view,2024-05-03 14:47:34
1141,purchase,2024-05-03 14:47:43
1141,view,2024-05-03 14:48:48
1141,click,2024-05-03 14:50:24
1141,view,2024-05-03 14:50:36
1141,click,2024-05-03 19:05:50
1141,purchase,2024-05-03 19:09:21
1141,view,2024-05-03 19:09:53
1141,purchase,2024-05-03 21:38:13
1141,click,2024-05-03 21:39:16
1141,purchase,2024-05-03 21:39:48
1141,click,2024-05-03 21:42:02
1141,view,2024-05-03 21:43:33
1141,click,2024-05-03 21:43:55
1141,click,2024-05-03 21:44:03
1141,view,2024-05-05 16:24:20
1141,view,2024-05-05 16:26:11
1141,click,2024-05-05 16:29:36
1141,view,2024-05-05 16:30:44
1141,view,2024-05-05 16:31:36
1141,click,2024-05-05 17:03:25
1141,click,2024-05-05 17:04:08
1141,click,2024-05-05 17:04:30
1141,view,2024-05-05 17:05:21
1141,click,2024-05-05 17:05:44
1141,view,2024-05-05 17:07:24
1141,view,2024-05-05 17:09:50
1141,click,2024-05-06 10:52:17
1141,purchase,2024-05-06 10:53:30
1141,view,2024-05-06 10:56:47
1141,view,2024-05-06 10:58:14
1141,view,2024-05-06 10:58:39
1141,view,2024-05-06 10:59:08
1141,view,2024-05-06 10:59:47
1141,purchase,2024-05-06 11:00:30
1141,purchase,2024-05-07 11:15:19
1141,view,2024-05-07 11:16:32
1141,click,2024-05-07 11:18:14
1141,click,2024-05-07 11:18:55
1141,click,2024-05-07 11:18:58
1141,purchase,2024-05-07 11:19:59
1142,click,2024-05-01 00:57:30
1142,purchase,2024-05-01 01:00:21
1142,view,2024-05-01 01:02:45
1142,view,2024-05-01 01:03:34
1142,click,2024-05-01 01:04:40
1142,view,2024-05-01 05:07:22
1142,view,2024-05-01 05:07:24
1142,view,2024-05-01 05:08:28
1142,click,2024-05-01 05:09:06
1142,view,2024-05-01 05:33:22
1142,view,2024-05-01 05:35:36
1142,view,2024-05-01 05:36:44
1142,view,2024-05-01 05:37:53
1142,view,2024-05-01 05:37:55
1142,view,2024-05-01 05:38:53
1142,view,2024-05-01 05:39:26
1142,click,2024-05-01 05:39:34
1142,view,2024-05-01 05:40:11
1142,view,2024-05-03 02:27:12
1142,view,2024-05-03 02:27:46
1142,click,2024-05-03 02:28:57
1142,click,2024-05-04 02:33:45
1142,purchase,2024-05-04 02:34:12
1142,click,2024-05-04 02:38:38
1142,click,2024-05-04 07:03:12
1142,purchase,2024-05-04 07:04:31
1142,view,2024-05-04 07:08:09
1142,view,2024-05-04 07:09:26
1142,view,2024-05-04 09:57:43
1142,view,2024-05-04 09:59:54
1142,click,2024-05-04 10:00:20
1142,click,2024-05-04 10:04:45
1142,view,2024-05-05 12:59:17
1142,view,2024-05-05 13:00:24
1142,click,2024-05-05 13:00:39
1142,view,2024-05-05 13:03:40
1142,view,2024-05-05 13:07:25
1142,click,2024-05-05 13:08:00
1142,view,2024-05-05 20:19:16
1142,view,2024-05-05 20:19:42
1142,click,2024-05-05 20:21:54
1142,view,2024-05-06 07:21:18
1142,view,2024-05-06 07:22:27
1142,view,2024-05-06 07:24:43
1142,view,2024-05-06 07:27:00
1142,view,2024-05-06 07:27:29
1142,click,2024-05-06 07:28:17
1142,view,2024-05-06 07:28:22
1142,view,2024-05-06 07:28:49
1142,click,2024-05-06 07:29:57
1142,view,2024-05-06 17:00:06
1142,view,2024-05-06 17:00:22
1142,view,2024-05-06 17:01:59
1142,purchase,2024-05-06 17:03:26
1142,view,2024-05-06 23:07:32
1142,view,2024-05-06 23:07:41
1142,view,2024-05-06 23:08:00
1142,click,2024-05-06 23:08:09
1142,click,2024-05-06 23:09:29
1142,click,2024-05-06 23:10:58
1142,view,2024-05-06 23:15:04
1142,view,2024-05-06 23:16:37
1142,view,2024-05-06 23:16:42
1142,purchase,2024-05-07 19:08:31
1142,view,2024-05-07 19:09:08
1142,view,2024-05-07 19:09:31
1142,view,2024-05-07 19:10:22
1142,click,2024-05-07 19:11:38
1142,view,2024-05-07 21:30:34
1142,view,2024-05-07 21:31:40
1142,purchase,2024-05-07 21:33:28
1142,view,2024-05-07 21:37:05
1142,view,2024-05-07 21:38:18
1143,view,2024-05-01 03:56:12
1143,purchase,2024-05-01 03:58:45
1143,view,2024-05-01 03:58:52
1143,click,2024-05-01 04:00:39
1143,view,2024-05-01 04:01:01
1143,click,2024-05-01 04:01:21
1143,purchase,2024-05-01 04:01:25
1143,view,2024-05-01 04:04:01
1143,purchase,2024-05-01 04:04:12
1143,click,2024-05-01 05:50:44
1143,purchase,2024-05-01 05:51:02
1143,view,2024-05-01 05:51:19
1143,click,2024-05-01 05:54:42
1143,click,2024-05-01 05:59:52
1143,view,2024-05-03 10:35:46
1143,view,2024-05-03 10:36:20
1143,view,2024-05-03 10:37:04
1143,purchase,2024-05-03 10:37:19
1143,click,2024-05-03 10:40:58
1143,view,2024-05-03 10:41:12
1143,view,2024-05-03 10:42:25
1143,view,2024-05-03 10:42:57
1143,view,2024-05-03 22:27:12
1143,view,2024-05-03 22:29:15
1143,view,2024-05-03 22:29:21
1143,view,2024-05-03 22:29:34
1143,click,2024-05-03 22:30:28
1143,click,2024-05-03 22:30:52
1143,click,2024-05-03 22:34:41
1143,view,2024-05-03 22:35:43
1143,view,2024-05-03 22:36:12
1143,purchase,2024-05-04 19:14:24
1143,purchase,2024-05-04 19:14:25
1143,view,2024-05-04 19:15:43
1143,view,2024-05-04 19:15:53
1143,click,2024-05-04 19:19:20
1143,click,2024-05-04 19:19:46
1143,view,2024-05-04 19:20:34
1143,view,2024-05-05 07:38:20
1143,purchase,2024-05-05 07:39:26
1143,click,2024-05-05 07:44:23
1143,click,2024-05-05 07:47:18
1143,view,2024-05-05 07:47:27
1143,click,2024-05-05 07:47:42
1143,click,2024-05-05 08:51:02
1143,click,2024-05-05 08:51:19
1143,click,2024-05-05 08:52:07
1143,view,2024-05-05 08:53:31
1143,view,2024-05-05 08:56:02
1143,click,2024-05-05 08:57:53
1143,view,2024-05-05 08:58:33
1143,click,2024-05-05 08:59:03
1143,view,2024-05-05 08:59:51
1143,view,2024-05-05 12:33:54
1143,view,2024-05-05 12:34:24
1143,view,2024-05-05 12:35:52
1143,click,2024-05-06 03:41:05
1143,view,2024-05-06 03:42:05
1143,view,2024-05-06 03:48:12
1143,view,2024-05-06 05:12:20
1143,purchase,2024-05-06 05:13:45
1143,view,2024-05-06 05:14:55
1143,view,2024-05-06 05:17:07
1143,view,2024-05-06 05:17:55
1143,view,2024-05-06 05:19:36
1143,click,2024-05-06 05:20:27
1143,view,2024-05-06 05:20:52
1143,purchase,2024-05-06 12:08:42
1143,click,2024-05-06 12:08:47
1143,view,2024-05-06 12:08:47
1143,view,2024-05-06 12:10:19
1143,view,2024-05-06 12:13:53
1143,view,2024-05-06 12:13:53
1143,click,2024-05-06 12:16:16
1143,view,2024-05-06 12:17:18
1143,click,2024-05-06 12:18:00
1143,click,2024-05-06 18:31:34
1143,view,2024-05-06 18:31:36
1143,click,2024-05-06 18:33:49
1143,view,2024-05-06 18:36:52
1143,click,2024-05-06 18:39:23
1143,view,2024-05-06 19:05:22
1143,view,2024-05-06 19:07:04
1143,click,2024-05-06 19:08:43
1143,view,2024-05-06 19:09:08
1143,view,2024-05-06 19:11:28
1143,view,2024-05-06 19:11:42
1143,purchase,2024-05-06 19:12:43
1143,view,2024-05-06 19:13:11
1143,view,2024-05-06 19:13:51
1144,view,2024-05-01 00:10:46
1144,view,2024-05-01 00:11:16
1144,click,2024-05-01 00:12:44
1144,click,2024-05-01 00:14:17
1144,click,2024-05-01 00:19:58
1144,click,2024-05-01 09:11:09
1144,click,2024-05-01 09:12:03
1144,click,2024-05-01 09:13:47
1144,view,2024-05-01 09:16:17
1144,view,2024-05-01 09:17:03
1144,view,2024-05-01 10:33:12
1144,view,2024-05-01 10:34:47
1144,view,2024-05-01 10:36:38
1144,click,2024-05-01 10:36:38
1144,purchase,2024-05-01 10:36:50
1144,view,2024-05-01 10:37:33
1144,view,2024-05-01 10:38:52
1144,view,2024-05-01 10:39:22
1144,click,2024-05-01 10:39:44
1144,purchase,2024-05-01 17:23:08
1144,view,2024-05-01 17:23:43
1144,view,2024-05-01 17:23:59
1144,click,2024-05-01 17:27:52
1144,view,2024-05-02 03:34:33
1144,purchase,2024-05-02 03:35:03
1144,view,2024-05-02 03:37:39
1144,click,2024-05-02 03:38:01
1144,view,2024-05-02 03:38:32
1144,click,2024-05-02 03:42:06
1144,view,2024-05-02 09:37:34
1144,view,2024-05-02 09:38:46
1144,view,2024-05-02 09:38:51
1144,view,2024-05-02 09:39:49
1144,view,2024-05-02 09:42:15
1144,click,2024-05-02 09:43:29
1144,view,2024-05-02 09:45:51
1144,click,2024-05-02 22:46:58
1144,purchase,2024-05-02 22:49:16
1144,view,2024-05-02 22:50:18
1144,view,2024-05-02 22:50:25
1144,view,2024-05-02 22:52:25
1144,click,2024-05-02 22:54:36
1144,view,2024-05-03 07:43:07
1144,view,2024-05-03 07:43:22
1144,view,2024-05-03 07:44:12
1144,view,2024-05-03 07:45:43
1144,click,2024-05-03 07:46:40
1144,click,2024-05-03 07:50:22
1144,click,2024-05-03 07:51:43
1144,purchase,2024-05-03 18:21:11
1144,view,2024-05-03 18:22:09
1144,view,2024-05-03 18:23:02
1144,view,2024-05-03 18:24:36
1144,view,2024-05-06 13:24:53
1144,view,2024-05-06 13:25:52
1144,click,2024-05-06 13:27:07
1144,purchase,2024-05-06 13:30:50
1144,click,2024-05-06 13:32:52
1144,view,2024-05-06 15:57:12
1144,click,2024-05-06 16:00:02
1144,view,2024-05-06 16:00:12
1144,view,2024-05-06 16:00:23
1144,click,2024-05-06 16:02:25
1144,click,2024-05-06 16:05:49
1144,click,2024-05-06 16:06:33
1144,view,2024-05-06 16:06:54
1144,view,2024-05-07 02:42:56
1144,view,2024-05-07 02:43:28
1144,view,2024-05-07 02:45:33
1144,view,2024-05-07 02:51:07
1144,view,2024-05-07 03:30:49
1144,view,2024-05-07 03:30:58
1144,click,2024-05-07 03:32:35
1144,click,2024-05-07 03:32:44
1144,purchase,2024-05-07 03:35:12
1144,click,2024-05-07 03:35:51
1144,click,2024-05-07 03:35:54
1144,view,2024-05-07 03:37:20
1145,view,2024-05-01 02:57:54
1145,view,2024-05-01 02:59:48
1145,click,2024-05-01 02:59:51
1145,view,2024-05-01 03:00:24
1145,view,2024-05-01 03:04:40
1145,purchase,2024-05-01 03:06:28
1145,click,2024-05-01 03:07:00
1145,purchase,2024-05-02 09:03:06
1145,click,2024-05-02 09:03:25
1145,view,2024-05-02 09:03:52
1145,view,2024-05-02 09:05:07
1145,view,2024-05-02 09:05:19
1145,view,2024-05-02 09:08:45
1145,view,2024-05-02 09:09:55
1145,purchase,2024-05-02 09:10:21
1145,view,2024-05-02 09:11:13
1145,view,2024-05-02 22:27:41
1145,purchase,2024-05-02 22:28:29
1145,click,2024-05-02 22:30:05
1145,view,2024-05-02 22:33:07
1145,view,2024-05-04 05:03:28
1145,view,2024-05-04 05:05:34
1145,click,2024-05-04 05:08:00
1145,view,2024-05-04 15:37:08
1145,view,2024-05-04 15:37:23
1145,view,2024-05-04 15:37:43
1145,view,2024-05-04 15:37:53
1145,view,2024-05-04 15:39:00
1145,click,2024-05-04 15:42:35
1145,click,2024-05-04 15:43:40
1145,click,2024-05-04 15:44:43
1145,click,2024-05-04 15:44:47
1145,click,2024-05-06 09:28:36
1145,view,2024-05-06 09:34:54
1145,view,2024-05-06 09:35:16
1145,click,2024-05-06 12:29:10
1145,click,2024-05-06 12:30:00
1145,click,2024-05-06 12:30:01
1145,view,2024-05-06 12:30:21
1145,view,2024-05-06 12:30:46
1145,view,2024-05-06 12:34:31
1145,view,2024-05-06 12:34:38
1145,click,2024-05-06 12:35:39
1145,view,2024-05-06 18:31:11
1145,view,2024-05-06 18:32:32
1145,view,2024-05-06 18:34:38
1145,purchase,2024-05-06 18:34:56
1145,view,2024-05-06 18:36:59
1145,view,2024-05-06 18:37:30
1145,view,2024-05-06 18:39:31
1145,view,2024-05-06 18:40:24
1145,view,2024-05-06 18:40:41
1145,view,2024-05-07 06:34:20
1145,view,2024-05-07 06:34:24
1145,view,2024-05-07 06:35:21
1145,view,2024-05-07 06:36:43
1145,click,2024-05-07 06:39:29
1145,view,2024-05-07 06:41:04
1145,click,2024-05-07 06:43:50
1145,click,2024-05-07 06:43:56
1145,view,2024-05-07 13:25:36
1145,click,2024-05-07 13:26:56
1145,click,2024-05-07 13:27:38
1145,view,2024-05-07 13:28:39
1145,view,2024-05-07 13:30:46
1145,view,2024-05-07 13:32:36
1145,click,2024-05-07 13:33:36
1145,click,2024-05-07 15:36:15
1145,click,2024-05-07 15:39:38
1145,purchase,2024-05-07 15:39:57
1145,click,2024-05-07 15:40:35
1145,view,2024-05-07 15:41:33
1145,click,2024-05-07 15:42:10
1145,view,2024-05-07 15:42:51
1145,view,2024-05-07 15:43:10
1145,view,2024-05-07 15:43:57
1145,view,2024-05-07 18:40:23
1145,click,2024-05-07 18:42:16
1145,view,2024-05-07 18:43:38
1145,view,2024-05-07 18:43:48
1145,view,2024-05-07 18:45:07
1145,click,2024-05-07 18:48:16
1145,view,2024-05-07 18:48:53
1145,click,2024-05-07 18:49:22
1145,view,2024-05-07 18:49:30
1146,view,2024-05-01 05:47:19
1146,view,2024-05-01 05:48:08
1146,view,2024-05-01 05:48:30
1146,view,2024-05-01 05:51:06
1146,view,2024-05-01 05:53:01
1146,view,2024-05-01 05:53:33
1146,click,2024-05-01 05:54:45
1146,purchase,2024-05-01 05:55:08
1146,view,2024-05-01 05:55:33
1146,click,2024-05-01 11:27:14
1146,view,2024-05-01 11:28:43
1146,view,2024-05-01 11:30:13
1146,view,2024-05-01 11:32:11
1146,click,2024-05-01 11:32:49
1146,click,2024-05-01 11:33:02
1146,view,2024-05-01 21:10:00
1146,click,2024-05-01 21:11:29
1146,click,2024-05-01 21:13:50
1146,click,2024-05-01 21:14:03
1146,click,2024-05-01 21:14:14
1146,view,2024-05-01 21:16:05
1146,view,2024-05-01 21:16:13
1146,click,2024-05-01 21:17:40
1146,click,2024-05-03 06:49:39
1146,click,2024-05-03 06:52:02
1146,view,2024-05-03 06:52:25
1146,view,2024-05-03 06:53:04
1146,view,2024-05-03 06:53:25
1146,purchase,2024-05-03 06:55:20
1146,purchase,2024-05-03 06:57:46
1146,view,2024-05-03 10:01:10
1146,view,2024-05-03 10:02:59
1146,click,2024-05-03 10:03:47
1146,view,2024-05-04 05:01:27
1146,view,2024-05-04 05:02:21
1146,purchase,2024-05-04 05:05:10
1146,click,2024-05-04 05:06:20
1146,click,2024-05-04 05:06:28
1146,view,2024-05-04 05:08:57
1146,view,2024-05-04 05:10:58
1146,click,2024-05-05 06:44:14
1146,purchase,2024-05-05 06:44:45
1146,view,2024-05-05 06:45:10
1146,view,2024-05-05 06:45:18
1146,click,2024-05-05 06:48:13
1146,view,2024-05-05 07:27:15
1146,view,2024-05-05 07:29:36
1146,click,2024-05-05 07:30:44
1146,view,2024-05-05 07:32:14
1146,click,2024-05-05 07:32:19
1146,purchase,2024-05-05 07:33:02
1146,view,2024-05-05 07:34:26
1146,view,2024-05-05 08:45:55
1146,view,2024-05-05 08:46:30
1146,click,2024-05-05 08:46:36
1146,click,2024-05-05 08:47:25
1146,click,2024-05-05 08:48:05
1146,click,2024-05-05 08:48:18
1146,view,2024-05-05 08:49:38
1146,view,2024-05-05 08:53:23
1146,view,2024-05-05 08:53:30
1146,click,2024-05-05 09:01:56
1146,purchase,2024-05-05 09:03:26
1146,view,2024-05-05 09:04:32
1146,view,2024-05-05 09:04:46
1146,view,2024-05-05 09:05:39
1146,click,2024-05-05 09:05:55
1146,click,2024-05-05 09:12:06
1146,purchase,2024-05-05 09:12:21
1146,click,2024-05-05 09:12:34
1146,click,2024-05-05 09:13:23
1146,click,2024-05-05 09:14:04
1146,view,2024-05-05 09:14:25
1146,view,2024-05-05 09:14:36
1146,view,2024-05-05 09:15:44
1146,purchase,2024-05-06 08:27:31
1146,view,2024-05-06 08:28:09
1146,view,2024-05-06 08:30:54
1146,click,2024-05-06 08:31:07
1146,view,2024-05-06 08:33:00
1146,view,2024-05-06 08:33:29
1146,click,2024-05-06 08:34:42
1146,view,2024-05-06 08:35:13
1146,view,2024-05-06 08:35:53
1146,view,2024-05-06 14:55:49
1146,click,2024-05-06 14:55:55
1146,click,2024-05-06 15:01:13
1146,view,2024-05-06 15:01:13
1146,view,2024-05-06 21:02:33
1146,view,2024-05-06 21:03:03
1146,view,2024-05-06 21:03:33
1146,view,2024-05-06 21:07:31
1146,purchase,2024-05-06 21:10:36
1146,view,2024-05-06 21:10:50
1146,click,2024-05-06 21:10:57
1146,view,2024-05-07 02:47:21
1146,view,2024-05-07 02:47:23
1146,view,2024-05-07 02:48:49
1146,view,2024-05-07 02:48:53
1146,click,2024-05-07 02:50:21
1146,view,2024-05-07 02:53:28
1146,click,2024-05-07 02:53:38
1146,view,2024-05-07 02:55:01
1146,view,2024-05-07 02:56:30
1146,click,2024-05-07 09:24:29
1146,click,2024-05-07 09:25:37
1146,view,2024-05-07 09:27:27
1146,view,2024-05-07 09:28:38
1146,click,2024-05-07 09:30:39
1146,view,2024-05-07 09:33:37
1146,click,2024-05-07 11:11:20
1146,view,2024-05-07 11:13:09
1146,view,2024-05-07 11:13:18
1146,view,2024-05-07 11:13:48
1146,purchase,2024-05-07 11:14:20
1146,purchase,2024-05-07 11:14:45
1146,view,2024-05-07 11:18:36
1146,view,2024-05-07 12:44:00
1146,click,2024-05-07 12:44:40
1146,view,2024-05-07 12:44:55
1146,view,2024-05-07 12:46:38
1146,click,2024-05-07 12:46:52
1146,view,2024-05-07 12:48:17
1146,view,2024-05-07 12:49:43
1146,view,2024-05-07 12:50:21
1146,purchase,2024-05-07 12:51:04
1147,click,2024-05-02 00:39:49
1147,view,2024-05-02 00:40:16
1147,view,2024-05-02 00:40:26
1147,view,2024-05-02 00:41:27
1147,view,2024-05-02 00:41:45
1147,view,2024-05-02 00:42:13
1147,click,2024-05-02 00:42:57
1147,view,2024-05-02 00:48:01
1147,purchase,2024-05-02 07:56:43
1147,click,2024-05-02 07:56:45
1147,view,2024-05-02 08:00:43
1147,view,2024-05-02 10:51:57
1147,click,2024-05-02 10:53:22
1147,purchase,2024-05-02 10:53:52
1147,view,2024-05-02 10:59:21
1147,click,2024-05-02 14:35:59
1147,view,2024-05-02 14:37:24
1147,view,2024-05-02 14:41:27
1147,click,2024-05-02 14:43:25
1147,click,2024-05-02 15:50:58
1147,view,2024-05-02 15:51:48
1147,view,2024-05-02 15:51:56
1147,view,2024-05-02 15:54:23
1147,view,2024-05-02 15:55:00
1147,purchase,2024-05-02 15:55:15
1147,view,2024-05-02 15:57:18
1147,purchase,2024-05-02 15:59:37
1147,view,2024-05-02 15:59:51
1147,click,2024-05-03 01:15:19
1147,click,2024-05-03 01:16:03
1147,view,2024-05-03 01:16:10
1147,view,2024-05-03 01:21:19
1147,purchase,2024-05-03 01:21:30
1147,click,2024-05-03 01:21:33
1147,view,2024-05-03 01:21:38
1147,click,2024-05-03 01:21:45
1147,click,2024-05-03 07:26:56
1147,view,2024-05-03 07:26:59
1147,click,2024-05-03 07:27:18
1147,click,2024-05-03 07:28:27
1147,purchase,2024-05-03 07:30:08
1147,view,2024-05-03 07:32:38
1147,view,2024-05-03 10:06:27
1147,view,2024-05-03 10:06:28
1147,view,2024-05-03 10:08:58
1147,view,2024-05-03 10:12:01
1147,view,2024-05-03 10:12:02
1147,view,2024-05-03 10:12:46
1147,view,2024-05-04 12:55:13
1147,view,2024-05-04 12:55:32
1147,view,2024-05-04 12:57:56
1147,view,2024-05-05 09:52:32
1147,click,2024-05-05 09:52:36
1147,view,2024-05-05 09:52:53
1147,view,2024-05-05 09:53:24
1147,view,2024-05-05 09:54:24
1147,view,2024-05-05 09:56:49
1147,view,2024-05-05 09:59:39
1147,view,2024-05-06 12:03:47
1147,view,2024-05-06 12:04:45
1147,view,2024-05-06 12:08:30
1147,click,2024-05-06 12:09:00
1147,click,2024-05-06 17:59:41
1147,click,2024-05-06 18:01:58
1147,click,2024-05-06 18:02:21
1147,view,2024-05-06 18:07:00
1147,view,2024-05-06 18:07:36
1147,view,2024-05-07 10:49:05
1147,click,2024-05-07 10:51:34
1147,view,2024-05-07 10:53:40
1147,view,2024-05-07 10:55:06
1147,view,2024-05-07 10:55:15
1147,click,2024-05-07 10:56:27
1147,click,2024-05-07 10:56:45
1147,click,2024-05-07 16:53:10
1147,view,2024-05-07 16:53:46
1147,view,2024-05-07 16:56:08
1147,view,2024-05-07 16:56:19
1148,click,2024-05-01 01:54:10
1148,view,2024-05-01 01:54:11
1148,view,2024-05-01 01:59:04
1148,click,2024-05-01 02:01:33
1148,purchase,2024-05-01 02:02:59
1148,click,2024-05-01 11:11:43
1148,purchase,2024-05-01 11:13:30
1148,view,2024-05-01 11:16:45
1148,purchase,2024-05-01 11:17:08
1148,view,2024-05-03 10:42:22
1148,click,2024-05-03 10:43:16
1148,view,2024-05-03 10:43:23
1148,view,2024-05-03 10:43:46
1148,view,2024-05-03 10:48:19
1148,view,2024-05-03 10:49:09
1148,view,2024-05-03 18:23:49
1148,view,2024-05-03 18:25:06
1148,view,2024-05-03 18:25:40
1148,view,2024-05-03 18:27:30
1148,view,2024-05-03 18:29:49
1148,click,2024-05-03 18:32:05
1148,view,2024-05-03 18:32:12
1148,click,2024-05-04 00:40:22
1148,click,2024-05-04 00:45:39
1148,view,2024-05-04 00:47:27
1148,view,2024-05-04 08:13:25
1148,view,2024-05-04 08:13:48
1148,view,2024-05-04 08:19:50
1148,view,2024-05-05 04:22:16
1148,view,2024-05-05 04:22:44
1148,view,2024-05-05 04:23:30
1148,click,2024-05-05 04:24:27
1148,click,2024-05-05 04:25:13
1148,view,2024-05-05 04:27:19
1148,purchase,2024-05-05 04:27:54
1148,view,2024-05-05 04:28:00
1148,view,2024-05-05 04:29:02
1148,view,2024-05-05 07:15:08
1148,view,2024-05-05 07:19:09
1148,view,2024-05-05 07:21:27
1148,click,2024-05-05 07:21:55
1148,purchase,2024-05-05 17:13:19
1148,click,2024-05-05 17:13:21
1148,view,2024-05-05 17:13:56
1148,click,2024-05-05 17:14:41
1148,view,2024-05-05 17:14:44
1148,purchase,2024-05-05 17:15:20
1148,click,2024-05-05 17:15:45
1148,view,2024-05-05 17:19:52
1148,view,2024-05-05 21:43:34
1148,view,2024-05-05 21:44:35
1148,view,2024-05-05 21:46:40
1148,click,2024-05-05 21:46:51
1148,purchase,2024-05-05 21:47:37
1148,view,2024-05-05 21:49:06
1148,click,2024-05-06 05:40:32
1148,click,2024-05-06 05:40:37
1148,view,2024-05-06 05:40:44
1148,view,2024-05-06 05:41:03
1148,view,2024-05-06 05:45:54
1148,view,2024-05-06 05:46:18
1148,click,2024-05-06 05:48:40
1148,view,2024-05-06 05:48:45
1148,view,2024-05-06 11:06:25
1148,view,2024-05-06 11:06:36
1148,purchase,2024-05-06 11:08:33
1148,view,2024-05-06 11:10:01
1148,click,2024-05-06 11:13:53
1148,view,2024-05-06 16:27:20
1148,click,2024-05-06 16:28:06
1148,click,2024-05-06 16:30:44
1148,view,2024-05-06 16:32:01
1148,click,2024-05-06 16:33:04
1148,view,2024-05-07 03:41:40
1148,purchase,2024-05-07 03:43:50
1148,view,2024-05-07 03:46:30
1148,view,2024-05-07 03:47:21
1149,view,2024-05-02 07:34:36
1149,click,2024-05-02 07:37:39
1149,click,2024-05-02 07:40:53
1149,purchase,2024-05-02 12:04:00
1149,purchase,2024-05-02 12:05:23
1149,purchase,2024-05-02 12:05:37
1149,purchase,2024-05-02 12:06:47
1149,view,2024-05-02 12:07:59
1149,click,2024-05-02 12:08:14
1149,view,2024-05-02 12:11:27
1149,click,2024-05-02 12:33:06
1149,view,2024-05-02 12:38:14
1149,purchase,2024-05-02 12:39:24
1149,view,2024-05-03 09:46:51
1149,click,2024-05-03 09:46:51
1149,click,2024-05-03 09:49:14
1149,view,2024-05-04 13:40:14
1149,view,2024-05-04 13:41:07
1149,view,2024-05-04 13:42:22
1149,purchase,2024-05-04 13:42:43
1149,purchase,2024-05-04 13:43:08
1149,click,2024-05-05 12:50:12
1149,click,2024-05-05 12:50:27
1149,click,2024-05-05 12:50:53
1149,view,2024-05-05 12:51:42
1149,click,2024-05-05 12:52:24
1149,click,2024-05-05 12:52:45
1149,click,2024-05-05 12:54:28
1149,view,2024-05-05 12:55:44
1149,click,2024-05-05 12:56:38
1149,view,2024-05-05 18:22:38
1149,view,2024-05-05 18:24:16
1149,click,2024-05-05 18:25:54
1149,click,2024-05-05 18:26:17
1149,click,2024-05-05 18:28:40
1149,click,2024-05-05 18:29:32
1149,view,2024-05-06 22:59:07
1149,view,2024-05-06 23:00:05
1149,purchase,2024-05-06 23:01:03
1149,view,2024-05-06 23:04:31
1149,click,2024-05-06 23:05:09
1149,view,2024-05-06 23:05:39
1149,view,2024-05-06 23:06:48
1149,click,2024-05-07 00:24:19
1149,click,2024-05-07 00:24:35
1149,view,2024-05-07 00:26:06
1149,view,2024-05-07 00:26:28
1149,view,2024-05-07 00:30:30
1149,view,2024-05-07 00:30:46
1149,view,2024-05-07 00:33:10
1149,click,2024-05-07 06:13:26
1149,view,2024-05-07 06:15:48
1149,view,2024-05-07 06:18:47
1149,view,2024-05-07 06:20:51
1149,purchase,2024-05-07 06:21:54
1150,view,2024-05-01 03:32:02
1150,view,2024-05-01 03:32:33
1150,click,2024-05-01 03:33:12
1150,view,2024-05-01 03:34:24
1150,click,2024-05-01 08:30:40
1150,view,2024-05-01 08:31:55
1150,view,2024-05-01 08:31:57
1150,view,2024-05-01 08:32:04
1150,view,2024-05-01 08:38:03
1150,view,2024-05-01 08:38:59
1150,purchase,2024-05-03 03:35:51
1150,view,2024-05-03 03:38:14
1150,click,2024-05-03 03:38:27
1150,click,2024-05-03 21:14:52
1150,view,2024-05-03 21:17:11
1150,view,2024-05-03 21:19:07
1150,view,2024-05-03 21:19:58
1150,view,2024-05-03 21:20:39
1150,click,2024-05-03 21:20:43
1150,view,2024-05-06 17:53:50
1150,view,2024-05-06 17:54:30
1150,click,2024-05-06 17:54:54
1150,click,2024-05-06 18:02:47
1150,click,2024-05-06 19:38:41
1150,view,2024-05-06 19:41:22
1150,click,2024-05-06 19:41:24
1150,view,2024-05-06 19:43:17
1150,click,2024-05-06 19:43:19
1150,view,2024-05-06 19:44:12
1150,view,2024-05-06 19:45:28
1150,purchase,2024-05-07 03:40:26
1150,view,2024-05-07 03:42:18
1150,click,2024-05-07 03:42:33
1150,view,2024-05-07 03:42:50
1150,click,2024-05-07 03:43:36
1150,click,2024-05-07 03:44:01
1150,click,2024-05-07 03:44:10
1150,view,2024-05-07 04:53:12
1150,view,2024-05-07 04:53:49
1150,view,2024-05-07 04:54:38
1150,view,2024-05-07 04:55:23
1150,view,2024-05-07 04:58:11
1150,view,2024-05-07 04:58:48
1150,view,2024-05-07 04:59:34
1150,view,2024-05-07 05:02:29
1150,click,2024-05-07 09:54:03
1150,view,2024-05-07 09:54:10
1150,view,2024-05-07 09:54:18
1150,view,2024-05-07 09:54:44
1150,view,2024-05-07 09:55:14
1150,click,2024-05-07 09:55:22
1150,click,2024-05-07 09:58:36
1150,click,2024-05-07 09:59:37
1150,view,2024-05-07 10:00:49
1150,view,2024-05-07 21:18:27
1150,view,2024-05-07 21:19:40
1150,click,2024-05-07 21:21:08
1150,click,2024-05-07 21:22:33
1150,click,2024-05-07 21:23:20
1151,view,2024-05-01 00:47:42
1151,view,2024-05-01 00:48:32
1151,view,2024-05-01 00:52:32
1151,view,2024-05-01 16:22:01
1151,view,2024-05-01 16:24:33
1151,view,2024-05-01 16:24:58
1151,view,2024-05-01 17:37:40
1151,click,2024-05-01 17:38:57
1151,click,2024-05-01 17:40:36
1151,view,2024-05-01 17:41:12
1151,click,2024-05-01 17:45:53
1151,view,2024-05-01 17:46:27
1151,click,2024-05-01 17:46:30
1151,click,2024-05-02 08:53:16
1151,click,2024-05-02 08:54:05
1151,view,2024-05-02 08:55:37
1151,view,2024-05-02 08:55:57
1151,view,2024-05-02 08:57:46
1151,click,2024-05-02 09:00:45
1151,click,2024-05-02 09:01:38
1151,purchase,2024-05-02 09:02:17
1151,view,2024-05-02 09:02:50
1151,view,2024-05-02 10:09:08
1151,click,2024-05-02 10:12:05
1151,view,2024-05-02 10:14:29
1151,click,2024-05-02 10:14:30
1151,purchase,2024-05-02 10:15:20
1151,purchase,2024-05-03 00:27:41
1151,click,2024-05-03 00:28:10
1151,view,2024-05-03 00:30:50
1151,view,2024-05-03 00:33:37
1151,click,2024-05-03 00:35:55
1151,view,2024-05-03 01:07:41
1151,purchase,2024-05-03 01:08:00
1151,view,2024-05-03 01:08:13
1151,view,2024-05-03 01:08:45
1151,purchase,2024-05-03 01:13:29
1151,view,2024-05-03 01:14:26
1151,view,2024-05-03 01:15:08
1151,click,2024-05-03 01:15:47
1151,purchase,2024-05-03 08:51:36
1151,view,2024-05-03 08:51:38
1151,click,2024-05-03 08:54:19
1151,click,2024-05-03 08:56:45
1151,view,2024-05-03 08:59:11
1151,view,2024-05-03 09:00:15
1151,view,2024-05-03 09:00:54
1151,purchase,2024-05-03 12:40:02
1151,click,2024-05-03 12:40:48
1151,view,2024-05-03 12:44:44
1151,view,2024-05-03 12:46:48
1151,view,2024-05-03 12:47:32
1151,click,2024-05-03 12:47:42
1151,view,2024-05-03 12:47:47
1151,view,2024-05-04 15:24:32
1151,click,2024-05-04 15:25:52
1151,click,2024-05-04 15:26:54
1151,view,2024-05-04 15:27:29
1151,view,2024-05-04 20:02:32
1151,click,2024-05-04 20:03:53
1151,view,2024-05-04 20:04:19
1151,view,2024-05-04 20:04:45
1151,view,2024-05-04 20:04:58
1151,view,2024-05-04 20:09:34
1151,click,2024-05-04 20:10:07
1151,purchase,2024-05-04 20:10:25
1151,view,2024-05-05 01:05:10
1151,purchase,2024-05-05 01:09:26
1151,view,2024-05-05 01:12:10
1151,click,2024-05-05 15:34:13
1151,view,2024-05-05 15:34:30
1151,view,2024-05-05 15:37:06
1151,view,2024-05-05 15:40:04
1151,view,2024-05-05 15:40:25
1151,view,2024-05-05 15:41:28
1151,purchase,2024-05-05 15:43:03
1151,purchase,2024-05-05 20:07:31
1151,click,2024-05-05 20:08:28
1151,view,2024-05-05 20:08:34
1151,purchase,2024-05-05 20:13:05
1151,view,2024-05-06 14:55:51
1151,view,2024-05-06 14:56:13
1151,view,2024-05-06 15:00:27
1151,view,2024-05-06 15:00:53
1151,view,2024-05-06 15:01:47
1151,view,2024-05-06 15:04:04
1151,view,2024-05-06 15:04:30
1151,view,2024-05-06 20:40:14
1151,click,2024-05-06 20:41:20
1151,view,2024-05-06 20:41:21
1151,purchase,2024-05-06 20:43:40
1151,view,2024-05-06 20:47:25
1151,view,2024-05-06 20:49:24
1151,click,2024-05-07 16:26:58
1151,view,2024-05-07 16:29:17
1151,view,2024-05-07 16:30:23
1151,view,2024-05-07 16:32:38
1151,view,2024-05-07 22:30:01
1151,view,2024-05-07 22:32:33
1151,click,2024-05-07 22:33:04
1151,view,2024-05-07 22:34:19
1151,view,2024-05-07 22:34:35
1151,click,2024-05-07 22:36:30
1152,view,2024-05-01 06:15:15
1152,click,2024-05-01 06:17:09
1152,view,2024-05-01 06:17:49
1152,purchase,2024-05-01 10:53:15
1152,view,2024-05-01 10:54:44
1152,click,2024-05-01 11:00:28
1152,view,2024-05-01 19:17:33
1152,view,2024-05-01 19:21:02
1152,view,2024-05-01 19:26:01
1152,purchase,2024-05-02 14:20:56
1152,view,2024-05-02 14:20:58
1152,view,2024-05-02 14:21:12
1152,click,2024-05-02 14:21:53
1152,view,2024-05-02 14:24:51
1152,click,2024-05-02 14:24:54
1152,purchase,2024-05-02 14:25:32
1152,view,2024-05-02 14:25:59
1152,click,2024-05-02 14:28:21
1152,view,2024-05-03 00:56:19
1152,view,2024-05-03 00:56:54
1152,view,2024-05-03 00:57:29
1152,view,2024-05-03 00:58:38
1152,click,2024-05-03 01:00:34
1152,click,2024-05-03 01:03:15
1152,view,2024-05-03 01:04:02
1152,view,2024-05-03 10:14:59
1152,purchase,2024-05-03 10:15:11
1152,click,2024-05-03 10:15:34
1152,view,2024-05-03 10:18:27
1152,click,2024-05-03 10:19:48
1152,click,2024-05-03 10:23:14
1152,click,2024-05-03 10:23:26
1152,click,2024-05-03 10:55:34
1152,click,2024-05-03 10:59:17
1152,view,2024-05-03 11:00:29
1152,view,2024-05-03 11:01:03
1152,click,2024-05-03 11:03:58
1152,view,2024-05-04 22:10:44
1152,view,2024-05-04 22:13:38
1152,view,2024-05-04 22:13:52
1152,view,2024-05-04 22:14:01
1152,click,2024-05-04 22:14:49
1152,view,2024-05-04 22:16:08
1152,view,2024-05-06 17:01:11
1152,view,2024-05-06 17:01:28
1152,view,2024-05-06 17:02:01
1152,view,2024-05-06 17:04:23
1152,view,2024-05-06 17:06:27
1152,view,2024-05-06 17:06:38
1152,view,2024-05-06 17:07:13
1152,view,2024-05-06 17:08:27
1152,view,2024-05-07 01:13:23
1152,view,2024-05-07 01:13:25
1152,purchase,2024-05-07 01:13:56
1152,click,2024-05-07 01:14:25
1152,purchase,2024-05-07 01:16:08
1152,view,2024-05-07 01:16:45
1152,click,2024-05-07 01:18:04
1152,view,2024-05-07 01:18:32
1152,view,2024-05-07 01:19:41
1152,view,2024-05-07 06:31:39
1152,purchase,2024-05-07 06:32:28
1152,click,2024-05-07 06:36:29
1152,click,2024-05-07 06:38:02
1152,click,2024-05-07 06:38:43
1152,purchase,2024-05-07 06:38:57
1152,view,2024-05-07 06:39:53
1153,view,2024-05-01 01:10:04
1153,click,2024-05-01 01:10:37
1153,view,2024-05-01 01:11:47
1153,view,2024-05-01 01:12:39
1153,view,2024-05-01 01:14:25
1153,click,2024-05-01 18:27:51
1153,view,2024-05-01 18:30:32
1153,click,2024-05-01 18:30:50
1153,click,2024-05-01 18:31:52
1153,view,2024-05-01 18:32:02
1153,view,2024-05-01 18:32:02
1153,view,2024-05-01 18:32:59
1153,view,2024-05-01 18:33:10
1153,purchase,2024-05-01 18:36:28
1153,view,2024-05-02 03:42:53
1153,view,2024-05-02 03:43:05
1153,click,2024-05-02 03:43:39
1153,click,2024-05-02 03:44:06
1153,click,2024-05-02 03:44:12
1153,view,2024-05-02 03:44:42
1153,click,2024-05-02 03:45:25
1153,view,2024-05-02 06:06:15
1153,click,2024-05-02 06:09:04
1153,click,2024-05-02 06:14:17
1153,view,2024-05-02 06:14:27
1153,view,2024-05-02 14:06:08
1153,view,2024-05-02 14:07:03
1153,view,2024-05-02 14:08:27
1153,purchase,2024-05-02 14:08:44
1153,view,2024-05-02 15:55:15
1153,view,2024-05-02 15:59:15
1153,view,2024-05-02 15:59:29
1153,view,2024-05-02 16:01:07
1153,view,2024-05-02 16:03:46
1153,view,2024-05-02 18:31:55
1153,view,2024-05-02 18:38:27
1153,click,2024-05-02 18:39:31
1153,click,2024-05-02 21:22:35
1153,purchase,2024-05-02 21:22:48
1153,click,2024-05-02 21:26:30
1153,click,2024-05-02 21:26:38
1153,click,2024-05-02 21:27:58
1153,view,2024-05-03 01:38:32
1153,view,2024-05-03 01:38:52
1153,view,2024-05-03 01:44:07
1153,click,2024-05-03 01:45:04
1153,click,2024-05-03 01:46:28
1153,click,2024-05-03 01:46:31
1153,click,2024-05-03 15:31:38
1153,purchase,2024-05-03 15:33:20
1153,view,2024-05-03 15:35:48
1153,click,2024-05-03 15:40:31
1153,view,2024-05-03 15:40:59
1153,view,2024-05-03 15:56:15
1153,view,2024-05-03 15:59:03
1153,click,2024-05-03 16:04:37
1153,view,2024-05-04 14:52:42
1153,view,2024-05-04 14:53:57
1153,view,2024-05-04 14:54:57
1153,view,2024-05-04 14:55:24
1153,view,2024-05-04 14:58:44
1153,view,2024-05-04 14:59:02
1153,view,2024-05-04 15:01:54
1153,view,2024-05-04 22:45:49
1153,click,2024-05-04 22:48:11
1153,purchase,2024-05-04 22:50:19
1153,view,2024-05-04 22:51:11
1153,view,2024-05-04 22:52:09
1153,purchase,2024-05-04 22:52:19
1153,click,2024-05-04 22:52:44
1153,view,2024-05-04 22:53:14
1153,view,2024-05-04 22:54:00
1153,view,2024-05-05 04:55:30
1153,view,2024-05-05 04:55:40
1153,click,2024-05-05 04:58:11
1153,view,2024-05-05 05:00:25
1153,view,2024-05-05 05:01:29
1153,view,2024-05-05 05:02:28
1153,view,2024-05-05 12:15:39
1153,click,2024-05-05 12:16:29
1153,view,2024-05-05 12:16:35
1153,view,2024-05-06 06:11:19
1153,view,2024-05-06 06:11:37
1153,view,2024-05-06 06:13:09
1153,view,2024-05-06 06:13:59
1153,view,2024-05-06 06:14:39
1153,click,2024-05-06 06:16:02
1153,click,2024-05-06 06:17:38
1153,view,2024-05-06 06:17:48
1153,view,2024-05-06 10:05:31
1153,click,2024-05-06 10:07:52
1153,view,2024-05-06 10:10:46
1153,view,2024-05-06 10:11:20
1153,click,2024-05-06 10:13:11
1153,purchase,2024-05-06 10:13:45
1153,view,2024-05-06 22:29:25
1153,view,2024-05-06 22:33:02
1153,view,2024-05-06 22:34:04
1153,click,2024-05-06 22:38:19
1153,view,2024-05-06 22:38:46
1154,view,2024-05-01 05:13:57
1154,view,2024-05-01 05:15:54
1154,click,2024-05-01 05:18:26
1154,view,2024-05-01 05:18:33
1154,purchase,2024-05-01 05:21:57
1154,view,2024-05-01 05:22:22
1154,view,2024-05-02 06:26:52
1154,view,2024-05-02 06:28:22
1154,view,2024-05-02 06:30:13
1154,click,2024-05-02 06:32:38
1154,view,2024-05-02 06:34:00
1154,view,2024-05-02 21:04:21
1154,view,2024-05-02 21:04:59
1154,view,2024-05-02 21:08:22
1154,purchase,2024-05-02 21:08:23
1154,click,2024-05-02 21:08:54
1154,view,2024-05-02 21:09:31
1154,view,2024-05-06 00:17:44
1154,click,2024-05-06 00:22:28
1154,click,2024-05-06 00:23:06
1154,purchase,2024-05-06 20:35:17
1154,view,2024-05-06 20:35:32
1154,purchase,2024-05-06 20:37:27
1154,view,2024-05-06 20:40:08
1154,view,2024-05-06 20:40:26
1154,click,2024-05-06 20:41:02
1154,click,2024-05-06 20:42:47
1154,view,2024-05-07 01:47:32
1154,view,2024-05-07 01:49:37
1154,view,2024-05-07 01:49:55
1154,view,2024-05-07 01:50:42
1154,view,2024-05-07 01:51:52
1154,click,2024-05-07 01:56:39
1154,view,2024-05-07 17:32:34
1154,view,2024-05-07 17:34:49
1154,click,2024-05-07 17:35:11
1154,view,2024-05-07 17:38:18
1154,click,2024-05-07 17:38:44
1154,click,2024-05-07 17:39:42
1154,click,2024-05-07 17:40:04
1154,view,2024-05-07 17:40:44
1155,click,2024-05-03 02:31:11
1155,view,2024-05-03 02:32:39
1155,view,2024-05-03 02:33:10
1155,click,2024-05-03 02:35:06
1155,view,2024-05-03 02:35:24
1155,view,2024-05-03 02:40:22
1155,view,2024-05-03 17:25:32
1155,view,2024-05-03 17:30:50
1155,view,2024-05-03 17:31:22
1155,view,2024-05-03 17:31:30
1155,view,2024-05-03 17:33:23
1155,click,2024-05-03 17:33:33
1155,purchase,2024-05-03 18:43:56
1155,click,2024-05-03 18:47:25
1155,click,2024-05-03 18:47:37
1155,click,2024-05-04 01:07:28
1155,click,2024-05-04 01:08:26
1155,view,2024-05-04 01:08:29
1155,view,2024-05-04 01:10:26
1155,view,2024-05-04 01:11:35
1155,view,2024-05-04 01:12:39
1155,view,2024-05-04 01:14:06
1155,view,2024-05-04 01:14:20
1155,view,2024-05-04 01:15:27
1155,view,2024-05-05 00:47:01
1155,click,2024-05-05 00:49:54
1155,view,2024-05-05 00:50:45
1155,purchase,2024-05-05 00:51:31
1155,view,2024-05-05 00:51:33
1155,view,2024-05-05 00:53:03
1155,view,2024-05-05 00:53:13
1155,purchase,2024-05-05 00:54:38
1155,view,2024-05-05 12:08:37
1155,purchase,2024-05-05 12:08:53
1155,view,2024-05-05 12:09:02
1155,click,2024-05-05 12:09:19
1155,view,2024-05-05 12:09:48
1155,view,2024-05-05 12:10:49
1155,view,2024-05-05 12:11:25
1155,view,2024-05-05 12:12:28
1155,view,2024-05-05 12:12:29
1155,click,2024-05-06 10:37:18
1155,view,2024-05-06 10:39:17
1155,click,2024-05-06 10:39:49
1155,click,2024-05-06 10:43:59
1155,view,2024-05-07 04:21:39
1155,view,2024-05-07 04:22:20
1155,view,2024-05-07 04:23:04
1155,view,2024-05-07 04:23:58
1155,view,2024-05-07 04:25:18
1155,view,2024-05-07 04:26:40
1155,view,2024-05-07 04:27:35
1155,view,2024-05-07 04:28:43
1155,click,2024-05-07 04:29:14
1155,view,2024-05-07 16:46:44
1155,click,2024-05-07 16:46:57
1155,purchase,2024-05-07 16:47:18
1155,click,2024-05-07 16:48:30
1155,purchase,2024-05-07 16:49:35
1155,view,2024-05-07 16:50:16
1155,view,2024-05-07 16:53:23
1156,click,2024-05-01 16:41:15
1156,view,2024-05-01 16:41:46
1156,view,2024-05-01 16:43:39
1156,click,2024-05-01 16:45:43
1156,view,2024-05-01 16:45:46
1156,click,2024-05-02 19:43:24
1156,click,2024-05-02 19:43:36
1156,click,2024-05-02 19:45:38
1156,purchase,2024-05-02 19:45:55
1156,click,2024-05-02 19:46:23
1156,view,2024-05-02 19:46:37
1156,view,2024-05-02 19:47:35
1156,click,2024-05-02 19:47:45
1156,view,2024-05-02 19:48:02
1156,view,2024-05-02 19:51:38
1156,click,2024-05-02 19:52:10
1156,view,2024-05-03 18:59:53
1156,view,2024-05-03 19:00:36
1156,view,2024-05-03 19:01:04
1156,click,2024-05-04 01:55:19
1156,view,2024-05-04 01:56:43
1156,view,2024-05-04 01:58:30
1156,view,2024-05-04 01:59:23
1156,view,2024-05-04 02:01:18
1156,click,2024-05-04 10:34:20
1156,click,2024-05-04 10:37:00
1156,view,2024-05-04 10:37:08
1156,view,2024-05-04 17:05:36
1156,click,2024-05-04 17:07:16
1156,click,2024-05-04 17:12:05
1156,view,2024-05-04 17:13:58
1156,click,2024-05-04 17:15:00
1156,view,2024-05-05 20:36:56
1156,view,2024-05-05 20:37:43
1156,purchase,2024-05-05 20:38:17
1156,view,2024-05-05 20:40:06
1156,view,2024-05-05 20:42:00
1156,view,2024-05-05 20:42:22
1156,click,2024-05-05 20:43:07
1156,view,2024-05-06 04:37:29
1156,view,2024-05-06 04:44:36
1156,view,2024-05-06 04:45:26
1156,view,2024-05-06 12:36:04
1156,click,2024-05-06 12:38:36
1156,click,2024-05-06 12:38:37
1156,click,2024-05-06 12:38:45
1156,view,2024-05-06 12:41:47
1156,purchase,2024-05-06 12:42:31
1156,purchase,2024-05-06 12:42:39
1156,view,2024-05-06 12:43:42
1156,view,2024-05-06 12:43:56
1157,view,2024-05-01 13:23:36
1157,view,2024-05-01 13:24:05
1157,view,2024-05-01 13:29:29
1157,view,2024-05-01 13:31:31
1157,purchase,2024-05-01 13:31:46
1157,view,2024-05-01 13:32:37
1157,click,2024-05-03 00:40:27
1157,click,2024-05-03 00:43:43
1157,view,2024-05-03 00:43:52
1157,click,2024-05-03 00:43:56
1157,view,2024-05-03 00:47:08
1157,click,2024-05-03 00:48:12
1157,view,2024-05-03 00:48:56
1157,view,2024-05-03 00:49:06
1157,click,2024-05-03 00:49:46
1157,view,2024-05-03 11:29:17
1157,click,2024-05-03 11:33:26
1157,view,2024-05-03 11:37:38
1157,view,2024-05-04 17:23:57
1157,purchase,2024-05-04 17:24:25
1157,purchase,2024-05-04 17:26:08
1157,view,2024-05-04 17:26:34
1157,view,2024-05-04 17:29:43
1157,view,2024-05-05 01:51:15
1157,view,2024-05-05 01:53:23
1157,view,2024-05-05 01:53:46
1157,view,2024-05-05 01:58:38
1157,view,2024-05-05 01:59:17
1157,click,2024-05-05 09:28:42
1157,view,2024-05-05 09:29:14
1157,view,2024-05-05 09:30:38
1157,purchase,2024-05-05 09:33:56
1157,view,2024-05-05 09:34:16
1157,click,2024-05-05 09:35:39
1157,view,2024-05-05 09:36:51
1157,view,2024-05-05 17:03:15
1157,view,2024-05-05 17:04:20
1157,view,2024-05-05 17:06:19
1157,view,2024-05-05 17:07:02
1157,click,2024-05-05 17:07:42
1157,view,2024-05-05 17:08:48
1157,purchase,2024-05-05 17:10:09
1157,view,2024-05-05 17:11:21
1157,view,2024-05-05 17:11:40
1157,click,2024-05-05 17:25:06
1157,click,2024-05-05 17:27:00
1157,view,2024-05-05 17:30:56
1157,view,2024-05-05 17:31:04
1157,view,2024-05-05 17:47:42
1157,view,2024-05-05 17:48:01
1157,view,2024-05-05 17:48:57
1157,view,2024-05-05 17:50:52
1157,view,2024-05-05 17:51:26
1157,purchase,2024-05-05 17:52:57
1157,view,2024-05-06 04:04:01
1157,view,2024-05-06 04:10:06
1157,purchase,2024-05-06 04:10:28
1157,click,2024-05-06 06:11:18
1157,click,2024-05-06 06:11:37
1157,purchase,2024-05-06 06:13:03
1157,view,2024-05-06 06:13:31
1157,click,2024-05-06 06:14:18
1157,view,2024-05-06 06:16:17
1157,click,2024-05-06 06:17:00
1157,click,2024-05-06 06:18:05
1157,view,2024-05-06 06:19:57
1157,view,2024-05-06 08:33:03
1157,view,2024-05-06 08:33:44
1157,view,2024-05-06 08:34:00
1157,view,2024-05-06 08:37:44
1157,view,2024-05-06 08:39:21
1157,click,2024-05-06 08:41:38
1157,view,2024-05-07 10:54:55
1157,view,2024-05-07 10:54:56
1157,view,2024-05-07 10:55:01
1157,view,2024-05-07 10:55:03
1157,view,2024-05-07 10:55:23
1157,click,2024-05-07 10:55:27
1157,view,2024-05-07 10:58:28
1157,purchase,2024-05-07 10:58:43
1157,view,2024-05-07 10:59:28
1157,click,2024-05-07 15:00:54
1157,click,2024-05-07 15:01:06
1157,click,2024-05-07 15:06:03
1157,click,2024-05-07 20:29:32
1157,click,2024-05-07 20:29:42
1157,view,2024-05-07 20:30:43
1157,view,2024-05-07 20:32:12
1157,click,2024-05-07 20:33:35
1157,view,2024-05-07 20:35:33
1157,click,2024-05-07 20:36:38
1157,click,2024-05-07 20:36:53
1157,click,2024-05-07 20:37:03
1157,view,2024-05-07 21:53:22
1157,view,2024-05-07 21:54:03
1157,view,2024-05-07 21:58:54
1157,view,2024-05-07 21:59:43
1157,view,2024-05-07 22:00:21
1157,view,2024-05-07 22:01:21
1157,view,2024-05-07 22:01:24
1157,click,2024-05-07 22:01:54
1158,view,2024-05-01 18:45:46
1158,click,2024-05-01 18:46:41
1158,view,2024-05-01 18:47:29
1158,view,2024-05-01 18:48:24
1158,view,2024-05-01 18:48:38
1158,click,2024-05-01 18:49:00
1158,view,2024-05-01 18:49:45
1158,view,2024-05-01 18:52:15
1158,view,2024-05-02 21:50:53
1158,view,2024-05-02 21:51:39
1158,click,2024-05-02 21:55:45
1158,purchase,2024-05-03 05:25:48
1158,view,2024-05-03 05:30:27
1158,view,2024-05-03 05:33:44
1158,click,2024-05-03 15:51:52
1158,view,2024-05-03 15:55:08
1158,view,2024-05-03 15:59:55
1158,click,2024-05-04 20:33:31
1158,view,2024-05-04 20:35:04
1158,click,2024-05-04 20:37:03
1158,view,2024-05-04 20:37:22
1158,view,2024-05-04 20:38:05
1158,view,2024-05-04 20:40:56
1158,view,2024-05-04 20:42:58
1158,click,2024-05-07 10:56:48
1158,click,2024-05-07 10:58:24
1158,click,2024-05-07 11:01:39
1158,view,2024-05-07 11:04:47
1159,purchase,2024-05-01 01:00:58
1159,click,2024-05-01 01:03:00
1159,click,2024-05-01 01:03:17
1159,view,2024-05-01 01:04:08
1159,view,2024-05-01 01:05:48
1159,view,2024-05-01 01:06:13
1159,click,2024-05-01 01:07:27
1159,click,2024-05-01 01:09:25
1159,click,2024-05-01 06:40:44
1159,view,2024-05-01 06:41:25
1159,view,2024-05-01 06:43:24
1159,click,2024-05-01 06:45:29
1159,view,2024-05-01 06:46:23
1159,view,2024-05-01 06:46:58
1159,click,2024-05-01 11:00:45
1159,view,2024-05-01 11:01:01
1159,click,2024-05-01 11:01:05
1159,view,2024-05-01 11:05:53
1159,view,2024-05-01 11:06:59
1159,view,2024-05-01 23:34:55
1159,click,2024-05-01 23:36:08
1159,view,2024-05-01 23:36:16
1159,view,2024-05-01 23:39:07
1159,view,2024-05-01 23:39:40
1159,purchase,2024-05-01 23:40:19
1159,view,2024-05-01 23:41:51
1159,click,2024-05-02 02:30:15
1159,view,2024-05-02 02:31:21
1159,click,2024-05-02 02:31:31
1159,click,2024-05-02 02:33:47
1159,view,2024-05-02 10:49:48
1159,view,2024-05-02 10:51:52
1159,purchase,2024-05-02 10:53:22
1159,view,2024-05-02 10:54:49
1159,view,2024-05-02 10:55:05
1159,view,2024-05-03 17:51:32
1159,view,2024-05-03 17:51:35
1159,view,2024-05-03 17:55:09
1159,purchase,2024-05-03 17:56:20
1159,view,2024-05-03 17:57:58
1159,view,2024-05-03 17:58:46
1159,view,2024-05-03 22:15:11
1159,purchase,2024-05-03 22:15:25
1159,view,2024-05-03 22:15:44
1159,view,2024-05-03 22:18:19
1159,view,2024-05-03 22:20:32
1159,view,2024-05-03 22:21:06
1159,view,2024-05-03 22:22:47
1159,view,2024-05-03 22:24:50
1159,view,2024-05-04 15:47:39
1159,view,2024-05-04 15:52:21
1159,view,2024-05-04 15:52:44
1159,view,2024-05-04 15:52:57
1159,view,2024-05-04 19:53:31
1159,click,2024-05-04 19:53:34
1159,view,2024-05-04 19:56:14
1159,view,2024-05-04 19:56:34
1159,purchase,2024-05-05 06:25:24
1159,view,2024-05-05 06:25:42
1159,view,2024-05-05 06:30:20
1159,click,2024-05-05 06:32:36
1159,view,2024-05-05 06:33:41
1159,click,2024-05-05 08:18:49
1159,view,2024-05-05 08:19:51
1159,click,2024-05-05 08:20:16
1159,view,2024-05-05 08:23:22
1159,view,2024-05-05 08:23:58
1159,click,2024-05-05 08:40:03
1159,click,2024-05-05 08:40:37
1159,view,2024-05-05 08:40:54
1159,click,2024-05-05 08:41:39
1159,view,2024-05-05 08:41:43
1159,click,2024-05-05 08:43:48
1159,view,2024-05-05 17:20:10
1159,view,2024-05-05 17:20:54
1159,click,2024-05-05 17:22:36
1159,view,2024-05-05 17:23:27
1159,click,2024-05-05 17:27:09
1159,view,2024-05-05 17:28:05
1159,view,2024-05-06 01:07:58
1159,view,2024-05-06 01:09:19
1159,view,2024-05-06 01:09:29
1159,view,2024-05-06 01:09:58
1159,click,2024-05-06 01:10:18
1159,click,2024-05-06 01:13:06
1159,view,2024-05-06 14:54:35
1159,view,2024-05-06 14:56:05
1159,view,2024-05-06 14:56:15
1159,view,2024-05-06 14:57:48
1159,view,2024-05-06 14:58:39
1159,view,2024-05-06 14:59:25
1159,view,2024-05-06 15:00:20
1159,click,2024-05-06 15:02:14
1159,view,2024-05-06 15:03:58
1159,view,2024-05-07 12:37:37
1159,view,2024-05-07 12:37:41
1159,view,2024-05-07 12:38:17
1159,view,2024-05-07 12:38:29
1159,view,2024-05-07 12:38:55
1159,view,2024-05-07 12:41:24
1159,view,2024-05-07 12:41:26
1159,view,2024-05-07 12:44:11
1159,click,2024-05-07 12:45:20
1159,click,2024-05-07 13:04:17
1159,view,2024-05-07 13:04:33
1159,view,2024-05-07 13:04:38
1159,purchase,2024-05-07 13:05:22
1159,click,2024-05-07 13:05:51
1159,purchase,2024-05-07 13:10:34
1159,click,2024-05-07 13:11:11
1159,view,2024-05-07 13:11:31
1159,view,2024-05-07 13:12:33
1160,click,2024-05-01 06:25:09
1160,click,2024-05-01 06:27:51
1160,click,2024-05-01 06:27:51
1160,view,2024-05-01 18:52:45
1160,purchase,2024-05-01 18:54:03
1160,view,2024-05-01 18:54:13
1160,view,2024-05-01 18:55:24
1160,click,2024-05-01 18:55:28
1160,click,2024-05-01 18:57:29
1160,view,2024-05-01 18:58:03
1160,purchase,2024-05-01 18:59:10
1160,click,2024-05-01 18:59:59
1160,view,2024-05-01 22:52:00
1160,view,2024-05-01 22:52:17
1160,click,2024-05-01 22:53:20
1160,view,2024-05-01 22:54:14
1160,view,2024-05-01 22:55:51
1160,view,2024-05-01 22:56:25
1160,view,2024-05-02 01:49:16
1160,view,2024-05-02 01:49:28
1160,view,2024-05-02 01:52:03
1160,click,2024-05-02 01:52:49
1160,view,2024-05-03 02:36:51
1160,view,2024-05-03 02:38:46
1160,click,2024-05-03 02:38:50
1160,purchase,2024-05-03 02:39:54
1160,view,2024-05-03 02:42:31
1160,view,2024-05-03 02:42:32
1160,view,2024-05-03 02:43:51
1160,click,2024-05-03 02:44:54
1160,view,2024-05-03 05:12:32
1160,view,2024-05-03 05:13:26
1160,view,2024-05-03 05:14:35
1160,click,2024-05-03 05:14:45
1160,view,2024-05-03 05:16:13
1160,view,2024-05-03 05:18:42
1160,click,2024-05-03 20:48:02
1160,view,2024-05-03 20:48:13
1160,view,2024-05-03 20:48:23
1160,click,2024-05-03 20:48:28
1160,purchase,2024-05-03 20:49:39
1160,click,2024-05-03 20:52:08
1160,view,2024-05-03 20:53:10
1160,view,2024-05-03 21:16:33
1160,view,2024-05-03 21:17:06
1160,click,2024-05-03 21:21:17
1160,view,2024-05-03 21:21:54
1160,view,2024-05-03 21:22:26
1160,view,2024-05-03 21:22:27
1160,view,2024-05-03 21:22:55
1160,view,2024-05-03 21:23:05
1160,click,2024-05-03 21:23:11
1160,purchase,2024-05-04 12:53:09
1160,purchase,2024-05-04 12:54:31
1160,click,2024-05-04 12:55:39
1160,click,2024-05-04 12:56:47
1160,view,2024-05-04 12:57:43
1160,view,2024-05-04 16:30:21
1160,purchase,2024-05-04 16:30:36
1160,view,2024-05-04 16:32:19
1160,view,2024-05-04 16:33:45
1160,view,2024-05-04 16:35:58
1160,click,2024-05-04 17:06:04
1160,view,2024-05-04 17:06:49
1160,view,2024-05-04 17:08:39
1160,view,2024-05-04 17:08:44
1160,purchase,2024-05-04 17:09:43
1160,view,2024-05-04 17:10:40
1160,click,2024-05-04 17:11:36
1160,view,2024-05-04 17:13:03
1160,view,2024-05-04 17:13:59
1160,click,2024-05-04 18:28:04
1160,view,2024-05-04 18:28:04
1160,click,2024-05-04 18:28:23
1160,view,2024-05-04 18:31:29
1160,click,2024-05-04 18:33:42
1160,view,2024-05-04 18:34:03
1160,view,2024-05-04 18:34:26
1160,view,2024-05-04 18:34:38
1160,view,2024-05-05 06:05:52
1160,view,2024-05-05 06:06:18
1160,view,2024-05-05 06:06:43
1160,view,2024-05-05 06:06:48
1160,click,2024-05-05 06:06:56
1160,view,2024-05-05 06:07:09
1160,purchase,2024-05-05 08:32:15
1160,click,2024-05-05 08:33:01
1160,view,2024-05-05 08:34:04
1160,click,2024-05-05 08:34:23
1160,click,2024-05-05 08:37:17
1160,click,2024-05-05 08:37:57
1160,view,2024-05-05 08:39:00
1160,view,2024-05-05 08:40:00
1160,view,2024-05-05 14:50:34
1160,view,2024-05-05 14:53:14
1160,view,2024-05-05 14:55:22
1160,click,2024-05-05 14:56:33
1160,view,2024-05-05 14:57:27
1160,purchase,2024-05-05 18:14:30
1160,view,2024-05-05 18:14:56
1160,view,2024-05-05 18:16:58
1160,view,2024-05-05 18:20:03
1160,click,2024-05-05 18:21:54
1160,view,2024-05-05 18:22:59
1160,click,2024-05-05 18:23:01
1160,click,2024-05-07 02:59:29
1160,click,2024-05-07 02:59:49
1160,view,2024-05-07 03:01:06
1160,click,2024-05-07 03:03:55
1160,view,2024-05-07 03:05:10
1161,click,2024-05-01 06:37:11
1161,click,2024-05-01 06:37:47
1161,view,2024-05-01 06:40:20
1161,view,2024-05-01 06:40:33
1161,click,2024-05-01 06:42:21
1161,view,2024-05-01 06:42:23
1161,click,2024-05-01 06:43:57
1161,view,2024-05-02 00:00:29
1161,view,2024-05-02 00:01:10
1161,click,2024-05-02 00:02:58
1161,view,2024-05-02 00:03:05
1161,view,2024-05-02 00:05:19
1161,click,2024-05-02 00:05:26
1161,view,2024-05-02 00:06:20
1161,click,2024-05-02 00:09:16
1161,view,2024-05-02 02:54:58
1161,purchase,2024-05-02 02:56:09
1161,click,2024-05-02 02:59:10
1161,view,2024-05-02 02:59:26
1161,click,2024-05-02 03:01:43
1161,click,2024-05-03 12:23:24
1161,click,2024-05-03 12:24:59
1161,view,2024-05-03 12:26:35
1161,click,2024-05-03 12:27:39
1161,view,2024-05-03 12:29:18
1161,click,2024-05-03 12:30:29
1161,view,2024-05-03 12:31:06
1161,view,2024-05-03 12:31:28
1161,click,2024-05-04 03:26:26
1161,purchase,2024-05-04 03:29:00
1161,purchase,2024-05-04 03:30:17
1161,click,2024-05-04 03:32:13
1161,click,2024-05-04 03:32:40
1161,view,2024-05-04 21:47:03
1161,purchase,2024-05-04 21:47:11
1161,view,2024-05-04 21:48:07
1161,view,2024-05-04 21:48:57
1161,purchase,2024-05-04 21:52:13
1161,view,2024-05-04 21:53:07
1161,view,2024-05-04 21:53:25
1161,click,2024-05-05 08:53:21
1161,click,2024-05-05 08:54:24
1161,purchase,2024-05-05 08:57:11
1161,view,2024-05-05 08:57:18
1161,purchase,2024-05-06 19:25:26
1161,view,2024-05-06 19:26:01
1161,click,2024-05-06 19:26:21
1161,click,2024-05-06 19:26:25
1161,view,2024-05-06 19:27:39
1161,click,2024-05-06 19:30:25
1161,view,2024-05-07 21:24:30
1161,view,2024-05-07 21:28:23
1161,view,2024-05-07 21:28:53
1162,view,2024-05-01 10:34:53
1162,click,2024-05-01 10:37:08
1162,click,2024-05-01 10:38:57
1162,click,2024-05-02 15:24:28
1162,click,2024-05-02 15:26:33
1162,purchase,2024-05-02 15:28:05
1162,click,2024-05-02 15:28:42
1162,view,2024-05-02 15:29:01
1162,click,2024-05-02 15:29:23
1162,view,2024-05-02 15:31:24
1162,click,2024-05-02 15:32:12
1162,click,2024-05-02 20:05:35
1162,purchase,2024-05-02 20:06:31
1162,click,2024-05-02 20:08:37
1162,click,2024-05-02 20:08:40
1162,click,2024-05-02 20:10:29
1162,view,2024-05-02 20:10:37
1162,click,2024-05-02 21:49:56
1162,purchase,2024-05-02 21:50:49
1162,view,2024-05-02 21:53:01
1162,view,2024-05-02 21:53:22
1162,purchase,2024-05-02 21:54:07
1162,click,2024-05-02 21:57:27
1162,view,2024-05-02 21:57:28
1162,view,2024-05-05 15:49:00
1162,view,2024-05-05 15:49:18
1162,view,2024-05-05 15:49:53
1162,click,2024-05-05 15:51:58
1162,click,2024-05-05 15:53:39
1162,view,2024-05-06 03:30:30
1162,view,2024-05-06 03:32:38
1162,view,2024-05-06 03:35:17
1162,click,2024-05-06 03:39:08
1162,click,2024-05-06 11:53:58
1162,click,2024-05-06 11:54:49
1162,purchase,2024-05-06 11:55:34
1162,click,2024-05-06 11:55:51
1162,view,2024-05-06 11:56:02
1162,click,2024-05-06 11:57:47
1162,view,2024-05-06 23:12:07
1162,view,2024-05-06 23:16:37
1162,purchase,2024-05-06 23:17:16
1162,view,2024-05-06 23:17:58
1162,view,2024-05-06 23:18:02
1162,click,2024-05-06 23:19:22
1162,click,2024-05-06 23:19:49
1162,click,2024-05-07 05:58:45
1162,click,2024-05-07 06:03:07
1162,purchase,2024-05-07 06:03:56
1162,click,2024-05-07 06:04:36
1162,view,2024-05-07 06:06:24
1162,purchase,2024-05-07 06:07:19
1162,view,2024-05-07 16:59:10
1162,click,2024-05-07 16:59:26
1162,purchase,2024-05-07 17:01:01
1162,view,2024-05-07 17:02:46
1162,view,2024-05-07 17:04:02
1162,click,2024-05-07 17:04:54
1162,view,2024-05-07 17:05:49
1162,view,2024-05-07 17:07:32
1162,view,2024-05-07 17:08:41
1162,purchase,2024-05-07 18:38:59
1162,purchase,2024-05-07 18:43:20
1162,view,2024-05-07 18:47:44
1162,view,2024-05-07 18:52:20
1162,click,2024-05-07 18:52:38
1162,view,2024-05-07 18:53:05
1162,view,2024-05-07 18:53:39
1162,view,2024-05-07 18:56:22
1163,view,2024-05-02 06:11:40
1163,view,2024-05-02 06:12:08
1163,purchase,2024-05-02 06:12:36
1163,view,2024-05-02 06:14:32
1163,click,2024-05-02 06:15:16
1163,view,2024-05-02 06:17:38
1163,purchase,2024-05-02 06:19:59
1163,purchase,2024-05-02 06:34:06
1163,view,2024-05-02 06:36:23
1163,view,2024-05-02 06:39:27
1163,view,2024-05-02 10:29:37
1163,view,2024-05-02 10:31:18
1163,click,2024-05-02 10:31:44
1163,click,2024-05-02 10:33:39
1163,click,2024-05-02 10:35:47
1163,click,2024-05-02 10:36:32
1163,view,2024-05-03 10:06:07
1163,view,2024-05-03 10:08:38
1163,view,2024-05-03 10:09:19
1163,view,2024-05-03 10:10:05
1163,view,2024-05-03 10:10:41
1163,view,2024-05-03 10:11:28
1163,view,2024-05-03 12:34:47
1163,click,2024-05-03 12:35:19
1163,purchase,2024-05-03 12:39:14
1163,click,2024-05-03 12:42:59
1163,purchase,2024-05-04 11:47:12
1163,view,2024-05-04 11:50:21
1163,view,2024-05-04 11:54:18
1163,view,2024-05-04 11:54:38
1163,view,2024-05-04 16:57:50
1163,view,2024-05-04 16:59:58
1163,view,2024-05-04 17:00:40
1163,view,2024-05-04 17:02:35
1163,view,2024-05-04 17:02:55
1163,view,2024-05-04 17:02:58
1163,view,2024-05-04 17:06:16
1163,view,2024-05-04 17:06:24
1163,view,2024-05-05 17:06:11
1163,click,2024-05-05 17:06:28
1163,purchase,2024-05-05 17:07:02
1163,view,2024-05-05 17:15:48
1163,view,2024-05-05 17:15:48
1163,view,2024-05-06 03:13:49
1163,click,2024-05-06 03:14:17
1163,view,2024-05-06 03:14:47
1163,view,2024-05-06 03:15:25
1163,view,2024-05-06 03:17:40
1163,view,2024-05-06 03:17:42
1163,view,2024-05-06 03:17:46
1163,view,2024-05-06 03:20:25
1163,click,2024-05-06 03:20:52
1163,click,2024-05-06 04:37:22
1163,click,2024-05-06 04:39:01
1163,click,2024-05-06 04:40:46
1163,purchase,2024-05-06 04:42:27
1163,view,2024-05-06 04:46:16
1163,view,2024-05-06 04:46:38
1163,view,2024-05-06 04:46:45
1163,view,2024-05-06 11:24:02
1163,view,2024-05-06 11:24:17
1163,view,2024-05-06 11:28:34
1163,click,2024-05-06 11:30:07
1163,view,2024-05-06 11:31:32
1163,view,2024-05-06 11:31:41
1163,view,2024-05-06 17:24:53
1163,view,2024-05-06 17:25:14
1163,view,2024-05-06 17:26:37
1163,view,2024-05-06 17:28:28
1163,click,2024-05-06 17:29:33
1163,purchase,2024-05-06 17:30:57
1163,click,2024-05-06 17:32:09
1163,view,2024-05-07 15:24:56
1163,view,2024-05-07 15:25:25
1163,view,2024-05-07 15:26:29
1163,view,2024-05-07 15:29:37
1163,view,2024-05-07 15:31:48
1163,view,2024-05-07 15:32:31
1163,click,2024-05-07 22:14:11
1163,click,2024-05-07 22:20:11
1163,view,2024-05-07 22:20:45
1163,view,2024-05-07 22:20:51
1163,purchase,2024-05-07 22:21:12
1163,click,2024-05-07 22:21:58
1163,click,2024-05-07 22:22:36
1163,click,2024-05-07 22:27:10
1164,view,2024-05-01 15:44:57
1164,view,2024-05-01 15:47:01
1164,click,2024-05-01 15:47:18
1164,view,2024-05-01 15:48:23
1164,view,2024-05-01 15:49:27
1164,view,2024-05-01 15:51:05
1164,view,2024-05-02 18:13:44
1164,purchase,2024-05-02 18:16:12
1164,view,2024-05-02 18:17:02
1164,click,2024-05-02 18:18:57
1164,click,2024-05-02 18:20:18
1164,click,2024-05-02 18:20:36
1164,view,2024-05-02 18:20:49
1164,view,2024-05-02 18:21:29
1164,click,2024-05-04 01:23:31
1164,view,2024-05-04 01:23:55
1164,view,2024-05-04 01:26:34
1164,view,2024-05-04 01:26:59
1164,view,2024-05-04 20:50:33
1164,view,2024-05-04 20:51:54
1164,click,2024-05-04 20:52:32
1164,click,2024-05-04 20:52:51
1164,click,2024-05-04 20:52:55
1164,view,2024-05-04 20:54:46
1164,view,2024-05-04 20:55:18
1164,click,2024-05-04 20:55:24
1164,view,2024-05-04 20:55:51
1164,view,2024-05-05 14:30:10
1164,view,2024-05-05 14:31:43
1164,view,2024-05-05 14:35:24
1164,view,2024-05-05 14:35:42
1164,view,2024-05-05 14:36:10
1164,purchase,2024-05-05 14:36:49
1164,view,2024-05-05 14:37:49
1164,view,2024-05-05 22:48:55
1164,view,2024-05-05 22:52:52
1164,view,2024-05-05 22:54:20
1164,view,2024-05-06 04:24:03
1164,view,2024-05-06 04:28:12
1164,view,2024-05-06 04:28:36
1164,view,2024-05-06 04:29:25
1164,click,2024-05-06 16:05:17
1164,click,2024-05-06 16:07:13
1164,view,2024-05-06 16:08:38
1164,view,2024-05-06 16:11:57
1164,view,2024-05-06 16:13:26
1164,view,2024-05-07 04:47:00
1164,view,2024-05-07 04:49:18
1164,view,2024-05-07 04:50:26
1164,view,2024-05-07 04:50:43
1164,view,2024-05-07 04:51:38
1164,view,2024-05-07 04:51:44
1164,view,2024-05-07 04:54:42
1164,click,2024-05-07 18:06:43
1164,click,2024-05-07 18:06:45
1164,view,2024-05-07 18:09:06
1164,click,2024-05-07 18:10:12
1164,purchase,2024-05-07 18:10:48
1164,view,2024-05-07 18:12:05
1165,view,2024-05-01 16:28:26
1165,view,2024-05-01 16:29:03
1165,view,2024-05-01 16:31:56
1165,purchase,2024-05-02 08:38:22
1165,view,2024-05-02 08:39:00
1165,click,2024-05-02 08:39:36
1165,click,2024-05-02 08:40:43
1165,view,2024-05-02 08:41:55
1165,click,2024-05-02 08:42:26
1165,view,2024-05-02 08:42:43
1165,view,2024-05-02 08:44:41
1165,click,2024-05-02 08:45:33
1165,view,2024-05-05 11:47:37
1165,click,2024-05-05 11:48:46
1165,view,2024-05-05 11:49:53
1165,click,2024-05-05 11:53:39
1165,view,2024-05-05 11:53:46
1165,view,2024-05-05 11:54:32
1165,view,2024-05-05 11:56:07
1165,click,2024-05-05 11:56:30
1165,view,2024-05-05 11:56:47
1165,view,2024-05-05 14:13:39
1165,purchase,2024-05-05 14:18:02
1165,view,2024-05-05 14:18:25
1165,view,2024-05-05 14:20:59
1165,click,2024-05-06 00:55:20
1165,view,2024-05-06 00:55:37
1165,view,2024-05-06 00:58:43
1165,view,2024-05-06 01:01:05
1165,view,2024-05-07 01:29:28
1165,click,2024-05-07 01:30:27
1165,click,2024-05-07 01:33:25
1165,click,2024-05-07 01:33:48
1165,view,2024-05-07 01:35:11
1165,view,2024-05-07 01:36:38
1165,view,2024-05-07 01:37:47
1165,click,2024-05-07 11:48:01
1165,purchase,2024-05-07 11:48:36
1165,click,2024-05-07 11:50:13
1165,view,2024-05-07 11:52:51
1165,purchase,2024-05-07 11:53:13
1165,click,2024-05-07 11:53:31
1166,click,2024-05-01 15:52:03
1166,view,2024-05-01 15:52:33
1166,click,2024-05-01 15:53:06
1166,view,2024-05-01 15:55:45
1166,view,2024-05-01 15:58:19
1166,purchase,2024-05-01 19:17:51
1166,view,2024-05-01 19:18:33
1166,click,2024-05-01 19:18:59
1166,click,2024-05-01 19:24:40
1166,view,2024-05-02 19:20:07
1166,view,2024-05-02 19:24:52
1166,view,2024-05-02 19:28:00
1166,click,2024-05-03 17:15:45
1166,view,2024-05-03 17:17:50
1166,view,2024-05-03 17:21:17
1166,click,2024-05-04 10:44:21
1166,purchase,2024-05-04 10:50:19
1166,view,2024-05-04 10:51:27
1166,view,2024-05-04 10:53:05
1166,click,2024-05-04 18:39:32
1166,view,2024-05-04 18:41:49
1166,view,2024-05-04 18:46:58
1166,view,2024-05-05 09:48:41
1166,click,2024-05-05 09:49:06
1166,view,2024-05-05 09:50:22
1166,view,2024-05-07 03:57:50
1166,click,2024-05-07 03:57:52
1166,view,2024-05-07 04:04:29
1167,view,2024-05-01 08:06:10
1167,view,2024-05-01 08:07:14
1167,view,2024-05-01 08:09:05
1167,view,2024-05-01 08:09:45
1167,view,2024-05-01 08:10:56
1167,view,2024-05-01 08:11:05
1167,click,2024-05-02 02:37:16
1167,view,2024-05-02 02:40:26
1167,view,2024-05-02 02:41:01
1167,click,2024-05-02 02:42:17
1167,view,2024-05-02 02:44:30
1167,view,2024-05-02 02:44:39
1167,view,2024-05-02 02:45:57
1167,view,2024-05-03 11:14:49
1167,view,2024-05-03 11:15:41
1167,view,2024-05-03 11:18:54
1167,view,2024-05-03 11:21:34
1167,click,2024-05-03 11:22:47
1167,click,2024-05-04 08:12:34
1167,view,2024-05-04 08:13:10
1167,click,2024-05-04 08:13:21
1167,view,2024-05-04 08:15:09
1167,view,2024-05-04 08:16:33
1167,view,2024-05-04 08:20:34
1167,view,2024-05-04 08:20:59
1167,view,2024-05-04 08:21:22
1167,click,2024-05-05 08:36:15
1167,click,2024-05-05 08:39:02
1167,click,2024-05-05 08:40:47
1167,view,2024-05-05 08:44:37
1167,view,2024-05-06 13:32:13
1167,purchase,2024-05-06 13:34:15
1167,purchase,2024-05-06 13:37:31
1167,view,2024-05-06 13:39:40
1167,view,2024-05-07 18:09:41
1167,click,2024-05-07 18:11:40
1167,view,2024-05-07 18:13:23
1167,view,2024-05-07 18:13:42
1167,view,2024-05-07 18:15:05
1167,purchase,2024-05-07 18:15:15
1167,click,2024-05-07 18:15:16
1167,click,2024-05-07 18:16:08
1167,view,2024-05-07 18:17:36
1168,view,2024-05-03 09:44:13
1168,view,2024-05-03 09:45:32
1168,click,2024-05-03 09:46:13
1168,view,2024-05-03 09:47:50
1168,click,2024-05-03 09:48:04
1168,purchase,2024-05-04 07:13:31
1168,view,2024-05-04 07:13:45
1168,click,2024-05-04 07:16:17
1168,view,2024-05-04 07:16:39
1168,view,2024-05-04 07:17:51
1168,click,2024-05-04 07:20:51
1168,click,2024-05-04 15:01:21
1168,click,2024-05-04 15:01:44
1168,click,2024-05-04 15:03:11
1168,click,2024-05-04 15:04:12
1168,click,2024-05-04 15:07:19
1168,click,2024-05-04 15:09:22
1168,view,2024-05-04 15:09:40
1168,click,2024-05-06 00:44:30
1168,purchase,2024-05-06 00:45:23
1168,view,2024-05-06 00:47:52
1168,view,2024-05-06 04:44:03
1168,click,2024-05-06 04:48:08
1168,view,2024-05-06 04:49:38
1168,purchase,2024-05-06 04:49:53
1168,view,2024-05-06 04:50:00
1168,click,2024-05-06 04:51:26
1168,view,2024-05-07 20:26:49
1168,click,2024-05-07 20:27:58
1168,click,2024-05-07 20:29:38
1169,view,2024-05-03 04:46:18
1169,click,2024-05-03 04:49:19
1169,view,2024-05-03 04:51:14
1169,click,2024-05-03 08:04:16
1169,view,2024-05-03 08:04:22
1169,view,2024-05-03 08:04:52
1169,purchase,2024-05-03 08:04:58
1169,click,2024-05-03 08:07:52
1169,click,2024-05-03 08:08:36
1169,view,2024-05-03 08:08:45
1169,view,2024-05-03 08:09:00
1169,click,2024-05-03 11:43:18
1169,view,2024-05-03 11:43:28
1169,view,2024-05-03 11:48:03
1169,click,2024-05-03 11:50:14
1169,view,2024-05-03 11:52:21
1169,view,2024-05-03 16:19:18
1169,click,2024-05-03 16:22:19
1169,click,2024-05-03 16:22:47
1169,view,2024-05-03 16:22:51
1169,view,2024-05-03 16:24:31
1169,view,2024-05-03 16:24:43
1169,view,2024-05-03 16:25:22
1169,view,2024-05-03 16:27:38
1169,click,2024-05-03 16:28:34
1169,view,2024-05-04 00:10:35
1169,click,2024-05-04 00:11:35
1169,click,2024-05-04 00:13:06
1169,view,2024-05-04 00:15:47
1169,view,2024-05-04 00:18:01
1169,click,2024-05-04 00:18:19
1169,view,2024-05-04 00:18:25
1169,click,2024-05-04 15:24:04
1169,click,2024-05-04 15:25:22
1169,view,2024-05-04 15:25:32
1169,click,2024-05-04 15:27:14
1169,click,2024-05-04 15:27:35
1169,click,2024-05-04 15:27:38
1169,click,2024-05-04 15:27:50
1169,purchase,2024-05-04 15:28:27
1169,view,2024-05-04 15:32:53
1169,click,2024-05-04 16:07:59
1169,view,2024-05-04 16:11:21
1169,click,2024-05-04 16:12:37
1169,view,2024-05-04 16:13:07
1169,view,2024-05-04 16:14:13
1169,click,2024-05-05 06:23:37
1169,click,2024-05-05 06:24:58
1169,view,2024-05-05 06:25:14
1169,click,2024-05-05 06:26:42
1169,click,2024-05-05 06:30:14
1169,view,2024-05-05 06:30:40
1169,view,2024-05-05 06:31:18
1169,purchase,2024-05-05 06:31:20
1169,click,2024-05-05 06:32:41
1169,view,2024-05-05 21:10:06
1169,click,2024-05-05 21:12:55
1169,click,2024-05-05 21:16:17
1169,click,2024-05-05 21:16:27
1169,view,2024-05-06 16:27:08
1169,view,2024-05-06 16:27:08
1169,view,2024-05-06 16:27:47
1169,view,2024-05-07 17:47:16
1169,purchase,2024-05-07 17:48:04
1169,view,2024-05-07 17:48:40
1169,view,2024-05-07 17:52:14
1169,click,2024-05-07 17:52:52
1169,click,2024-05-07 17:53:38
1169,purchase,2024-05-07 17:55:03
1170,view,2024-05-01 14:07:20
1170,view,2024-05-01 14:08:16
1170,view,2024-05-01 14:12:42
1170,view,2024-05-01 14:13:34
1170,view,2024-05-01 14:13:58
1170,view,2024-05-01 23:36:24
1170,view,2024-05-01 23:39:20
1170,purchase,2024-05-01 23:40:24
1170,view,2024-05-01 23:40:32
1170,view,2024-05-01 23:40:45
1170,view,2024-05-01 23:42:06
1170,view,2024-05-03 14:10:33
1170,click,2024-05-03 14:11:48
1170,view,2024-05-03 14:13:31
1170,purchase,2024-05-03 14:13:37
1170,view,2024-05-03 14:16:15
1170,view,2024-05-03 14:19:31
1170,view,2024-05-04 08:18:20
1170,view,2024-05-04 08:18:46
1170,click,2024-05-04 08:19:26
1170,click,2024-05-04 08:23:59
1170,click,2024-05-04 10:31:44
1170,view,2024-05-04 10:36:42
1170,purchase,2024-05-04 10:37:05
1170,view,2024-05-04 10:37:55
1170,click,2024-05-06 05:41:17
1170,purchase,2024-05-06 05:43:35
1170,view,2024-05-06 05:47:06
1170,purchase,2024-05-06 05:48:30
1170,purchase,2024-05-06 05:49:12
1170,click,2024-05-06 05:50:49
1171,click,2024-05-01 14:40:02
1171,view,2024-05-01 14:40:37
1171,click,2024-05-01 14:40:59
1171,click,2024-05-01 14:41:03
1171,view,2024-05-01 14:43:05
1171,view,2024-05-02 08:34:32
1171,view,2024-05-02 08:36:52
1171,view,2024-05-02 08:39:03
1171,view,2024-05-02 13:32:27
1171,view,2024-05-02 13:33:19
1171,view,2024-05-02 13:34:55
1171,click,2024-05-02 13:35:58
1171,click,2024-05-02 13:37:12
1171,view,2024-05-02 13:40:18
1171,view,2024-05-02 13:41:01
1171,click,2024-05-02 19:40:38
1171,click,2024-05-02 19:41:18
1171,view,2024-05-02 19:41:53
1171,click,2024-05-02 19:42:44
1171,view,2024-05-02 19:45:22
1171,click,2024-05-02 19:46:24
1171,view,2024-05-02 20:33:57
1171,click,2024-05-02 20:40:28
1171,view,2024-05-02 20:41:38
1171,view,2024-05-03 08:57:00
1171,view,2024-05-03 08:58:29
1171,purchase,2024-05-03 08:58:54
1171,click,2024-05-03 08:59:20
1171,view,2024-05-03 09:00:40
1171,view,2024-05-03 09:00:45
1171,view,2024-05-03 09:01:47
1171,view,2024-05-03 18:10:43
1171,click,2024-05-03 18:11:29
1171,purchase,2024-05-03 18:14:04
1171,view,2024-05-03 18:14:35
1171,purchase,2024-05-04 00:13:11
1171,view,2024-05-04 00:13:51
1171,click,2024-05-04 00:16:37
1171,view,2024-05-04 00:16:42
1171,view,2024-05-04 00:17:12
1171,view,2024-05-04 00:17:40
1171,click,2024-05-04 00:18:46
1171,view,2024-05-04 00:20:01
1171,view,2024-05-04 00:20:34
1171,click,2024-05-04 02:51:59
1171,view,2024-05-04 02:52:14
1171,purchase,2024-05-04 02:56:20
1171,view,2024-05-04 02:57:07
1171,click,2024-05-04 02:59:46
1171,view,2024-05-04 08:34:27
1171,view,2024-05-04 08:34:59
1171,click,2024-05-04 08:37:12
1171,view,2024-05-04 08:37:40
1171,purchase,2024-05-04 08:38:24
1171,purchase,2024-05-04 08:41:29
1171,view,2024-05-04 08:43:17
1171,click,2024-05-06 16:36:52
1171,view,2024-05-06 16:37:18
1171,view,2024-05-06 16:37:18
1171,click,2024-05-06 16:38:56
1171,purchase,2024-05-06 16:40:47
1171,view,2024-05-06 16:43:21
1172,view,2024-05-01 16:24:03
1172,click,2024-05-01 16:24:14
1172,purchase,2024-05-01 16:24:34
1172,purchase,2024-05-01 16:28:41
1172,view,2024-05-01 16:29:23
1172,view,2024-05-01 18:32:30
1172,view,2024-05-01 18:34:40
1172,view,2024-05-01 18:35:14
1172,click,2024-05-01 18:35:14
1172,purchase,2024-05-01 18:36:19
1172,purchase,2024-05-01 18:37:32
1172,click,2024-05-01 18:39:02
1172,view,2024-05-01 18:41:06
1172,view,2024-05-01 18:41:22
1172,view,2024-05-01 21:35:03
1172,purchase,2024-05-01 21:35:10
1172,view,2024-05-01 21:38:16
1172,view,2024-05-01 21:40:37
1172,view,2024-05-03 06:57:51
1172,click,2024-05-03 06:58:18
1172,click,2024-05-03 06:58:36
1172,view,2024-05-03 07:00:00
1172,view,2024-05-03 07:00:11
1172,view,2024-05-03 07:01:52
1172,view,2024-05-03 07:02:13
1172,view,2024-05-03 07:03:12
1172,view,2024-05-03 15:51:38
1172,view,2024-05-03 15:52:17
1172,view,2024-05-03 15:53:22
1172,view,2024-05-03 15:54:10
1172,view,2024-05-03 15:55:20
1172,view,2024-05-03 15:55:28
1172,purchase,2024-05-03 15:57:37
1172,view,2024-05-03 16:00:20
1172,view,2024-05-03 16:00:40
1172,view,2024-05-03 19:13:26
1172,click,2024-05-03 19:14:09
1172,click,2024-05-03 19:15:09
1172,view,2024-05-03 19:18:09
1172,view,2024-05-03 19:19:47
1172,view,2024-05-03 19:20:49
1172,purchase,2024-05-04 11:03:14
1172,purchase,2024-05-04 11:05:42
1172,click,2024-05-04 11:07:43
1172,view,2024-05-04 11:12:22
1172,view,2024-05-04 22:40:24
1172,view,2024-05-04 22:40:57
1172,click,2024-05-04 22:41:06
1172,view,2024-05-04 22:41:35
1172,click,2024-05-04 22:42:05
1172,view,2024-05-04 22:42:20
1172,view,2024-05-04 22:42:52
1172,click,2024-05-04 22:47:43
1172,click,2024-05-04 22:48:58
1172,view,2024-05-05 15:12:37
1172,click,2024-05-05 15:14:15
1172,view,2024-05-05 15:15:30
1172,view,2024-05-05 15:19:22
1172,click,2024-05-05 15:19:30
1172,view,2024-05-05 18:20:13
1172,view,2024-05-05 18:20:43
1172,view,2024-05-05 18:22:44
1172,view,2024-05-05 18:23:33
1172,view,2024-05-05 18:24:30
1172,view,2024-05-05 18:26:36
1172,click,2024-05-05 18:27:52
1172,purchase,2024-05-05 23:16:50
1172,click,2024-05-05 23:17:52
1172,view,2024-05-05 23:21:24
1172,view,2024-05-05 23:21:28
1172,view,2024-05-05 23:21:30
1172,view,2024-05-05 23:21:34
1172,view,2024-05-05 23:22:32
1172,view,2024-05-05 23:22:36
1172,view,2024-05-05 23:23:12
1172,click,2024-05-06 02:23:21
1172,view,2024-05-06 02:23:47
1172,view,2024-05-06 02:24:17
1172,view,2024-05-06 02:24:42
1172,view,2024-05-06 02:26:14
1172,view,2024-05-06 02:28:10
1172,view,2024-05-06 10:45:17
1172,view,2024-05-06 10:47:31
1172,view,2024-05-06 10:49:09
1172,purchase,2024-05-06 10:49:18
1172,view,2024-05-06 10:50:49
1172,click,2024-05-06 10:51:35
1172,view,2024-05-06 10:51:52
1172,click,2024-05-06 10:52:08
1172,view,2024-05-06 10:52:57
1172,click,2024-05-07 05:57:21
1172,click,2024-05-07 05:57:43
1172,view,2024-05-07 05:57:58
1172,purchase,2024-05-07 06:00:04
1172,view,2024-05-07 06:00:18
1172,click,2024-05-07 06:01:35
1172,view,2024-05-07 06:02:31
1172,click,2024-05-07 09:41:36
1172,view,2024-05-07 09:42:09
1172,click,2024-05-07 09:42:48
1172,view,2024-05-07 09:43:19
1172,view,2024-05-07 09:44:49
1172,view,2024-05-07 09:47:07
1172,click,2024-05-07 09:48:26
1172,view,2024-05-07 16:00:49
1172,purchase,2024-05-07 16:06:25
1172,click,2024-05-07 16:06:34
1172,view,2024-05-07 16:06:34
1172,view,2024-05-07 16:06:57
1172,click,2024-05-07 16:21:15
1172,view,2024-05-07 16:22:17
1172,view,2024-05-07 16:27:16
1172,view,2024-05-07 16:28:13
1172,click,2024-05-07 16:28:19
1173,click,2024-05-01 18:38:19
1173,click,2024-05-01 18:39:06
1173,click,2024-05-01 18:40:36
1173,view,2024-05-01 18:41:23
1173,view,2024-05-01 18:41:51
1173,purchase,2024-05-01 18:42:25
1173,click,2024-05-01 18:42:56
1173,click,2024-05-01 18:45:05
1173,view,2024-05-02 09:43:19
1173,view,2024-05-02 09:44:29
1173,view,2024-05-02 09:44:55
1173,purchase,2024-05-02 09:45:48
1173,view,2024-05-02 09:46:59
1173,view,2024-05-02 09:47:14
1173,view,2024-05-02 09:47:55
1173,click,2024-05-02 09:49:24
1173,view,2024-05-02 09:50:01
1173,view,2024-05-04 20:33:07
1173,view,2024-05-04 20:34:41
1173,view,2024-05-04 20:35:33
1173,click,2024-05-04 20:35:50
1173,click,2024-05-04 20:36:15
1173,view,2024-05-04 20:36:22
1173,view,2024-05-04 20:36:37
1173,click,2024-05-04 20:37:22
1173,click,2024-05-04 20:37:42
1173,click,2024-05-05 01:20:11
1173,view,2024-05-05 01:20:11
1173,view,2024-05-05 01:20:34
1173,view,2024-05-05 01:23:42
1173,click,2024-05-05 01:24:14
1173,view,2024-05-05 01:25:27
1173,view,2024-05-05 01:27:52
1173,purchase,2024-05-05 01:28:29
1173,click,2024-05-06 05:54:00
1173,purchase,2024-05-06 05:56:54
1173,view,2024-05-06 05:57:16
1173,view,2024-05-06 05:57:29
1173,click,2024-05-06 05:58:34
1173,click,2024-05-06 05:58:36
1173,click,2024-05-06 05:58:38
1173,view,2024-05-06 06:00:23
1173,view,2024-05-07 13:02:49
1173,click,2024-05-07 13:05:10
1173,view,2024-05-07 13:05:40
1173,view,2024-05-07 13:06:05
1173,view,2024-05-07 13:06:55
1173,view,2024-05-07 13:09:49
1173,view,2024-05-07 13:36:27
1173,view,2024-05-07 13:37:41
1173,purchase,2024-05-07 13:38:29
1173,view,2024-05-07 13:38:51
1173,click,2024-05-07 13:41:00
1173,view,2024-05-07 13:42:58
1173,view,2024-05-07 13:44:56
1173,view,2024-05-07 17:15:14
1173,view,2024-05-07 17:15:44
1173,view,2024-05-07 17:17:27
1173,view,2024-05-07 17:18:24
1173,view,2024-05-07 17:18:33
1173,view,2024-05-07 17:24:48
1173,purchase,2024-05-07 17:24:55
1174,click,2024-05-01 09:24:16
1174,view,2024-05-01 09:24:21
1174,click,2024-05-01 09:26:39
1174,view,2024-05-01 09:26:51
1174,click,2024-05-01 09:26:54
1174,view,2024-05-01 09:28:24
1174,click,2024-05-01 09:29:06
1174,click,2024-05-01 09:31:25
1174,view,2024-05-01 09:33:00
1174,view,2024-05-03 16:57:22
1174,view,2024-05-03 17:02:29
1174,purchase,2024-05-03 17:03:43
1174,view,2024-05-04 00:44:43
1174,view,2024-05-04 00:45:52
1174,view,2024-05-04 00:46:33
1174,view,2024-05-04 00:48:18
1174,purchase,2024-05-04 05:45:22
1174,click,2024-05-04 05:47:35
1174,view,2024-05-04 05:49:06
1174,purchase,2024-05-04 05:49:24
1174,purchase,2024-05-04 05:52:05
1174,purchase,2024-05-04 05:53:55
1174,click,2024-05-04 05:54:07
1174,purchase,2024-05-04 05:54:32
1174,view,2024-05-04 08:19:42
1174,click,2024-05-04 08:21:11
1174,view,2024-05-04 08:21:57
1174,view,2024-05-04 08:22:33
1174,view,2024-05-04 08:25:22
1174,click,2024-05-04 08:26:33
1174,purchase,2024-05-04 08:27:08
1174,view,2024-05-05 08:07:58
1174,view,2024-05-05 08:09:05
1174,view,2024-05-05 08:11:07
1174,view,2024-05-05 08:11:15
1174,view,2024-05-05 08:12:32
1174,click,2024-05-05 08:13:14
1174,view,2024-05-05 10:03:30
1174,click,2024-05-05 10:03:52
1174,click,2024-05-05 10:07:53
1174,view,2024-05-05 10:08:15
1174,view,2024-05-05 14:58:20
1174,view,2024-05-05 14:58:52
1174,view,2024-05-05 15:00:10
1174,view,2024-05-05 15:02:44
1174,view,2024-05-05 15:03:52
1174,view,2024-05-05 15:05:25
1174,view,2024-05-05 15:05:44
1174,purchase,2024-05-06 20:20:11
1174,view,2024-05-06 20:21:58
1174,click,2024-05-06 20:22:50
1174,purchase,2024-05-06 20:24:00
1174,view,2024-05-06 20:24:19
1174,view,2024-05-06 20:25:46
1174,view,2024-05-06 20:26:18
1175,click,2024-05-01 00:08:45
1175,click,2024-05-01 00:09:29
1175,click,2024-05-01 00:10:35
1175,view,2024-05-01 00:11:48
1175,purchase,2024-05-01 00:13:48
1175,view,2024-05-01 00:14:15
1175,view,2024-05-01 00:15:55
1175,view,2024-05-01 00:17:32
1175,view,2024-05-01 02:33:17
1175,view,2024-05-01 02:36:45
1175,click,2024-05-01 02:38:29
1175,view,2024-05-01 02:40:51
1175,click,2024-05-01 02:41:08
1175,click,2024-05-01 02:42:00
1175,view,2024-05-01 16:04:14
1175,view,2024-05-01 16:07:20
1175,click,2024-05-01 16:07:36
1175,view,2024-05-01 16:09:55
1175,view,2024-05-01 16:10:48
1175,purchase,2024-05-01 16:11:36
1175,view,2024-05-01 16:11:54
1175,click,2024-05-01 16:12:10
1175,click,2024-05-01 16:12:15
1175,click,2024-05-01 23:42:22
1175,view,2024-05-01 23:48:00
1175,view,2024-05-01 23:49:11
1175,view,2024-05-02 05:57:16
1175,click,2024-05-02 05:58:16
1175,click,2024-05-02 06:00:30
1175,view,2024-05-02 06:01:33
1175,click,2024-05-02 06:02:13
1175,click,2024-05-02 06:03:33
1175,view,2024-05-02 08:03:30
1175,click,2024-05-02 08:04:37
1175,click,2024-05-02 08:07:06
1175,click,2024-05-02 08:08:02
1175,click,2024-05-02 08:09:57
1175,purchase,2024-05-02 08:10:47
1175,view,2024-05-02 08:10:55
1175,purchase,2024-05-02 08:12:33
1175,click,2024-05-02 08:12:58
1175,click,2024-05-02 08:44:30
1175,view,2024-05-02 08:45:18
1175,purchase,2024-05-02 08:47:10
1175,view,2024-05-02 08:49:18
1175,view,2024-05-02 08:50:22
1175,click,2024-05-02 08:50:33
1175,view,2024-05-02 08:50:42
1175,view,2024-05-02 08:51:18
1175,click,2024-05-02 08:52:41
1175,click,2024-05-04 01:58:33
1175,view,2024-05-04 01:59:02
1175,view,2024-05-04 01:59:58
1175,click,2024-05-04 02:00:27
1175,view,2024-05-04 02:03:47
1175,view,2024-05-04 02:05:01
1175,purchase,2024-05-07 05:57:46
1175,view,2024-05-07 05:58:08
1175,click,2024-05-07 06:00:01
1175,view,2024-05-07 06:00:50
1175,view,2024-05-07 06:02:36
1175,view,2024-05-07 06:03:17
1175,view,2024-05-07 06:03:58
1176,view,2024-05-02 04:44:19
1176,view,2024-05-02 04:46:01
1176,view,2024-05-02 04:46:37
1176,view,2024-05-02 04:49:07
1176,click,2024-05-02 04:50:42
1176,view,2024-05-02 04:51:55
1176,view,2024-05-03 14:26:18
1176,view,2024-05-03 14:26:30
1176,view,2024-05-03 14:26:32
1176,view,2024-05-03 14:28:03
1176,click,2024-05-03 14:31:35
1176,view,2024-05-03 17:46:35
1176,click,2024-05-03 17:47:44
1176,purchase,2024-05-03 17:48:45
1176,view,2024-05-03 17:49:51
1176,view,2024-05-03 17:50:32
1176,click,2024-05-03 17:50:48
1176,view,2024-05-03 17:52:41
1176,click,2024-05-03 17:52:56
1176,purchase,2024-05-03 18:55:36
1176,view,2024-05-03 18:59:50
1176,view,2024-05-03 19:02:01
1176,click,2024-05-03 19:02:17
1176,view,2024-05-04 06:27:33
1176,click,2024-05-04 06:28:08
1176,view,2024-05-04 06:30:56
1176,click,2024-05-04 19:22:11
1176,view,2024-05-04 19:28:35
1176,view,2024-05-04 19:28:56
1176,click,2024-05-04 19:29:34
1176,view,2024-05-05 00:26:56
1176,view,2024-05-05 00:28:22
1176,view,2024-05-05 00:29:45
1176,view,2024-05-05 00:30:41
1176,click,2024-05-05 00:31:06
1176,view,2024-05-05 00:31:10
1176,click,2024-05-05 00:31:10
1176,click,2024-05-05 00:31:26
1176,view,2024-05-05 00:32:01
1176,view,2024-05-06 04:32:52
1176,view,2024-05-06 04:33:42
1176,purchase,2024-05-06 04:37:08
1176,view,2024-05-06 04:38:19
1176,click,2024-05-06 04:39:09
1176,view,2024-05-06 04:39:37
1176,view,2024-05-06 04:41:37
1176,click,2024-05-06 19:19:12
1176,view,2024-05-06 19:19:28
1176,view,2024-05-06 19:20:58
1176,view,2024-05-06 19:23:56
1176,click,2024-05-06 19:26:22
1176,click,2024-05-06 19:27:48
1176,view,2024-05-07 08:48:23
1176,click,2024-05-07 08:48:43
1176,view,2024-05-07 08:49:04
1176,click,2024-05-07 08:56:23
1176,click,2024-05-07 08:57:16
1176,view,2024-05-07 08:57:33
1176,view,2024-05-07 14:00:19
1176,click,2024-05-07 14:03:57
1176,click,2024-05-07 14:04:15
1176,view,2024-05-07 14:06:46
1176,view,2024-05-07 14:07:06
1176,view,2024-05-07 14:07:21
1176,purchase,2024-05-07 14:07:32
1176,click,2024-05-07 14:09:37
1176,purchase,2024-05-07 14:09:49
1176,purchase,2024-05-07 18:56:25
1176,click,2024-05-07 18:57:31
1176,view,2024-05-07 18:58:28
1176,click,2024-05-07 19:00:05
1176,purchase,2024-05-07 19:02:30
1176,click,2024-05-07 19:02:30
1177,view,2024-05-01 13:52:26
1177,click,2024-05-01 13:53:32
1177,view,2024-05-01 13:55:40
1177,click,2024-05-01 13:59:14
1177,purchase,2024-05-01 14:00:21
1177,view,2024-05-02 14:27:42
1177,click,2024-05-02 14:28:09
1177,view,2024-05-02 14:31:41
1177,click,2024-05-02 14:34:42
1177,click,2024-05-02 14:36:42
1177,view,2024-05-02 21:26:45
1177,view,2024-05-02 21:27:47
1177,view,2024-05-02 21:28:07
1177,view,2024-05-02 21:28:16
1177,click,2024-05-02 21:29:10
1177,purchase,2024-05-02 21:29:54
1177,click,2024-05-02 21:30:26
1177,view,2024-05-02 21:30:38
1177,click,2024-05-02 21:30:45
1177,click,2024-05-03 14:18:19
1177,view,2024-05-03 14:20:29
1177,click,2024-05-03 14:20:54
1177,view,2024-05-03 14:22:22
1177,view,2024-05-03 23:26:17
1177,click,2024-05-03 23:26:36
1177,view,2024-05-03 23:32:38
1177,view,2024-05-03 23:35:21
1177,view,2024-05-04 08:32:00
1177,view,2024-05-04 08:35:37
1177,view,2024-05-04 08:37:31
1177,view,2024-05-04 08:38:55
1177,view,2024-05-04 11:46:50
1177,click,2024-05-04 11:47:48
1177,click,2024-05-04 11:49:14
1177,view,2024-05-04 11:50:11
1177,view,2024-05-04 11:50:17
1177,view,2024-05-04 11:51:22
1177,click,2024-05-04 11:52:35
1177,click,2024-05-04 11:53:34
1177,click,2024-05-04 20:48:14
1177,view,2024-05-04 20:50:20
1177,view,2024-05-04 20:52:42
1177,view,2024-05-04 20:53:36
1177,view,2024-05-04 23:09:27
1177,view,2024-05-04 23:09:27
1177,view,2024-05-04 23:09:29
1177,click,2024-05-04 23:10:53
1177,click,2024-05-04 23:11:29
1177,view,2024-05-04 23:11:50
1177,view,2024-05-04 23:12:28
1177,view,2024-05-04 23:12:40
1177,click,2024-05-04 23:13:43
1177,view,2024-05-04 23:14:37
1177,view,2024-05-04 23:15:51
1177,view,2024-05-04 23:16:06
1177,click,2024-05-04 23:16:29
1177,click,2024-05-04 23:16:46
1177,click,2024-05-04 23:17:55
1177,click,2024-05-05 07:35:05
1177,click,2024-05-05 07:38:47
1177,click,2024-05-05 07:41:32
1177,purchase,2024-05-06 03:29:22
1177,view,2024-05-06 03:29:24
1177,view,2024-05-06 03:31:09
1177,view,2024-05-06 03:32:56
1177,view,2024-05-06 03:36:43
1177,view,2024-05-06 03:36:56
1177,view,2024-05-06 03:37:32
1177,click,2024-05-06 19:21:22
1177,click,2024-05-06 19:22:51
1177,view,2024-05-06 19:24:16
1177,purchase,2024-05-06 19:24:52
1177,view,2024-05-06 19:25:28
1177,purchase,2024-05-06 19:29:39
1178,view,2024-05-02 04:01:02
1178,view,2024-05-02 04:02:06
1178,purchase,2024-05-02 04:02:34
1178,view,2024-05-03 07:57:23
1178,click,2024-05-03 08:01:59
1178,click,2024-05-03 08:02:01
1178,purchase,2024-05-03 08:02:18
1178,click,2024-05-03 08:05:25
1178,view,2024-05-03 08:06:23
1178,view,2024-05-03 08:06:49
1178,click,2024-05-03 10:23:27
1178,click,2024-05-03 10:31:41
1178,view,2024-05-03 10:31:47
1178,click,2024-05-03 10:31:47
1178,click,2024-05-03 10:31:52
1178,click,2024-05-03 10:31:55
1178,view,2024-05-03 11:20:29
1178,view,2024-05-03 11:21:01
1178,view,2024-05-03 11:22:52
1178,view,2024-05-03 11:23:09
1178,purchase,2024-05-03 11:24:31
1178,view,2024-05-03 11:27:40
1178,view,2024-05-03 11:27:41
1178,view,2024-05-03 12:06:01
1178,view,2024-05-03 12:07:02
1178,click,2024-05-03 12:08:16
1178,view,2024-05-03 12:08:47
1178,purchase,2024-05-03 12:11:00
1178,click,2024-05-03 12:11:29
1178,click,2024-05-03 12:12:58
1178,view,2024-05-03 15:06:20
1178,purchase,2024-05-03 15:07:09
1178,view,2024-05-03 15:07:16
1178,view,2024-05-03 15:07:50
1178,view,2024-05-03 15:09:25
1178,view,2024-05-03 15:11:11
1178,view,2024-05-03 15:12:56
1178,click,2024-05-03 15:13:38
1178,view,2024-05-04 00:00:15
1178,purchase,2024-05-04 00:01:42
1178,view,2024-05-04 00:04:03
1178,click,2024-05-04 00:04:03
1178,view,2024-05-04 00:04:26
1178,click,2024-05-04 00:05:19
1178,click,2024-05-04 00:09:35
1178,view,2024-05-04 00:09:36
1178,purchase,2024-05-06 14:03:00
1178,view,2024-05-06 14:06:06
1178,view,2024-05-06 14:07:56
1178,view,2024-05-06 14:08:08
1178,view,2024-05-06 14:10:22
1178,view,2024-05-06 14:11:23
1178,click,2024-05-07 13:42:19
1178,view,2024-05-07 13:43:18
1178,view,2024-05-07 13:45:58
1178,click,2024-05-07 13:47:26
1178,click,2024-05-07 13:49:19
1179,click,2024-05-02 08:49:58
1179,view,2024-05-02 08:55:00
1179,view,2024-05-02 08:56:22
1179,view,2024-05-02 16:05:16
1179,purchase,2024-05-02 16:08:23
1179,view,2024-05-02 16:09:01
1179,view,2024-05-03 21:54:36
1179,click,2024-05-03 21:55:41
1179,purchase,2024-05-03 21:56:08
1179,view,2024-05-03 21:56:45
1179,view,2024-05-03 21:58:22
1179,view,2024-05-03 21:59:09
1179,view,2024-05-03 21:59:11
1179,view,2024-05-03 21:59:51
1179,view,2024-05-03 22:01:25
1179,view,2024-05-04 14:24:16
1179,view,2024-05-04 14:25:47
1179,view,2024-05-04 14:28:53
1179,click,2024-05-05 09:27:20
1179,click,2024-05-05 09:28:16
1179,view,2024-05-05 09:28:42
1179,view,2024-05-05 09:31:56
1179,view,2024-05-05 09:35:15
1179,view,2024-05-05 20:54:37
1179,view,2024-05-05 20:55:28
1179,view,2024-05-05 20:55:40
1179,click,2024-05-05 20:55:50
1179,purchase,2024-05-05 20:57:41
1179,view,2024-05-05 21:00:01
1179,view,2024-05-05 21:00:59
1179,view,2024-05-05 21:01:17
1179,purchase,2024-05-06 20:20:17
1179,view,2024-05-06 20:21:32
1179,view,2024-05-06 20:24:42
1179,click,2024-05-06 20:26:45
1179,view,2024-05-06 20:27:46
1179,click,2024-05-06 20:29:39
1179,click,2024-05-06 21:53:52
1179,view,2024-05-06 21:55:00
1179,view,2024-05-06 21:56:10
1179,view,2024-05-06 21:56:12
1179,view,2024-05-06 21:56:49
1179,view,2024-05-06 21:57:47
1179,view,2024-05-06 21:57:52
1179,view,2024-05-06 21:58:32
1179,view,2024-05-06 21:59:21
1180,click,2024-05-01 10:07:24
1180,view,2024-05-01 10:08:54
1180,view,2024-05-01 10:09:44
1180,view,2024-05-01 10:10:43
1180,view,2024-05-01 10:10:57
1180,view,2024-05-01 10:15:33
1180,view,2024-05-01 10:16:11
1180,click,2024-05-01 10:16:28
1180,view,2024-05-01 10:16:47
1180,click,2024-05-03 11:26:59
1180,view,2024-05-03 11:28:10
1180,purchase,2024-05-03 11:30:38
1180,view,2024-05-03 23:04:45
1180,click,2024-05-03 23:07:33
1180,click,2024-05-03 23:07:45
1180,view,2024-05-03 23:08:02
1180,view,2024-05-03 23:08:52
1180,view,2024-05-04 15:18:29
1180,click,2024-05-04 15:18:54
1180,view,2024-05-04 15:18:55
1180,view,2024-05-04 15:19:13
1180,view,2024-05-04 15:19:31
1180,view,2024-05-04 15:21:35
1180,view,2024-05-04 15:21:48
1180,view,2024-05-04 15:22:38
1180,view,2024-05-04 15:24:35
1180,view,2024-05-05 06:13:33
1180,view,2024-05-05 06:13:52
1180,view,2024-05-05 06:15:11
1180,view,2024-05-05 06:16:29
1180,click,2024-05-05 06:16:53
1180,click,2024-05-05 06:18:04
1180,view,2024-05-05 06:19:56
1180,click,2024-05-05 07:38:33
1180,view,2024-05-05 07:41:37
1180,view,2024-05-05 07:43:36
1180,purchase,2024-05-06 12:13:36
1180,view,2024-05-06 12:14:39
1180,view,2024-05-06 12:15:20
1180,view,2024-05-06 12:17:00
1180,purchase,2024-05-06 12:20:12
1180,click,2024-05-06 12:20:14
1180,view,2024-05-06 21:36:02
1180,click,2024-05-06 21:38:10
1180,view,2024-05-06 21:40:37
1180,view,2024-05-06 21:41:36
1180,view,2024-05-06 21:42:37
1181,view,2024-05-02 04:40:45
1181,purchase,2024-05-02 04:42:09
1181,purchase,2024-05-02 04:42:18
1181,click,2024-05-02 04:42:34
1181,click,2024-05-02 04:44:11
1181,click,2024-05-02 04:44:50
1181,view,2024-05-02 04:47:26
1181,purchase,2024-05-02 08:05:22
1181,purchase,2024-05-02 08:05:49
1181,purchase,2024-05-02 08:11:47
1181,purchase,2024-05-02 23:45:13
1181,view,2024-05-02 23:53:05
1181,purchase,2024-05-02 23:53:53
1181,view,2024-05-03 19:57:33
1181,view,2024-05-03 20:02:40
1181,purchase,2024-05-03 20:05:47
1181,click,2024-05-04 03:39:44
1181,click,2024-05-04 03:41:55
1181,view,2024-05-04 03:44:30
1181,click,2024-05-04 03:45:24
1181,view,2024-05-04 03:45:44
1181,purchase,2024-05-04 03:45:58
1181,view,2024-05-04 03:46:25
1181,click,2024-05-07 15:44:31
1181,view,2024-05-07 15:48:25
1181,click,2024-05-07 15:50:00
1181,click,2024-05-07 15:51:19
1181,click,2024-05-07 15:52:39
1182,view,2024-05-01 11:45:11
1182,view,2024-05-01 11:46:43
1182,view,2024-05-01 11:47:18
1182,view,2024-05-01 11:48:24
1182,view,2024-05-01 11:49:54
1182,view,2024-05-01 11:51:16
1182,view,2024-05-01 14:02:44
1182,view,2024-05-01 14:02:51
1182,purchase,2024-05-01 14:05:12
1182,view,2024-05-01 14:06:22
1182,click,2024-05-01 14:06:32
1182,click,2024-05-01 14:07:02
1182,purchase,2024-05-01 14:07:52
1182,view,2024-05-01 14:10:48
1182,view,2024-05-01 14:10:55
1182,view,2024-05-01 17:51:03
1182,click,2024-05-01 17:56:18
1182,purchase,2024-05-01 17:58:08
1182,view,2024-05-02 18:31:19
1182,click,2024-05-02 18:32:39
1182,click,2024-05-02 18:33:40
1182,purchase,2024-05-02 18:35:21
1182,purchase,2024-05-02 18:40:29
1182,purchase,2024-05-04 03:39:44
1182,click,2024-05-04 03:41:14
1182,view,2024-05-04 03:41:26
1182,view,2024-05-04 03:42:08
1182,view,2024-05-04 03:45:51
1182,purchase,2024-05-04 03:45:57
1182,purchase,2024-05-04 07:44:53
1182,view,2024-05-04 07:48:55
1182,view,2024-05-04 07:49:06
1182,view,2024-05-04 07:51:01
1182,purchase,2024-05-04 16:27:41
1182,view,2024-05-04 16:33:35
1182,click,2024-05-04 16:34:44
1182,view,2024-05-04 17:31:01
1182,view,2024-05-04 17:33:05
1182,view,2024-05-04 17:35:35
1182,view,2024-05-04 21:15:50
1182,purchase,2024-05-04 21:17:20
1182,click,2024-05-04 21:18:57
1182,purchase,2024-05-05 21:39:27
1182,view,2024-05-05 21:46:18
1182,view,2024-05-05 21:47:04
1182,click,2024-05-06 06:30:04
1182,purchase,2024-05-06 06:31:21
1182,view,2024-05-06 06:32:10
1182,click,2024-05-06 06:35:04
1182,click,2024-05-06 06:36:53
1182,purchase,2024-05-06 07:23:32
1182,view,2024-05-06 07:24:03
1182,view,2024-05-06 07:24:22
1182,view,2024-05-06 07:26:34
1182,view,2024-05-06 07:27:53
1182,view,2024-05-06 07:29:12
1182,view,2024-05-06 07:30:11
1182,view,2024-05-06 07:31:28
1182,purchase,2024-05-06 07:32:04
1182,view,2024-05-06 19:39:18
1182,click,2024-05-06 19:39:41
1182,view,2024-05-06 19:40:18
1182,view,2024-05-06 19:41:49
1182,view,2024-05-06 19:42:19
1182,click,2024-05-06 19:43:29
1182,view,2024-05-06 19:43:48
1183,view,2024-05-01 02:09:37
1183,purchase,2024-05-01 02:10:38
1183,view,2024-05-01 02:10:45
1183,view,2024-05-01 02:11:18
1183,view,2024-05-01 02:12:04
1183,click,2024-05-01 02:12:07
1183,view,2024-05-01 02:12:26
1183,view,2024-05-01 02:13:09
1183,view,2024-05-01 02:14:02
1183,view,2024-05-01 04:32:22
1183,view,2024-05-01 04:33:39
1183,click,2024-05-01 04:35:40
1183,click,2024-05-01 04:36:57
1183,view,2024-05-01 04:37:19
1183,view,2024-05-01 04:39:02
1183,click,2024-05-01 04:39:10
1183,view,2024-05-01 04:40:26
1183,click,2024-05-02 01:36:22
1183,view,2024-05-02 01:37:12
1183,purchase,2024-05-02 01:37:33
1183,view,2024-05-02 01:37:40
1183,view,2024-05-02 01:38:45
1183,click,2024-05-02 01:41:08
1183,view,2024-05-02 01:41:33
1183,view,2024-05-02 01:43:19
1183,view,2024-05-02 01:43:34
1183,view,2024-05-02 01:44:20
1183,click,2024-05-02 01:46:12
1183,click,2024-05-02 01:46:33
1183,view,2024-05-03 02:45:15
1183,click,2024-05-03 02:51:01
1183,purchase,2024-05-03 02:51:43
1183,view,2024-05-04 17:08:15
1183,click,2024-05-04 17:10:50
1183,view,2024-05-04 17:10:58
1183,view,2024-05-04 17:13:45
1183,view,2024-05-04 17:14:18
1183,view,2024-05-04 17:14:58
1183,purchase,2024-05-04 17:15:56
1183,click,2024-05-04 17:16:06
1183,view,2024-05-04 23:59:48
1183,click,2024-05-04 23:59:51
1183,purchase,2024-05-05 00:00:30
1183,view,2024-05-05 00:01:14
1183,view,2024-05-05 00:02:13
1183,view,2024-05-05 00:03:38
1183,click,2024-05-05 00:04:07
1183,view,2024-05-05 00:05:17
1183,view,2024-05-05 07:26:36
1183,view,2024-05-05 07:28:10
1183,view,2024-05-05 07:28:15
1183,purchase,2024-05-05 07:31:43
1183,view,2024-05-06 15:57:19
1183,click,2024-05-06 15:58:32
1183,view,2024-05-06 15:58:58
1183,click,2024-05-06 16:00:42
1183,view,2024-05-06 16:01:23
1183,view,2024-05-06 16:02:01
1183,view,2024-05-06 16:03:15
1183,view,2024-05-07 12:31:24
1183,click,2024-05-07 12:35:39
1183,view,2024-05-07 12:36:31
1183,view,2024-05-07 12:39:48
1183,view,2024-05-07 12:39:52
1184,click,2024-05-01 21:38:17
1184,view,2024-05-01 21:39:11
1184,view,2024-05-01 21:39:13
1184,view,2024-05-01 21:39:33
1184,view,2024-05-01 21:43:35
1184,view,2024-05-01 21:43:56
1184,click,2024-05-01 21:44:04
1184,view,2024-05-01 21:46:00
1184,view,2024-05-04 20:25:02
1184,view,2024-05-04 20:25:17
1184,click,2024-05-04 20:25:39
1184,click,2024-05-04 20:27:48
1184,view,2024-05-04 20:31:08
1184,purchase,2024-05-06 08:29:16
1184,purchase,2024-05-06 08:32:54
1184,view,2024-05-06 08:35:04
1184,purchase,2024-05-06 08:36:50
1184,purchase,2024-05-06 08:36:51
1185,click,2024-05-01 01:25:39
1185,view,2024-05-01 01:26:37
1185,click,2024-05-01 01:31:22
1185,click,2024-05-01 01:32:57
1185,click,2024-05-01 01:39:18
1185,view,2024-05-01 01:42:09
1185,view,2024-05-01 01:42:15
1185,view,2024-05-01 01:42:31
1185,view,2024-05-01 01:46:18
1185,purchase,2024-05-01 01:46:30
1185,click,2024-05-01 01:46:44
1185,view,2024-05-01 01:47:44
1185,view,2024-05-01 01:48:07
1185,view,2024-05-02 10:51:44
1185,view,2024-05-02 10:51:47
1185,click,2024-05-02 10:54:03
1185,view,2024-05-02 10:57:52
1185,view,2024-05-02 10:58:32
1185,view,2024-05-02 10:59:43
1185,view,2024-05-02 10:59:54
1185,click,2024-05-02 11:00:09
1185,click,2024-05-02 11:00:17
1185,view,2024-05-04 10:11:36
1185,view,2024-05-04 10:15:04
1185,view,2024-05-04 10:15:27
1185,view,2024-05-04 10:15:49
1185,click,2024-05-04 10:16:41
1185,purchase,2024-05-04 10:17:22
1185,view,2024-05-04 10:18:39
1185,view,2024-05-04 10:19:41
1185,view,2024-05-04 20:11:47
1185,click,2024-05-04 20:15:18
1185,view,2024-05-04 20:16:06
1185,view,2024-05-06 12:47:38
1185,click,2024-05-06 12:49:47
1185,view,2024-05-06 12:52:19
1185,purchase,2024-05-07 15:31:25
1185,view,2024-05-07 15:34:56
1185,view,2024-05-07 15:36:31
1185,click,2024-05-07 15:38:25
1185,view,2024-05-07 15:39:24
1185,view,2024-05-07 15:39:45
1185,view,2024-05-07 15:40:27
1185,click,2024-05-07 15:40:54
1185,click,2024-05-07 17:48:50
1185,view,2024-05-07 17:50:05
1185,view,2024-05-07 17:50:12
1185,click,2024-05-07 17:51:49
1185,view,2024-05-07 17:52:11
1185,click,2024-05-07 17:53:05
1185,click,2024-05-07 17:54:47
1185,view,2024-05-07 17:55:17
1186,view,2024-05-01 00:54:27
1186,view,2024-05-01 00:56:55
1186,click,2024-05-01 01:00:31
1186,click,2024-05-01 01:03:00
1186,click,2024-05-03 17:03:05
1186,view,2024-05-03 17:04:09
1186,click,2024-05-03 17:06:08
1186,view,2024-05-03 17:06:30
1186,view,2024-05-04 06:32:44
1186,view,2024-05-04 06:32:59
1186,purchase,2024-05-04 06:33:38
1186,view,2024-05-04 06:35:44
1186,view,2024-05-04 06:37:32
1186,purchase,2024-05-04 06:39:32
1186,view,2024-05-04 14:11:05
1186,click,2024-05-04 14:11:50
1186,view,2024-05-04 14:13:06
1186,click,2024-05-04 14:15:23
1186,click,2024-05-04 14:16:02
1186,view,2024-05-04 14:16:39
1186,click,2024-05-05 22:17:44
1186,click,2024-05-05 22:18:03
1186,view,2024-05-05 22:19:51
1186,view,2024-05-05 22:23:53
1186,click,2024-05-05 22:24:48
1186,view,2024-05-05 22:25:58
1186,view,2024-05-05 22:26:18
1186,view,2024-05-05 22:59:26
1186,click,2024-05-05 23:00:58
1186,view,2024-05-05 23:03:06
1186,click,2024-05-05 23:04:22
1186,view,2024-05-05 23:04:56
1186,click,2024-05-05 23:06:59
1186,view,2024-05-05 23:08:29
1186,view,2024-05-07 06:37:35
1186,view,2024-05-07 06:38:12
1186,click,2024-05-07 06:38:31
1186,view,2024-05-07 06:38:32
1186,view,2024-05-07 06:40:16
1186,click,2024-05-07 06:41:15
1186,purchase,2024-05-07 06:41:20
1187,view,2024-05-02 02:34:54
1187,view,2024-05-02 02:35:17
1187,purchase,2024-05-02 02:37:35
1187,click,2024-05-02 02:37:40
1187,view,2024-05-02 02:37:40
1187,view,2024-05-02 02:39:20
1187,view,2024-05-02 02:39:57
1187,view,2024-05-02 13:35:31
1187,click,2024-05-02 13:35:49
1187,view,2024-05-02 13:36:30
1187,view,2024-05-02 13:37:00
1187,view,2024-05-02 13:38:44
1187,view,2024-05-02 13:41:25
1187,purchase,2024-05-02 13:42:13
1187,view,2024-05-02 13:42:37
1187,view,2024-05-02 13:44:01
1187,click,2024-05-03 00:31:42
1187,click,2024-05-03 00:31:44
1187,view,2024-05-03 00:36:10
1187,view,2024-05-03 00:40:24
1187,purchase,2024-05-03 00:40:47
1187,click,2024-05-03 02:02:10
1187,view,2024-05-03 02:04:50
1187,view,2024-05-03 02:09:07
1187,view,2024-05-03 02:09:58
1187,view,2024-05-03 11:57:46
1187,view,2024-05-03 11:58:22
1187,click,2024-05-03 12:03:26
1187,click,2024-05-03 12:04:01
1187,click,2024-05-03 12:06:43
1187,view,2024-05-03 16:20:44
1187,view,2024-05-03 16:22:56
1187,view,2024-05-03 16:23:22
1187,view,2024-05-03 19:56:10
1187,purchase,2024-05-03 19:56:42
1187,view,2024-05-03 19:59:43
1187,click,2024-05-03 19:59:54
1187,click,2024-05-03 23:33:02
1187,click,2024-05-03 23:33:16
1187,view,2024-05-03 23:35:13
1187,view,2024-05-03 23:35:57
1187,view,2024-05-03 23:38:04
1187,view,2024-05-03 23:40:14
1187,view,2024-05-03 23:40:22
1187,click,2024-05-03 23:40:40
1187,click,2024-05-04 03:02:09
1187,click,2024-05-04 03:04:23
1187,view,2024-05-04 03:06:24
1187,click,2024-05-04 03:07:55
1187,view,2024-05-04 03:09:02
1187,view,2024-05-04 03:09:35
1187,view,2024-05-04 19:34:44
1187,view,2024-05-04 19:36:26
1187,view,2024-05-04 19:37:54
1187,purchase,2024-05-04 19:41:21
1187,view,2024-05-05 02:13:38
1187,view,2024-05-05 02:14:28
1187,click,2024-05-05 02:15:20
1187,view,2024-05-05 02:15:57
1187,click,2024-05-05 02:16:08
1187,view,2024-05-05 02:18:33
1187,view,2024-05-05 02:18:39
1187,view,2024-05-05 02:19:30
1187,click,2024-05-05 02:19:43
1187,view,2024-05-05 04:55:23
1187,click,2024-05-05 04:57:47
1187,view,2024-05-05 05:01:51
1187,click,2024-05-05 05:01:58
1187,view,2024-05-05 05:02:11
1187,click,2024-05-05 08:18:06
1187,view,2024-05-05 08:18:46
1187,click,2024-05-05 08:20:39
1187,click,2024-05-05 08:20:50
1187,view,2024-05-05 08:21:14
1187,view,2024-05-05 08:22:10
1187,view,2024-05-05 08:22:35
1187,click,2024-05-05 08:23:20
1187,view,2024-05-05 08:26:47
1187,view,2024-05-05 20:37:30
1187,view,2024-05-05 20:40:23
1187,click,2024-05-05 20:40:54
1187,view,2024-05-05 20:41:05
1187,view,2024-05-05 20:41:55
1187,view,2024-05-05 22:54:07
1187,click,2024-05-05 22:56:29
1187,view,2024-05-05 22:56:39
1187,purchase,2024-05-05 22:57:41
1187,view,2024-05-05 23:01:09
1187,click,2024-05-05 23:02:26
1187,view,2024-05-07 17:04:16
1187,click,2024-05-07 17:04:24
1187,view,2024-05-07 17:06:48
1187,view,2024-05-07 17:07:55
1187,click,2024-05-07 22:11:12
1187,view,2024-05-07 22:13:04
1187,view,2024-05-07 22:13:11
1187,purchase,2024-05-07 22:14:58
1188,view,2024-05-01 11:43:20
1188,click,2024-05-01 11:45:47
1188,view,2024-05-01 11:50:52
1188,click,2024-05-02 07:26:56
1188,view,2024-05-02 07:27:39
1188,purchase,2024-05-02 07:27:42
1188,click,2024-05-02 07:28:15
1188,click,2024-05-04 07:35:26
1188,click,2024-05-04 07:37:37
1188,click,2024-05-04 07:37:38
1188,view,2024-05-04 07:40:11
1188,view,2024-05-04 07:40:15
1188,click,2024-05-04 07:41:56
1188,view,2024-05-04 07:42:56
1188,click,2024-05-04 07:43:45
1188,purchase,2024-05-04 11:59:12
1188,purchase,2024-05-04 11:59:40
1188,click,2024-05-04 12:01:04
1188,click,2024-05-04 12:03:21
1188,view,2024-05-04 12:03:42
1188,click,2024-05-04 12:07:51
1188,view,2024-05-06 00:51:30
1188,view,2024-05-06 00:55:18
1188,click,2024-05-06 00:56:19
1188,click,2024-05-06 00:57:27
1188,view,2024-05-06 00:58:18
1188,click,2024-05-06 00:59:00
1188,view,2024-05-06 00:59:05
1188,view,2024-05-06 07:00:02
1188,click,2024-05-06 07:00:35
1188,view,2024-05-06 07:02:05
1188,click,2024-05-06 07:02:54
1188,click,2024-05-06 07:05:50
1188,view,2024-05-06 13:18:37
1188,view,2024-05-06 13:19:34
1188,view,2024-05-06 13:19:47
1188,click,2024-05-06 13:20:34
1188,view,2024-05-06 13:21:10
1188,view,2024-05-06 13:22:18
1189,view,2024-05-02 01:19:48
1189,view,2024-05-02 01:20:27
1189,view,2024-05-02 01:28:08
1189,view,2024-05-02 13:56:18
1189,view,2024-05-02 13:56:28
1189,view,2024-05-02 13:57:46
1189,click,2024-05-02 13:58:28
1189,view,2024-05-02 13:59:54
1189,view,2024-05-02 14:01:32
1189,view,2024-05-02 14:04:30
1189,view,2024-05-02 14:05:03
1189,view,2024-05-03 02:54:15
1189,click,2024-05-03 02:54:44
1189,view,2024-05-03 03:02:50
1189,view,2024-05-03 19:51:11
1189,view,2024-05-03 19:51:29
1189,click,2024-05-03 19:52:23
1189,purchase,2024-05-03 19:54:02
1189,view,2024-05-03 19:54:35
1189,view,2024-05-03 19:55:10
1189,view,2024-05-03 19:55:43
1189,click,2024-05-04 10:31:18
1189,view,2024-05-04 10:33:55
1189,view,2024-05-04 10:35:05
1189,click,2024-05-04 11:21:10
1189,view,2024-05-04 11:21:52
1189,click,2024-05-04 11:22:18
1189,purchase,2024-05-04 11:27:31
1189,view,2024-05-04 11:28:51
1189,click,2024-05-04 12:13:52
1189,click,2024-05-04 12:14:00
1189,view,2024-05-04 12:15:03
1189,view,2024-05-04 19:50:51
1189,view,2024-05-04 19:52:16
1189,click,2024-05-04 19:54:07
1189,click,2024-05-04 19:55:19
1189,purchase,2024-05-04 19:55:40
1189,view,2024-05-04 19:57:19
1189,click,2024-05-04 22:31:17
1189,view,2024-05-04 22:32:17
1189,view,2024-05-04 22:32:36
1189,view,2024-05-04 22:33:58
1189,purchase,2024-05-04 22:34:53
1189,view,2024-05-04 22:35:25
1189,purchase,2024-05-04 22:38:26
1189,view,2024-05-04 22:38:55
1189,view,2024-05-04 22:39:22
1189,purchase,2024-05-05 07:57:39
1189,view,2024-05-05 07:58:43
1189,view,2024-05-05 07:58:46
1189,view,2024-05-05 08:02:31
1189,view,2024-05-05 08:02:54
1189,view,2024-05-05 09:34:10
1189,view,2024-05-05 09:34:42
1189,click,2024-05-05 09:35:48
1189,view,2024-05-05 09:38:19
1189,view,2024-05-05 09:39:17
1189,click,2024-05-05 09:41:34
1189,view,2024-05-06 13:05:21
1189,click,2024-05-06 13:05:43
1189,view,2024-05-06 13:06:31
1189,view,2024-05-06 13:06:37
1189,click,2024-05-06 18:06:17
1189,view,2024-05-06 18:07:02
1189,click,2024-05-06 18:07:22
1189,purchase,2024-05-06 18:09:21
1189,click,2024-05-06 18:10:32
1189,view,2024-05-06 18:12:41
1189,view,2024-05-06 18:14:50
1190,view,2024-05-01 17:30:19
1190,view,2024-05-01 17:30:32
1190,purchase,2024-05-01 17:31:43
1190,view,2024-05-01 17:32:29
1190,view,2024-05-01 17:33:27
1190,view,2024-05-01 17:34:07
1190,purchase,2024-05-01 17:34:56
1190,click,2024-05-01 17:37:46
1190,view,2024-05-01 17:37:50
1190,view,2024-05-02 18:02:23
1190,view,2024-05-02 18:05:22
1190,view,2024-05-02 18:06:05
1190,click,2024-05-02 18:06:44
1190,view,2024-05-02 18:09:49
1190,view,2024-05-02 18:09:51
1190,view,2024-05-02 18:09:54
1190,click,2024-05-02 18:10:20
1190,click,2024-05-02 18:10:45
1190,purchase,2024-05-03 00:24:28
1190,click,2024-05-03 00:25:24
1190,view,2024-05-03 00:25:30
1190,view,2024-05-03 00:26:26
1190,view,2024-05-03 00:27:39
1190,view,2024-05-03 00:28:33
1190,click,2024-05-03 00:29:53
1190,view,2024-05-03 00:30:28
1190,view,2024-05-03 00:30:55
1190,view,2024-05-04 03:26:59
1190,view,2024-05-04 03:27:07
1190,click,2024-05-04 03:28:34
1190,click,2024-05-04 03:28:53
1190,view,2024-05-04 03:30:32
1190,view,2024-05-04 03:31:05
1190,click,2024-05-04 03:32:53
1190,click,2024-05-04 03:33:11
1190,view,2024-05-04 12:56:50
1190,view,2024-05-04 12:56:50
1190,purchase,2024-05-04 12:58:07
1190,click,2024-05-04 12:58:08
1190,view,2024-05-04 12:58:21
1190,view,2024-05-04 12:59:14
1190,view,2024-05-04 12:59:22
1190,click,2024-05-04 13:03:13
1190,click,2024-05-04 14:36:57
1190,click,2024-05-04 14:38:17
1190,view,2024-05-04 14:40:45
1190,view,2024-05-04 14:43:52
1190,view,2024-05-04 18:30:07
1190,view,2024-05-04 18:30:54
1190,view,2024-05-04 18:31:30
1190,view,2024-05-04 18:31:59
1190,view,2024-05-04 18:32:06
1190,view,2024-05-04 18:33:29
1190,click,2024-05-04 18:34:05
1190,click,2024-05-04 18:34:36
1190,purchase,2024-05-04 18:36:47
1190,click,2024-05-04 20:23:03
1190,click,2024-05-04 20:26:17
1190,click,2024-05-04 20:27:09
1190,view,2024-05-04 20:28:12
1190,purchase,2024-05-04 20:28:46
1190,view,2024-05-04 20:29:54
1190,view,2024-05-05 07:21:57
1190,view,2024-05-05 07:23:18
1190,purchase,2024-05-05 07:25:22
1190,view,2024-05-05 07:26:53
1190,view,2024-05-05 07:27:34
1190,click,2024-05-05 07:29:00
1190,view,2024-05-05 07:29:03
1190,click,2024-05-05 07:29:22
1190,click,2024-05-05 07:29:29
1190,view,2024-05-05 17:29:43
1190,view,2024-05-05 17:29:53
1190,view,2024-05-05 17:30:25
1190,click,2024-05-05 17:34:28
1190,view,2024-05-05 17:35:11
1190,view,2024-05-05 17:35:27
1190,view,2024-05-05 17:35:53
1190,view,2024-05-05 17:37:13
1190,view,2024-05-06 03:52:12
1190,view,2024-05-06 03:52:17
1190,view,2024-05-06 03:52:25
1190,click,2024-05-06 03:53:20
1190,view,2024-05-06 03:57:06
1190,click,2024-05-06 03:59:03
1190,view,2024-05-06 03:59:18
1190,click,2024-05-06 03:59:22
1190,view,2024-05-06 03:59:44
1191,click,2024-05-01 16:49:14
1191,view,2024-05-01 16:49:15
1191,view,2024-05-01 16:50:16
1191,view,2024-05-01 16:52:29
1191,view,2024-05-01 16:53:32
1191,view,2024-05-01 16:57:17
1191,view,2024-05-01 16:58:41
1191,view,2024-05-01 22:12:48
1191,click,2024-05-01 22:17:56
1191,view,2024-05-01 22:18:43
1191,view,2024-05-01 22:18:46
1191,view,2024-05-01 22:21:26
1191,view,2024-05-01 23:51:10
1191,view,2024-05-01 23:51:49
1191,view,2024-05-01 23:53:59
1191,click,2024-05-01 23:55:01
1191,click,2024-05-01 23:55:41
1191,view,2024-05-02 00:00:01
1191,view,2024-05-02 04:18:23
1191,view,2024-05-02 04:23:11
1191,view,2024-05-02 04:23:15
1191,click,2024-05-02 04:27:43
1191,click,2024-05-02 19:57:51
1191,view,2024-05-02 19:59:06
1191,view,2024-05-02 20:00:45
1191,view,2024-05-02 20:03:02
1191,view,2024-05-03 04:51:54
1191,click,2024-05-03 04:52:30
1191,view,2024-05-03 04:53:20
1191,click,2024-05-03 04:56:34
1191,view,2024-05-03 04:57:00
1191,view,2024-05-03 04:57:19
1191,click,2024-05-03 04:58:24
1191,purchase,2024-05-03 04:58:50
1191,view,2024-05-04 02:33:51
1191,view,2024-05-04 02:34:09
1191,view,2024-05-04 02:39:27
1191,click,2024-05-04 02:40:00
1191,view,2024-05-04 02:41:26
1191,click,2024-05-04 02:42:02
1191,view,2024-05-04 02:47:35
1191,view,2024-05-04 02:49:12
1191,view,2024-05-04 02:49:34
1191,click,2024-05-04 02:50:34
1191,view,2024-05-04 02:50:50
1191,purchase,2024-05-04 02:50:51
1191,view,2024-05-04 02:51:40
1191,view,2024-05-04 02:52:40
1191,click,2024-05-04 16:32:26
1191,view,2024-05-04 16:32:26
1191,click,2024-05-04 16:32:39
1191,click,2024-05-04 16:33:14
1191,click,2024-05-04 16:34:39
1191,click,2024-05-04 16:39:20
1191,view,2024-05-04 16:39:44
1191,click,2024-05-05 10:51:31
1191,view,2024-05-05 10:51:44
1191,view,2024-05-05 10:54:07
1191,view,2024-05-05 10:54:46
1191,click,2024-05-05 10:54:47
1191,view,2024-05-05 10:54:55
1191,view,2024-05-05 10:55:37
1191,view,2024-05-05 20:06:01
1191,view,2024-05-05 20:09:01
1191,purchase,2024-05-05 20:09:34
1191,click,2024-05-05 20:10:16
1191,view,2024-05-05 20:11:35
1191,view,2024-05-05 20:12:42
1191,view,2024-05-06 20:17:19
1191,click,2024-05-06 20:18:36
1191,view,2024-05-06 20:23:09
1191,click,2024-05-06 20:24:00
1191,view,2024-05-06 20:24:11
1191,view,2024-05-06 20:25:13
1191,view,2024-05-06 20:25:14
1191,view,2024-05-07 02:38:38
1191,click,2024-05-07 02:40:42
1191,view,2024-05-07 02:44:55
1191,view,2024-05-07 02:44:58
1191,click,2024-05-07 02:46:56
1191,view,2024-05-07 02:47:08
1191,view,2024-05-07 02:47:30
1191,view,2024-05-07 04:51:26
1191,view,2024-05-07 04:52:00
1191,click,2024-05-07 04:53:34
1191,view,2024-05-07 04:53:37
1191,purchase,2024-05-07 04:54:00
1191,purchase,2024-05-07 04:55:16
1191,view,2024-05-07 04:59:16
1191,click,2024-05-07 06:59:01
1191,view,2024-05-07 06:59:28
1191,purchase,2024-05-07 07:02:59
1191,click,2024-05-07 07:03:56
1191,click,2024-05-07 07:05:04
1191,purchase,2024-05-07 07:06:00
1191,view,2024-05-07 07:06:45
1191,view,2024-05-07 08:45:15
1191,purchase,2024-05-07 08:48:03
1191,click,2024-05-07 08:51:40
1191,view,2024-05-07 13:52:34
1191,click,2024-05-07 13:55:05
1191,view,2024-05-07 13:56:13
1191,click,2024-05-07 13:58:22
1191,view,2024-05-07 13:58:35
1191,click,2024-05-07 14:00:39
1191,click,2024-05-07 14:00:53
1191,view,2024-05-07 14:00:54
1191,purchase,2024-05-07 14:01:03
1192,view,2024-05-01 03:00:16
1192,view,2024-05-01 03:02:38
1192,view,2024-05-01 03:02:45
1192,view,2024-05-01 03:02:47
1192,click,2024-05-01 03:03:09
1192,view,2024-05-01 03:03:37
1192,view,2024-05-01 03:05:19
1192,view,2024-05-01 03:05:38
1192,click,2024-05-04 20:02:00
1192,click,2024-05-04 20:02:01
1192,click,2024-05-04 20:04:53
1192,click,2024-05-04 20:07:26
1192,purchase,2024-05-04 20:08:40
1192,click,2024-05-04 22:09:54
1192,view,2024-05-04 22:10:37
1192,view,2024-05-04 22:10:38
1192,view,2024-05-04 22:15:03
1192,view,2024-05-06 11:04:38
1192,view,2024-05-06 11:06:20
1192,view,2024-05-06 11:13:19
1192,view,2024-05-06 11:13:45
1192,click,2024-05-06 13:46:27
1192,click,2024-05-06 13:47:01
1192,click,2024-05-06 13:48:12
1192,view,2024-05-06 13:48:16
1192,click,2024-05-06 13:48:31
1192,view,2024-05-06 13:48:42
1192,view,2024-05-06 13:51:58
1192,view,2024-05-06 13:52:52
1192,purchase,2024-05-06 13:53:50
1193,view,2024-05-01 00:05:16
1193,view,2024-05-01 00:07:04
1193,view,2024-05-01 00:08:33
1193,view,2024-05-01 00:09:11
1193,view,2024-05-01 00:09:21
1193,view,2024-05-01 00:10:21
1193,view,2024-05-01 00:10:31
1193,view,2024-05-01 00:10:41
1193,view,2024-05-01 00:12:26
1193,view,2024-05-01 20:24:53
1193,view,2024-05-01 20:27:43
1193,purchase,2024-05-01 20:28:33
1193,click,2024-05-01 20:29:15
1193,view,2024-05-01 20:32:03
1193,purchase,2024-05-01 21:07:29
1193,view,2024-05-01 21:14:14
1193,view,2024-05-01 21:14:50
1193,click,2024-05-01 21:15:33
1193,view,2024-05-02 13:28:51
1193,view,2024-05-02 13:29:47
1193,click,2024-05-02 13:29:52
1193,click,2024-05-02 13:30:16
1193,view,2024-05-02 13:34:17
1193,click,2024-05-04 08:55:44
1193,view,2024-05-04 08:56:20
1193,view,2024-05-04 08:56:37
1193,view,2024-05-04 09:01:09
1193,view,2024-05-04 15:18:59
1193,purchase,2024-05-04 15:19:43
1193,view,2024-05-04 15:20:01
1193,view,2024-05-04 15:20:47
1193,click,2024-05-04 15:21:58
1193,click,2024-05-04 15:23:00
1193,view,2024-05-04 15:25:02
1193,view,2024-05-04 15:26:46
1193,view,2024-05-04 15:27:54
1193,view,2024-05-04 17:12:30
1193,click,2024-05-04 17:15:14
1193,view,2024-05-04 17:15:17
1193,view,2024-05-04 17:16:50
1193,view,2024-05-04 17:17:44
1193,view,2024-05-04 17:18:21
1193,click,2024-05-04 17:18:27
1193,view,2024-05-04 17:19:03
1193,click,2024-05-04 17:20:07
1193,view,2024-05-07 15:12:38
1193,view,2024-05-07 15:17:59
1193,view,2024-05-07 15:18:04
1193,click,2024-05-07 15:20:16
1194,view,2024-05-01 05:06:03
1194,click,2024-05-01 05:09:42
1194,view,2024-05-01 05:11:09
1194,click,2024-05-01 11:32:56
1194,view,2024-05-01 11:35:01
1194,view,2024-05-01 11:38:06
1194,click,2024-05-01 11:38:39
1194,click,2024-05-01 20:34:55
1194,click,2024-05-01 20:35:57
1194,click,2024-05-01 20:37:04
1194,click,2024-05-01 20:37:47
1194,purchase,2024-05-01 20:37:54
1194,click,2024-05-01 20:39:01
1194,view,2024-05-01 20:41:41
1194,view,2024-05-01 20:42:41
1194,view,2024-05-01 20:43:18
1194,click,2024-05-01 20:44:08
1194,view,2024-05-02 05:26:28
1194,view,2024-05-02 05:28:20
1194,view,2024-05-02 05:28:45
1194,view,2024-05-02 23:14:14
1194,click,2024-05-02 23:16:35
1194,view,2024-05-02 23:16:56
1194,view,2024-05-04 04:15:10
1194,view,2024-05-04 04:16:03
1194,view,2024-05-04 04:16:44
1194,view,2024-05-04 04:16:56
1194,view,2024-05-04 04:20:08
1194,view,2024-05-04 04:22:32
1194,view,2024-05-04 04:24:18
1194,click,2024-05-04 04:24:57
1194,purchase,2024-05-05 22:53:35
1194,click,2024-05-05 22:54:58
1194,view,2024-05-05 22:56:52
1194,view,2024-05-05 23:00:10
1194,view,2024-05-05 23:00:14
1194,view,2024-05-05 23:01:21
1194,click,2024-05-05 23:01:57
1194,purchase,2024-05-05 23:02:03
1195,view,2024-05-01 05:02:46
1195,purchase,2024-05-01 05:04:00
1195,click,2024-05-01 05:04:43
1195,view,2024-05-01 05:07:38
1195,view,2024-05-01 05:09:25
1195,view,2024-05-01 05:09:38
1195,view,2024-05-02 03:29:15
1195,view,2024-05-02 03:31:10
1195,view,2024-05-02 03:34:51
1195,click,2024-05-02 05:12:27
1195,purchase,2024-05-02 05:18:25
1195,view,2024-05-02 05:18:56
1195,click,2024-05-02 12:49:26
1195,click,2024-05-02 12:50:16
1195,click,2024-05-02 12:50:40
1195,purchase,2024-05-02 12:51:11
1195,view,2024-05-02 12:51:33
1195,purchase,2024-05-02 12:52:26
1195,click,2024-05-02 12:53:59
1195,click,2024-05-02 12:55:54
1195,click,2024-05-02 12:57:52
1195,view,2024-05-02 13:03:45
1195,click,2024-05-02 13:04:20
1195,view,2024-05-02 13:05:19
1195,click,2024-05-02 13:06:32
1195,view,2024-05-02 13:07:58
1195,view,2024-05-02 13:08:21
1195,view,2024-05-02 13:09:36
1195,view,2024-05-02 13:10:15
1195,view,2024-05-03 05:05:36
1195,view,2024-05-03 05:05:54
1195,purchase,2024-05-03 05:09:36
1195,view,2024-05-03 05:10:32
1195,purchase,2024-05-03 05:10:34
1195,click,2024-05-03 19:40:32
1195,purchase,2024-05-03 19:41:23
1195,purchase,2024-05-03 19:43:49
1195,view,2024-05-04 03:57:45
1195,view,2024-05-04 03:59:15
1195,click,2024-05-04 04:01:19
1195,click,2024-05-04 04:03:32
1195,purchase,2024-05-04 04:04:52
1195,view,2024-05-04 18:39:11
1195,click,2024-05-04 18:39:34
1195,purchase,2024-05-04 18:43:25
1195,view,2024-05-05 03:08:40
1195,view,2024-05-05 03:10:22
1195,click,2024-05-05 03:17:19
1195,view,2024-05-06 03:30:16
1195,view,2024-05-06 03:34:29
1195,view,2024-05-06 03:34:38
1195,view,2024-05-06 09:40:38
1195,click,2024-05-06 09:41:18
1195,purchase,2024-05-06 09:43:24
1195,click,2024-05-06 09:43:42
1195,view,2024-05-06 09:45:17
1195,click,2024-05-07 14:34:12
1195,view,2024-05-07 14:39:55
1195,view,2024-05-07 14:43:29
1196,click,2024-05-03 17:55:29
1196,view,2024-05-03 17:56:53
1196,view,2024-05-03 17:58:40
1196,view,2024-05-03 17:58:56
1196,view,2024-05-03 17:59:48
1196,purchase,2024-05-05 21:18:27
1196,view,2024-05-05 21:19:30
1196,view,2024-05-05 21:19:33
1196,view,2024-05-05 21:21:02
1196,click,2024-05-05 21:24:56
1196,view,2024-05-05 21:26:56
1196,view,2024-05-06 10:04:38
1196,view,2024-05-06 10:04:39
1196,view,2024-05-06 10:04:54
1196,view,2024-05-06 10:05:12
1196,view,2024-05-06 10:06:07
1196,click,2024-05-06 10:06:25
1196,view,2024-05-06 10:06:43
1196,view,2024-05-06 10:08:38
1196,view,2024-05-06 10:10:06
1196,click,2024-05-07 11:25:16
1196,view,2024-05-07 11:31:48
1196,view,2024-05-07 11:33:42
1197,click,2024-05-01 06:03:06
1197,view,2024-05-01 06:06:49
1197,click,2024-05-01 06:10:40
1197,click,2024-05-02 06:40:41
1197,click,2024-05-02 06:41:48
1197,click,2024-05-02 06:43:40
1197,click,2024-05-02 06:44:10
1197,view,2024-05-02 06:44:16
1197,view,2024-05-02 06:44:45
1197,view,2024-05-02 06:46:37
1197,view,2024-05-02 06:48:53
1197,view,2024-05-03 22:08:22
1197,purchase,2024-05-03 22:08:51
1197,view,2024-05-03 22:10:00
1197,view,2024-05-03 22:14:04
1197,view,2024-05-03 22:14:38
1197,click,2024-05-03 22:16:46
1197,view,2024-05-03 22:17:18
1197,purchase,2024-05-04 05:34:44
1197,click,2024-05-04 05:35:36
1197,view,2024-05-04 05:36:03
1197,purchase,2024-05-04 12:18:22
1197,click,2024-05-04 12:18:53
1197,view,2024-05-04 12:20:19
1197,click,2024-05-04 12:20:42
1197,purchase,2024-05-04 12:20:54
1197,view,2024-05-04 12:23:43
1197,view,2024-05-04 12:27:25
1197,click,2024-05-04 12:27:39
1197,view,2024-05-05 21:19:02
1197,view,2024-05-05 21:19:38
1197,view,2024-05-05 21:23:40
1197,view,2024-05-05 21:24:14
1197,view,2024-05-05 21:24:58
1197,click,2024-05-05 21:25:10
1197,view,2024-05-05 21:25:33
1197,view,2024-05-06 12:13:24
1197,view,2024-05-06 12:14:18
1197,purchase,2024-05-06 12:15:21
1197,view,2024-05-06 20:19:46
1197,click,2024-05-06 20:20:03
1197,click,2024-05-06 20:20:39
1197,view,2024-05-06 20:20:45
1197,view,2024-05-06 20:21:23
1197,click,2024-05-06 20:22:36
1197,click,2024-05-06 20:22:41
1197,click,2024-05-06 20:26:23
1197,view,2024-05-06 20:27:57
1197,click,2024-05-07 02:25:49
1197,click,2024-05-07 02:26:43
1197,click,2024-05-07 02:31:19
1197,view,2024-05-07 02:31:50
1197,purchase,2024-05-07 02:33:54
1197,click,2024-05-07 02:33:57
1197,click,2024-05-07 02:34:01
1197,view,2024-05-07 02:34:33
1197,purchase,2024-05-07 07:36:29
1197,view,2024-05-07 07:37:57
1197,click,2024-05-07 07:38:22
1197,view,2024-05-07 12:50:36
1197,click,2024-05-07 12:51:52
1197,purchase,2024-05-07 12:52:47
1197,view,2024-05-07 12:57:35
1197,view,2024-05-07 12:57:47
1197,view,2024-05-07 12:57:59
1197,click,2024-05-07 12:58:58
1197,click,2024-05-07 15:56:06
1197,view,2024-05-07 15:58:23
1197,click,2024-05-07 16:00:05
1197,view,2024-05-07 16:00:57
1197,view,2024-05-07 16:15:19
1197,view,2024-05-07 16:17:16
1197,view,2024-05-07 16:17:44
1197,click,2024-05-07 16:20:41
1197,view,2024-05-07 16:21:28
1198,view,2024-05-01 06:20:11
1198,view,2024-05-01 06:21:21
1198,view,2024-05-01 06:21:54
1198,view,2024-05-01 06:22:48
1198,view,2024-05-01 06:23:12
1198,purchase,2024-05-01 06:23:21
1198,view,2024-05-01 06:25:29
1198,click,2024-05-01 06:29:49
1198,view,2024-05-02 22:52:23
1198,view,2024-05-02 22:52:53
1198,view,2024-05-02 22:53:07
1198,view,2024-05-02 22:54:40
1198,view,2024-05-02 22:56:03
1198,purchase,2024-05-02 22:56:52
1198,view,2024-05-02 23:00:50
1198,view,2024-05-02 23:01:10
1198,click,2024-05-02 23:35:18
1198,view,2024-05-02 23:36:22
1198,view,2024-05-02 23:36:35
1198,view,2024-05-02 23:37:43
1198,view,2024-05-02 23:39:16
1198,view,2024-05-02 23:40:31
1198,click,2024-05-02 23:41:48
1198,click,2024-05-02 23:42:37
1198,view,2024-05-04 09:45:41
1198,click,2024-05-04 09:48:10
1198,view,2024-05-04 09:48:39
1198,click,2024-05-04 09:50:01
1198,click,2024-05-04 09:50:32
1198,view,2024-05-04 18:48:08
1198,purchase,2024-05-04 18:48:52
1198,view,2024-05-04 18:49:49
1198,view,2024-05-04 18:52:50
1198,view,2024-05-04 18:55:34
1198,click,2024-05-04 18:55:35
1198,click,2024-05-04 18:55:40
1198,view,2024-05-07 05:52:56
1198,view,2024-05-07 05:58:14
1198,purchase,2024-05-07 05:58:52
1198,view,2024-05-07 05:59:52
1198,view,2024-05-07 06:00:53
1198,view,2024-05-07 06:01:37
1199,view,2024-05-01 04:25:29
1199,click,2024-05-01 04:26:12
1199,click,2024-05-01 04:26:40
1199,purchase,2024-05-01 04:28:04
1199,click,2024-05-01 04:28:58
1199,click,2024-05-01 04:29:26
1199,view,2024-05-01 04:32:11
1199,purchase,2024-05-01 08:00:49
1199,view,2024-05-01 08:03:35
1199,view,2024-05-01 08:06:00
1199,view,2024-05-06 06:59:34
1199,view,2024-05-06 07:00:50
1199,click,2024-05-06 07:05:10
1199,view,2024-05-06 07:05:34
1199,click,2024-05-06 07:06:22
1199,view,2024-05-06 07:08:40
1199,view,2024-05-06 11:03:23
1199,click,2024-05-06 11:04:53
1199,view,2024-05-06 11:05:21
1199,view,2024-05-06 11:07:18
1199,click,2024-05-06 11:07:22
1199,view,2024-05-06 11:10:53
1199,view,2024-05-06 11:11:39
1199,view,2024-05-06 11:11:49
1199,view,2024-05-06 12:03:15
1199,view,2024-05-06 12:06:38
1199,purchase,2024-05-06 12:06:45
1199,click,2024-05-06 12:06:49
1199,view,2024-05-06 12:07:25
1199,click,2024-05-06 12:08:53
1199,view,2024-05-06 12:11:00
1200,purchase,2024-05-02 15:31:40
1200,view,2024-05-02 15:32:05
1200,purchase,2024-05-02 15:33:23
1200,view,2024-05-02 23:42:11
1200,view,2024-05-02 23:43:03
1200,view,2024-05-02 23:45:38
1200,click,2024-05-03 18:17:24
1200,view,2024-05-03 18:18:15
1200,view,2024-05-03 18:22:04
1200,view,2024-05-03 18:25:18
1200,view,2024-05-03 19:37:33
1200,click,2024-05-03 19:38:06
1200,view,2024-05-03 19:41:01
1200,view,2024-05-03 19:42:39
1200,view,2024-05-03 19:45:12
1200,click,2024-05-03 19:45:15
1200,view,2024-05-03 19:45:25
1200,purchase,2024-05-04 06:33:43
1200,view,2024-05-04 06:37:06
1200,view,2024-05-04 06:41:04
1200,view,2024-05-04 06:41:11
1200,view,2024-05-04 06:41:20
1200,click,2024-05-05 05:41:59
1200,purchase,2024-05-05 05:49:13
1200,click,2024-05-05 05:50:27
1200,view,2024-05-05 12:13:29
1200,view,2024-05-05 12:15:03
1200,click,2024-05-05 12:15:55
1200,view,2024-05-05 12:16:32
1200,view,2024-05-05 12:16:42
1200,click,2024-05-05 12:20:33
1200,click,2024-05-05 21:05:32
1200,view,2024-05-05 21:07:47
1200,click,2024-05-05 21:07:48
1200,click,2024-05-06 14:35:10
1200,click,2024-05-06 14:36:00
1200,purchase,2024-05-06 14:36:54
1200,view,2024-05-06 14:40:52
1200,view,2024-05-06 14:40:56
1200,view,2024-05-06 14:42:11
1200,click,2024-05-06 14:42:22
1200,click,2024-05-06 14:43:37
1200,view,2024-05-06 14:44:48
1200,click,2024-05-06 23:32:37
1200,view,2024-05-06 23:33:37
1200,view,2024-05-06 23:33:44
1200,view,2024-05-06 23:36:42
1200,view,2024-05-06 23:38:22
1200,click,2024-05-06 23:38:56
1200,view,2024-05-06 23:39:57
1200,click,2024-05-07 04:01:01
1200,click,2024-05-07 04:06:11
1200,click,2024-05-07 04:07:47
1200,click,2024-05-07 11:47:05
1200,view,2024-05-07 11:47:47
1200,click,2024-05-07 11:47:52
1200,view,2024-05-07 11:48:39
1200,view,2024-05-07 11:50:49
1200,click,2024-05-07 11:52:51
1200,view,2024-05-07 11:54:00
1201,view,2024-05-01 17:00:56
1201,click,2024-05-01 17:04:55
1201,click,2024-05-01 17:05:05
1201,view,2024-05-01 21:13:51
1201,click,2024-05-01 21:15:00
1201,view,2024-05-01 21:15:14
1201,click,2024-05-01 21:16:04
1201,view,2024-05-01 21:16:43
1201,click,2024-05-01 21:19:11
1201,view,2024-05-01 21:19:25
1201,view,2024-05-01 21:19:31
1201,view,2024-05-01 21:20:49
1201,click,2024-05-03 00:38:19
1201,click,2024-05-03 00:38:43
1201,view,2024-05-03 00:39:00
1201,view,2024-05-03 00:39:42
1201,click,2024-05-03 00:42:32
1201,view,2024-05-03 00:43:13
1201,click,2024-05-03 00:44:14
1201,view,2024-05-03 10:27:39
1201,click,2024-05-03 10:30:21
1201,view,2024-05-03 10:33:29
1201,click,2024-05-03 21:13:17
1201,view,2024-05-03 21:13:29
1201,click,2024-05-03 21:13:38
1201,purchase,2024-05-03 21:15:41
1201,click,2024-05-03 21:19:45
1201,view,2024-05-03 21:20:10
1201,view,2024-05-03 21:21:49
1201,click,2024-05-03 21:22:09
1201,view,2024-05-04 01:45:23
1201,view,2024-05-04 01:46:26
1201,click,2024-05-04 01:46:44
1201,click,2024-05-04 01:47:38
1201,click,2024-05-04 01:52:40
1201,view,2024-05-04 04:07:21
1201,view,2024-05-04 04:08:52
1201,view,2024-05-04 04:08:55
1201,click,2024-05-04 04:09:39
1201,click,2024-05-04 04:11:27
1201,click,2024-05-04 04:14:33
1201,view,2024-05-04 04:15:59
1201,click,2024-05-04 04:16:20
1201,purchase,2024-05-04 04:16:42
1201,view,2024-05-04 07:17:39
1201,view,2024-05-04 07:18:40
1201,click,2024-05-04 07:22:31
1201,view,2024-05-05 00:26:56
1201,view,2024-05-05 00:26:56
1201,click,2024-05-05 00:28:17
1201,view,2024-05-06 06:17:31
1201,view,2024-05-06 06:18:28
1201,view,2024-05-06 06:19:13
1201,view,2024-05-06 06:22:08
1201,view,2024-05-06 06:22:33
1201,click,2024-05-06 06:23:02
1201,purchase,2024-05-06 06:23:17
1201,view,2024-05-06 19:39:50
1201,click,2024-05-06 19:40:13
1201,click,2024-05-06 19:41:12
1201,view,2024-05-06 19:41:26
1201,view,2024-05-06 19:41:27
1201,view,2024-05-06 19:44:40
1201,view,2024-05-06 19:48:33
1201,view,2024-05-07 02:23:31
1201,click,2024-05-07 02:26:29
1201,view,2024-05-07 02:32:12
1202,click,2024-05-03 06:15:10
1202,click,2024-05-03 06:17:43
1202,view,2024-05-03 06:19:26
1202,purchase,2024-05-03 06:20:48
1202,purchase,2024-05-03 06:21:21
1202,view,2024-05-03 13:33:23
1202,click,2024-05-03 13:38:24
1202,purchase,2024-05-03 13:38:45
1202,view,2024-05-03 13:39:41
1202,view,2024-05-03 13:42:26
1202,view,2024-05-03 14:28:21
1202,view,2024-05-03 14:30:12
1202,view,2024-05-03 14:32:53
1202,view,2024-05-07 04:28:10
1202,view,2024-05-07 04:30:56
1202,click,2024-05-07 04:31:10
1202,view,2024-05-07 04:31:13
1202,view,2024-05-07 04:32:17
1202,view,2024-05-07 04:33:39
1202,view,2024-05-07 04:34:03
1202,click,2024-05-07 04:36:00
1202,view,2024-05-07 08:07:28
1202,click,2024-05-07 08:11:22
1202,purchase,2024-05-07 08:11:42
1202,view,2024-05-07 09:26:47
1202,click,2024-05-07 09:28:37
1202,view,2024-05-07 09:30:04
1202,view,2024-05-07 09:30:51
1202,click,2024-05-07 09:33:34
1202,view,2024-05-07 09:33:58
1202,click,2024-05-07 09:34:08
1202,view,2024-05-07 10:19:22
1202,click,2024-05-07 10:20:23
1202,view,2024-05-07 10:21:18
1202,view,2024-05-07 10:25:22
1202,view,2024-05-07 10:28:30
1202,click,2024-05-07 10:28:52
1202,view,2024-05-07 11:46:16
1202,click,2024-05-07 11:51:03
1202,click,2024-05-07 11:52:04
1202,click,2024-05-07 11:52:23
1202,click,2024-05-07 11:53:21
1202,click,2024-05-07 18:02:39
1202,view,2024-05-07 18:04:35
1202,view,2024-05-07 18:05:30
1202,view,2024-05-07 18:07:56
1202,view,2024-05-07 18:08:15
1202,click,2024-05-07 18:09:45
1202,click,2024-05-07 18:10:16
1202,view,2024-05-07 18:10:22
1202,view,2024-05-07 18:10:33
1203,view,2024-05-01 01:30:35
1203,view,2024-05-01 01:31:13
1203,view,2024-05-01 01:35:57
1203,view,2024-05-01 01:36:39
1203,click,2024-05-01 01:37:30
1203,click,2024-05-03 05:19:57
1203,purchase,2024-05-03 05:20:56
1203,view,2024-05-03 05:22:22
1203,click,2024-05-03 05:23:05
1203,click,2024-05-03 05:23:10
1203,view,2024-05-03 05:23:43
1203,view,2024-05-03 05:23:50
1203,view,2024-05-03 05:25:42
1203,view,2024-05-03 05:28:31
1203,view,2024-05-04 07:40:45
1203,view,2024-05-04 07:43:17
1203,view,2024-05-04 07:45:33
1203,view,2024-05-04 07:47:54
1203,view,2024-05-04 07:48:42
1203,click,2024-05-04 07:49:09
1203,purchase,2024-05-04 07:49:11
1203,click,2024-05-04 07:49:49
1203,view,2024-05-06 22:24:24
1203,purchase,2024-05-06 22:25:01
1203,view,2024-05-06 22:26:34
1203,view,2024-05-06 22:27:18
1203,view,2024-05-07 14:33:54
1203,view,2024-05-07 14:34:38
1203,click,2024-05-07 14:38:13
1203,view,2024-05-07 14:38:29
1203,view,2024-05-07 14:40:59
1203,view,2024-05-07 14:41:28
1203,view,2024-05-07 14:41:45
1203,view,2024-05-07 18:28:25
1203,click,2024-05-07 18:28:34
1203,view,2024-05-07 18:35:17
1203,view,2024-05-07 18:35:26
1204,view,2024-05-02 05:45:11
1204,click,2024-05-02 05:47:46
1204,view,2024-05-02 05:48:51
1204,click,2024-05-02 05:49:11
1204,view,2024-05-02 05:51:05
1204,click,2024-05-02 05:51:58
1204,view,2024-05-02 05:53:29
1204,view,2024-05-02 22:19:55
1204,view,2024-05-02 22:20:18
1204,view,2024-05-02 22:21:53
1204,view,2024-05-02 22:22:04
1204,view,2024-05-02 22:23:35
1204,click,2024-05-02 22:23:59
1204,click,2024-05-02 22:24:31
1204,click,2024-05-02 22:26:11
1204,view,2024-05-04 11:43:12
1204,click,2024-05-04 11:44:16
1204,view,2024-05-04 11:44:28
1204,click,2024-05-04 11:45:15
1204,view,2024-05-04 11:45:34
1204,view,2024-05-04 11:47:01
1204,view,2024-05-06 19:28:30
1204,click,2024-05-06 19:31:09
1204,view,2024-05-06 19:31:27
1204,click,2024-05-06 19:34:02
1204,click,2024-05-06 19:34:21
1204,view,2024-05-06 19:34:47
1204,view,2024-05-06 19:35:19
1204,view,2024-05-06 19:35:54
1205,view,2024-05-03 03:20:28
1205,view,2024-05-03 03:20:55
1205,view,2024-05-03 03:21:46
1205,view,2024-05-03 03:22:04
1205,view,2024-05-03 03:24:48
1205,click,2024-05-03 03:25:10
1205,view,2024-05-03 03:28:03
1205,view,2024-05-03 18:12:25
1205,view,2024-05-03 18:14:09
1205,purchase,2024-05-03 18:15:13
1205,view,2024-05-03 18:17:13
1205,purchase,2024-05-03 18:18:26
1205,view,2024-05-03 18:18:59
1205,view,2024-05-03 21:31:12
1205,view,2024-05-03 21:32:49
1205,click,2024-05-03 21:36:50
1205,view,2024-05-03 21:36:50
1205,view,2024-05-03 21:38:49
1205,view,2024-05-04 02:27:34
1205,click,2024-05-04 02:28:40
1205,click,2024-05-04 02:28:59
1205,view,2024-05-04 02:29:54
1205,view,2024-05-04 02:30:34
1205,view,2024-05-05 03:59:07
1205,click,2024-05-05 03:59:54
1205,view,2024-05-05 04:04:28
1205,click,2024-05-05 14:51:43
1205,view,2024-05-05 14:51:54
1205,click,2024-05-05 14:53:00
1205,click,2024-05-05 14:53:25
1205,view,2024-05-05 18:49:39
1205,purchase,2024-05-05 18:50:21
1205,click,2024-05-05 18:51:59
1205,click,2024-05-05 18:54:30
1205,view,2024-05-05 18:54:45
1205,click,2024-05-05 18:54:45
1205,view,2024-05-05 18:54:46
1205,view,2024-05-05 18:55:04
1205,view,2024-05-05 18:55:32
1206,purchase,2024-05-01 01:05:25
1206,view,2024-05-01 01:05:56
1206,view,2024-05-01 01:06:13
1206,view,2024-05-01 01:07:31
1206,view,2024-05-01 01:07:58
1206,click,2024-05-01 01:11:26
1206,purchase,2024-05-01 01:14:54
1206,view,2024-05-02 20:20:35
1206,view,2024-05-02 20:21:44
1206,click,2024-05-02 20:22:05
1206,purchase,2024-05-02 20:23:37
1206,view,2024-05-02 20:27:45
1206,view,2024-05-02 20:28:26
1206,view,2024-05-03 03:33:49
1206,view,2024-05-03 03:34:37
1206,view,2024-05-03 03:40:42
1206,click,2024-05-05 04:22:44
1206,view,2024-05-05 04:25:12
1206,view,2024-05-05 04:27:18
1206,view,2024-05-05 04:27:52
1206,view,2024-05-05 04:30:12
1206,view,2024-05-05 04:31:43
1206,click,2024-05-05 04:31:52
1206,view,2024-05-06 10:52:18
1206,purchase,2024-05-06 10:52:23
1206,click,2024-05-06 10:54:42
1206,click,2024-05-06 10:55:05
1206,view,2024-05-06 10:55:48
1206,view,2024-05-06 10:57:15
1206,view,2024-05-06 17:27:14
1206,click,2024-05-06 17:27:26
1206,view,2024-05-06 17:28:01
1206,view,2024-05-06 17:28:41
1206,view,2024-05-06 17:28:58
1206,view,2024-05-06 17:29:04
1206,click,2024-05-06 17:31:20
1206,view,2024-05-06 17:32:53
1207,click,2024-05-01 21:20:41
1207,click,2024-05-01 21:20:46
1207,view,2024-05-01 21:22:51
1207,click,2024-05-01 21:23:59
1207,view,2024-05-01 21:27:52
1207,view,2024-05-01 21:28:06
1207,view,2024-05-01 21:28:42
1207,purchase,2024-05-01 21:31:25
1207,view,2024-05-01 21:33:48
1207,view,2024-05-01 21:35:01
1207,view,2024-05-01 21:36:09
1207,view,2024-05-01 21:37:46
1207,click,2024-05-01 21:38:15
1207,click,2024-05-02 04:56:27
1207,view,2024-05-02 04:57:29
1207,view,2024-05-02 04:58:24
1207,view,2024-05-02 05:03:07
1207,view,2024-05-02 05:05:02
1207,click,2024-05-02 05:05:08
1207,view,2024-05-02 05:05:09
1207,purchase,2024-05-02 21:44:42
1207,click,2024-05-02 21:46:24
1207,view,2024-05-02 21:47:25
1207,view,2024-05-02 21:47:33
1207,view,2024-05-02 21:50:26
1207,view,2024-05-02 23:51:50
1207,view,2024-05-02 23:54:11
1207,view,2024-05-02 23:54:22
1207,view,2024-05-02 23:54:46
1207,view,2024-05-02 23:54:48
1207,click,2024-05-02 23:59:45
1207,view,2024-05-03 10:58:57
1207,view,2024-05-03 11:00:14
1207,view,2024-05-03 11:05:57
1207,view,2024-05-07 09:44:20
1207,view,2024-05-07 09:46:00
1207,purchase,2024-05-07 09:47:22
1207,view,2024-05-07 09:47:26
1207,view,2024-05-07 09:47:48
1207,view,2024-05-07 09:48:00
1207,view,2024-05-07 09:50:05
1207,view,2024-05-07 14:16:16
1207,purchase,2024-05-07 14:18:13
1207,view,2024-05-07 14:21:48
1207,view,2024-05-07 14:21:58
1207,click,2024-05-07 14:23:03
1207,view,2024-05-07 14:24:18
1207,view,2024-05-07 14:25:35
1207,click,2024-05-07 14:25:36
1208,view,2024-05-01 07:27:10
1208,view,2024-05-01 07:34:52
1208,view,2024-05-01 07:35:06
1208,purchase,2024-05-03 03:27:25
1208,click,2024-05-03 03:31:04
1208,purchase,2024-05-03 03:33:27
1208,click,2024-05-03 03:36:40
1208,view,2024-05-03 06:23:53
1208,view,2024-05-03 06:25:39
1208,click,2024-05-03 06:26:29
1208,view,2024-05-03 06:29:05
1208,view,2024-05-03 06:29:49
1208,view,2024-05-03 06:32:30
1208,view,2024-05-03 06:32:47
1208,view,2024-05-06 10:44:31
1208,view,2024-05-06 10:46:33
1208,view,2024-05-06 10:46:42
1208,click,2024-05-06 10:47:36
1208,purchase,2024-05-06 10:48:03
1208,view,2024-05-06 10:48:52
1208,click,2024-05-06 10:52:18
1208,click,2024-05-07 00:06:01
1208,view,2024-05-07 00:10:30
1208,view,2024-05-07 00:10:46
1208,view,2024-05-07 00:13:02
1209,view,2024-05-01 10:48:59
1209,click,2024-05-01 10:49:29
1209,click,2024-05-01 10:50:26
1209,view,2024-05-01 10:50:45
1209,click,2024-05-01 10:50:55
1209,view,2024-05-01 10:52:58
1209,click,2024-05-01 10:54:33
1209,view,2024-05-01 10:54:59
1209,view,2024-05-01 10:56:36
1209,purchase,2024-05-02 02:29:19
1209,click,2024-05-02 02:34:18
1209,click,2024-05-02 02:38:03
1209,view,2024-05-02 13:43:41
1209,click,2024-05-02 13:44:00
1209,view,2024-05-02 13:44:12
1209,view,2024-05-02 13:44:42
1209,click,2024-05-02 13:45:40
1209,view,2024-05-02 13:46:10
1209,view,2024-05-02 13:47:36
1209,click,2024-05-04 06:11:42
1209,view,2024-05-04 06:12:32
1209,view,2024-05-04 06:14:26
1209,click,2024-05-04 06:14:42
1209,view,2024-05-04 06:17:25
1209,view,2024-05-05 23:41:19
1209,view,2024-05-05 23:41:33
1209,view,2024-05-05 23:41:47
1209,click,2024-05-05 23:45:56
1209,view,2024-05-05 23:49:03
1209,view,2024-05-05 23:50:36
1209,view,2024-05-05 23:50:59
1209,purchase,2024-05-06 12:06:37
1209,view,2024-05-06 12:11:19
1209,view,2024-05-06 12:11:35
1209,click,2024-05-06 12:11:42
1209,click,2024-05-06 12:12:40
1209,click,2024-05-06 12:14:03
1209,view,2024-05-06 12:14:52
1209,click,2024-05-06 12:15:29
1209,view,2024-05-06 12:15:33
1209,click,2024-05-06 22:09:56
1209,click,2024-05-06 22:10:11
1209,view,2024-05-06 22:12:04
1209,click,2024-05-06 22:14:24
1209,click,2024-05-06 22:16:40
1209,purchase,2024-05-07 22:09:28
1209,view,2024-05-07 22:11:01
1209,view,2024-05-07 22:11:55
1209,click,2024-05-07 22:13:25
1209,view,2024-05-07 22:14:53
1210,view,2024-05-02 05:35:38
1210,click,2024-05-02 05:35:43
1210,view,2024-05-02 05:36:31
1210,view,2024-05-02 05:37:23
1210,purchase,2024-05-02 07:23:19
1210,click,2024-05-02 07:23:59
1210,click,2024-05-02 07:24:48
1210,view,2024-05-02 07:26:23
1210,purchase,2024-05-02 07:26:32
1210,click,2024-05-02 07:26:58
1210,click,2024-05-02 07:27:22
1210,view,2024-05-03 04:28:37
1210,click,2024-05-03 04:29:07
1210,view,2024-05-03 04:29:25
1210,click,2024-05-03 04:29:30
1210,view,2024-05-03 04:29:48
1210,view,2024-05-03 05:58:48
1210,view,2024-05-03 06:00:48
1210,view,2024-05-03 06:01:09
1210,view,2024-05-03 06:01:20
1210,purchase,2024-05-03 06:01:31
1210,click,2024-05-03 06:02:59
1210,click,2024-05-03 06:04:47
1210,view,2024-05-03 06:06:07
1210,view,2024-05-03 06:07:39
1210,view,2024-05-05 00:34:57
1210,view,2024-05-05 00:34:59
1210,view,2024-05-05 00:40:25
1210,view,2024-05-05 00:42:27
1210,view,2024-05-05 00:42:30
1210,click,2024-05-05 00:43:57
1210,view,2024-05-07 13:37:07
1210,purchase,2024-05-07 13:37:53
1210,view,2024-05-07 13:39:00
1210,click,2024-05-07 13:40:36
1210,view,2024-05-07 13:42:02
1210,view,2024-05-07 13:42:15
1211,purchase,2024-05-03 23:14:29
1211,view,2024-05-03 23:14:49
1211,click,2024-05-03 23:15:53
1211,view,2024-05-03 23:15:57
1211,click,2024-05-03 23:19:12
1211,view,2024-05-07 08:59:08
1211,view,2024-05-07 09:00:23
1211,view,2024-05-07 09:03:29
1211,click,2024-05-07 09:03:31
1211,click,2024-05-07 09:04:14
1211,view,2024-05-07 09:04:31
1211,view,2024-05-07 09:05:00
1211,view,2024-05-07 09:05:54
1211,view,2024-05-07 09:08:00
1211,view,2024-05-07 19:36:13
1211,view,2024-05-07 19:39:23
1211,view,2024-05-07 19:39:48
1211,view,2024-05-07 20:44:57
1211,click,2024-05-07 20:47:27
1211,click,2024-05-07 20:47:40
1211,view,2024-05-07 20:49:28
1211,click,2024-05-07 20:50:04
1211,click,2024-05-07 20:52:40
1212,purchase,2024-05-01 03:43:31
1212,view,2024-05-01 03:45:01
1212,view,2024-05-01 03:45:40
1212,view,2024-05-01 08:20:01
1212,click,2024-05-01 08:20:03
1212,view,2024-05-01 08:22:57
1212,view,2024-05-01 08:23:39
1212,click,2024-05-01 08:24:03
1212,view,2024-05-01 08:25:07
1212,purchase,2024-05-01 08:26:37
1212,view,2024-05-01 19:40:31
1212,view,2024-05-01 19:40:35
1212,view,2024-05-01 19:40:47
1212,view,2024-05-01 19:41:43
1212,click,2024-05-01 19:43:25
1212,click,2024-05-01 19:43:59
1212,view,2024-05-01 19:47:27
1212,view,2024-05-02 01:13:57
1212,view,2024-05-02 01:16:34
1212,view,2024-05-02 01:16:59
1212,view,2024-05-02 01:17:14
1212,view,2024-05-02 01:19:04
1212,click,2024-05-02 01:19:25
1212,view,2024-05-02 01:21:47
1212,view,2024-05-02 01:22:40
1212,view,2024-05-02 01:22:58
1212,view,2024-05-03 15:12:04
1212,view,2024-05-03 15:14:47
1212,view,2024-05-03 15:15:43
1212,view,2024-05-03 15:59:44
1212,view,2024-05-03 16:01:24
1212,view,2024-05-03 16:03:24
1212,view,2024-05-03 16:05:44
1212,view,2024-05-03 20:50:34
1212,view,2024-05-03 20:50:57
1212,view,2024-05-03 20:53:49
1212,click,2024-05-03 20:54:50
1212,view,2024-05-03 20:55:15
1212,view,2024-05-03 20:56:50
1212,view,2024-05-03 20:57:52
1212,purchase,2024-05-04 14:24:36
1212,view,2024-05-04 14:25:31
1212,view,2024-05-04 14:25:33
1212,click,2024-05-04 14:26:32
1212,purchase,2024-05-04 14:27:23
1212,view,2024-05-04 14:30:57
1212,view,2024-05-04 14:31:05
1212,view,2024-05-04 14:31:22
1212,view,2024-05-05 00:18:13
1212,purchase,2024-05-05 00:18:52
1212,purchase,2024-05-05 00:20:28
1212,view,2024-05-05 00:22:17
1212,view,2024-05-06 10:32:44
1212,view,2024-05-06 10:35:41
1212,view,2024-05-06 10:36:21
1212,view,2024-05-06 15:26:59
1212,click,2024-05-06 15:29:42
1212,click,2024-05-06 15:30:36
1212,view,2024-05-06 15:31:14
1212,click,2024-05-06 15:32:43
1212,view,2024-05-06 17:23:47
1212,view,2024-05-06 17:25:21
1212,click,2024-05-06 17:27:12
1212,view,2024-05-07 18:09:19
1212,click,2024-05-07 18:09:21
1212,click,2024-05-07 18:10:53
1212,view,2024-05-07 18:12:27
1212,purchase,2024-05-07 18:13:36
1212,view,2024-05-07 18:16:08
1213,view,2024-05-01 05:16:16
1213,view,2024-05-01 05:16:37
1213,view,2024-05-01 05:18:23
1213,view,2024-05-01 05:19:51
1213,click,2024-05-01 05:21:09
1213,view,2024-05-01 05:22:15
1213,view,2024-05-01 05:23:58
1213,view,2024-05-01 05:24:14
1213,view,2024-05-01 09:53:38
1213,view,2024-05-01 09:54:10
1213,view,2024-05-01 09:54:56
1213,view,2024-05-01 09:56:25
1213,purchase,2024-05-01 09:56:45
1213,view,2024-05-01 09:56:48
1213,view,2024-05-01 10:00:17
1213,purchase,2024-05-01 10:00:30
1213,view,2024-05-01 16:34:58
1213,view,2024-05-01 16:35:59
1213,view,2024-05-01 16:38:11
1213,click,2024-05-01 16:39:15
1213,view,2024-05-02 04:43:56
1213,view,2024-05-02 04:45:25
1213,click,2024-05-02 04:46:52
1213,click,2024-05-02 04:48:14
1213,click,2024-05-02 04:48:31
1213,view,2024-05-02 06:02:14
1213,view,2024-05-02 06:03:57
1213,view,2024-05-02 06:04:42
1213,view,2024-05-02 06:05:31
1213,view,2024-05-02 06:06:33
1213,purchase,2024-05-02 06:08:40
1213,view,2024-05-02 21:15:09
1213,view,2024-05-02 21:18:29
1213,click,2024-05-02 21:18:37
1213,view,2024-05-02 21:18:54
1213,purchase,2024-05-02 21:19:13
1213,click,2024-05-02 21:19:16
1213,view,2024-05-02 21:19:43
1213,view,2024-05-02 21:23:23
1213,purchase,2024-05-03 17:55:06
1213,click,2024-05-03 17:56:08
1213,click,2024-05-03 17:58:53
1213,click,2024-05-03 17:59:48
1213,view,2024-05-03 18:00:29
1213,click,2024-05-04 08:30:50
1213,view,2024-05-04 08:31:09
1213,purchase,2024-05-04 08:31:42
1213,view,2024-05-04 08:32:55
1213,click,2024-05-04 08:34:23
1213,purchase,2024-05-04 08:34:25
1213,click,2024-05-04 08:35:42
1213,view,2024-05-04 08:36:34
1213,click,2024-05-04 08:37:53
1213,view,2024-05-06 08:09:06
1213,view,2024-05-06 08:12:11
1213,click,2024-05-06 08:12:34
1213,purchase,2024-05-06 08:14:25
1213,view,2024-05-06 08:14:40
1213,view,2024-05-06 08:16:51
1213,view,2024-05-06 08:17:27
1213,click,2024-05-06 09:44:37
1213,view,2024-05-06 09:44:42
1213,view,2024-05-06 09:44:49
1213,view,2024-05-06 09:44:57
1213,click,2024-05-06 09:46:25
1213,click,2024-05-06 09:48:53
1213,view,2024-05-06 09:52:58
1213,view,2024-05-06 20:24:58
1213,view,2024-05-06 20:27:38
1213,view,2024-05-06 20:29:29
1213,view,2024-05-06 20:30:38
1213,view,2024-05-07 02:10:18
1213,click,2024-05-07 02:11:11
1213,view,2024-05-07 02:14:33
1213,view,2024-05-07 02:15:30
1213,view,2024-05-07 02:16:22
1213,click,2024-05-07 02:17:02
1213,view,2024-05-07 15:15:31
1213,view,2024-05-07 15:16:57
1213,view,2024-05-07 15:18:42
1213,purchase,2024-05-07 15:24:02
1213,view,2024-05-07 21:26:52
1213,purchase,2024-05-07 21:29:16
1213,view,2024-05-07 21:29:53
1213,view,2024-05-07 21:29:56
1213,view,2024-05-07 21:33:14
1213,click,2024-05-07 21:33:31
1214,click,2024-05-01 01:01:18
1214,view,2024-05-01 01:05:08
1214,view,2024-05-01 01:05:48
1214,click,2024-05-01 01:07:49
1214,click,2024-05-01 01:09:45
1214,click,2024-05-01 01:10:05
1214,view,2024-05-01 03:19:30
1214,view,2024-05-01 03:21:08
1214,view,2024-05-01 03:23:45
1214,click,2024-05-01 03:24:38
1214,click,2024-05-01 03:27:26
1214,view,2024-05-01 03:28:20
1214,click,2024-05-01 19:39:50
1214,view,2024-05-01 19:41:22
1214,click,2024-05-01 19:42:08
1214,view,2024-05-01 19:42:17
1214,view,2024-05-01 19:42:51
1214,click,2024-05-01 19:44:10
1214,view,2024-05-01 19:46:04
1214,click,2024-05-01 19:47:00
1214,view,2024-05-01 19:47:55
1214,view,2024-05-02 02:43:43
1214,click,2024-05-02 02:45:56
1214,view,2024-05-02 02:47:32
1214,view,2024-05-02 02:47:49
1214,view,2024-05-02 02:47:55
1214,view,2024-05-02 02:50:37
1214,view,2024-05-03 01:12:48
1214,view,2024-05-03 01:13:07
1214,view,2024-05-03 01:13:45
1214,click,2024-05-03 01:14:47
1214,click,2024-05-03 01:15:04
1214,view,2024-05-03 01:16:01
1214,view,2024-05-03 01:16:09
1214,view,2024-05-03 01:17:35
1214,click,2024-05-03 22:28:27
1214,view,2024-05-03 22:28:28
1214,purchase,2024-05-03 22:29:53
1214,click,2024-05-03 22:30:21
1214,click,2024-05-03 22:30:37
1214,click,2024-05-03 22:30:39
1214,view,2024-05-03 22:33:07
1214,click,2024-05-03 22:33:17
1214,view,2024-05-03 22:35:45
1214,view,2024-05-04 02:20:29
1214,view,2024-05-04 02:23:08
1214,click,2024-05-04 02:23:28
1214,view,2024-05-04 22:52:30
1214,click,2024-05-04 22:54:09
1214,view,2024-05-04 22:54:11
1214,view,2024-05-04 22:54:35
1214,view,2024-05-04 22:56:31
1214,purchase,2024-05-04 22:59:44
1214,purchase,2024-05-04 23:00:40
1214,view,2024-05-04 23:01:08
1214,click,2024-05-04 23:01:46
1214,view,2024-05-04 23:07:16
1214,click,2024-05-04 23:08:28
1214,click,2024-05-04 23:08:43
1214,purchase,2024-05-04 23:09:21
1214,click,2024-05-04 23:14:47
1214,click,2024-05-05 10:22:17
1214,purchase,2024-05-05 10:23:50
1214,view,2024-05-05 10:25:33
1214,view,2024-05-05 10:27:07
1214,click,2024-05-05 10:27:18
1214,view,2024-05-05 10:27:31
1214,view,2024-05-05 16:25:16
1214,click,2024-05-05 16:25:16
1214,purchase,2024-05-05 16:25:34
1214,view,2024-05-05 16:26:51
1214,view,2024-05-05 16:28:26
1214,click,2024-05-05 16:28:28
1214,view,2024-05-05 16:29:03
1214,view,2024-05-05 16:30:29
1214,view,2024-05-05 16:31:43
1214,view,2024-05-05 17:07:56
1214,view,2024-05-05 17:08:48
1214,click,2024-05-05 17:11:20
1214,click,2024-05-05 17:12:14
1214,view,2024-05-05 17:13:34
1214,click,2024-05-05 17:15:15
1214,click,2024-05-05 17:15:45
1214,click,2024-05-05 17:16:07
1214,view,2024-05-05 17:16:54
1214,view,2024-05-06 10:52:14
1214,view,2024-05-06 10:56:01
1214,view,2024-05-06 10:56:44
1214,click,2024-05-06 10:57:04
1214,click,2024-05-06 10:57:56
1214,view,2024-05-06 10:57:59
1214,click,2024-05-06 10:59:20
1214,view,2024-05-06 10:59:48
1214,view,2024-05-06 11:01:57
1214,click,2024-05-06 20:29:13
1214,click,2024-05-06 20:31:34
1214,view,2024-05-06 20:32:46
1214,view,2024-05-06 20:34:20
1214,click,2024-05-06 20:34:34
1214,view,2024-05-06 20:34:51
1214,purchase,2024-05-06 20:35:52
1214,click,2024-05-06 20:37:01
1214,click,2024-05-06 20:37:15
1214,view,2024-05-07 07:56:32
1214,view,2024-05-07 07:59:04
1214,view,2024-05-07 08:04:19
1214,click,2024-05-07 08:05:32
1215,click,2024-05-01 00:28:25
1215,click,2024-05-01 00:28:51
1215,view,2024-05-01 00:29:47
1215,view,2024-05-01 00:36:19
1215,view,2024-05-01 05:50:51
1215,view,2024-05-01 05:51:27
1215,view,2024-05-01 05:57:06
1215,view,2024-05-03 21:06:37
1215,view,2024-05-03 21:07:01
1215,view,2024-05-03 21:09:37
1215,purchase,2024-05-03 21:09:40
1215,view,2024-05-03 21:11:36
1215,view,2024-05-03 21:12:13
1215,view,2024-05-03 21:12:49
1215,view,2024-05-04 00:26:54
1215,view,2024-05-04 00:27:26
1215,view,2024-05-04 00:27:28
1215,view,2024-05-04 03:21:19
1215,view,2024-05-04 03:22:43
1215,view,2024-05-04 03:23:40
1215,view,2024-05-04 03:24:28
1215,view,2024-05-04 11:02:33
1215,click,2024-05-04 11:03:45
1215,click,2024-05-04 11:04:20
1215,click,2024-05-04 11:04:21
1215,click,2024-05-04 11:09:11
1215,purchase,2024-05-04 11:09:27
1215,view,2024-05-04 19:54:35
1215,view,2024-05-04 19:54:45
1215,view,2024-05-04 19:55:36
1215,click,2024-05-04 19:56:27
1215,view,2024-05-04 19:58:09
1215,purchase,2024-05-04 20:00:06
1215,view,2024-05-04 20:00:10
1215,view,2024-05-04 20:00:31
1215,click,2024-05-05 06:37:59
1215,view,2024-05-05 06:39:54
1215,click,2024-05-05 06:40:12
1215,view,2024-05-06 01:33:32
1215,view,2024-05-06 01:35:38
1215,click,2024-05-06 01:35:55
1215,view,2024-05-06 01:36:29
1215,view,2024-05-06 01:37:16
1215,click,2024-05-06 01:39:07
1215,purchase,2024-05-06 01:39:14
1215,view,2024-05-06 01:41:42
1215,click,2024-05-06 21:09:51
1215,view,2024-05-06 21:10:44
1215,purchase,2024-05-06 21:13:47
1215,view,2024-05-06 21:14:22
1215,click,2024-05-06 21:14:36
1215,view,2024-05-06 21:16:23
1215,click,2024-05-07 06:39:37
1215,purchase,2024-05-07 06:42:07
1215,view,2024-05-07 06:43:59
1215,view,2024-05-07 06:45:39
1215,view,2024-05-07 06:46:45
1215,view,2024-05-07 06:47:09
1215,view,2024-05-07 06:47:10
1215,view,2024-05-07 14:17:32
1215,click,2024-05-07 14:19:38
1215,click,2024-05-07 14:20:18
1215,click,2024-05-07 14:26:33
1216,view,2024-05-01 19:57:05
1216,click,2024-05-01 19:57:39
1216,view,2024-05-01 19:58:20
1216,purchase,2024-05-02 19:18:22
1216,view,2024-05-02 19:18:25
1216,purchase,2024-05-02 19:19:23
1216,purchase,2024-05-02 19:21:02
1216,click,2024-05-02 19:21:43
1216,click,2024-05-02 19:23:34
1216,click,2024-05-02 19:24:59
1216,click,2024-05-02 19:25:35
1216,view,2024-05-04 07:41:14
1216,view,2024-05-04 07:43:10
1216,view,2024-05-04 07:47:13
1216,view,2024-05-04 07:48:44
1216,click,2024-05-04 07:49:55
1216,view,2024-05-04 07:50:06
1216,view,2024-05-04 17:00:48
1216,click,2024-05-04 17:03:14
1216,view,2024-05-04 17:05:40
1216,click,2024-05-04 19:10:21
1216,view,2024-05-04 19:11:41
1216,view,2024-05-04 19:12:09
1216,click,2024-05-04 19:12:12
1216,view,2024-05-04 19:17:21
1216,view,2024-05-04 19:17:53
1216,click,2024-05-04 19:19:45
1216,view,2024-05-05 09:38:30
1216,purchase,2024-05-05 09:41:20
1216,click,2024-05-05 09:43:09
1216,view,2024-05-05 09:43:10
1216,view,2024-05-05 09:45:20
1216,view,2024-05-05 09:45:21
1216,click,2024-05-05 09:45:47
1216,view,2024-05-05 09:46:36
1216,view,2024-05-05 09:46:50
1216,view,2024-05-05 14:49:53
1216,click,2024-05-05 14:51:50
1216,view,2024-05-05 14:54:27
1216,view,2024-05-05 19:19:09
1216,view,2024-05-05 19:19:46
1216,view,2024-05-05 19:19:57
1216,view,2024-05-05 19:21:16
1216,purchase,2024-05-05 19:24:32
1216,purchase,2024-05-05 19:27:01
1216,view,2024-05-05 19:27:08
1216,click,2024-05-06 11:57:44
1216,view,2024-05-06 11:59:34
1216,click,2024-05-06 12:00:19
1216,view,2024-05-06 12:01:37
1216,view,2024-05-06 12:04:53
1216,view,2024-05-06 12:05:12
1216,purchase,2024-05-06 12:05:27
1216,view,2024-05-06 12:05:29
1216,click,2024-05-06 12:06:11
1216,view,2024-05-07 04:31:18
1216,purchase,2024-05-07 04:32:40
1216,click,2024-05-07 04:32:56
1216,click,2024-05-07 04:33:33
1216,view,2024-05-07 04:39:05
1216,click,2024-05-07 13:52:09
1216,view,2024-05-07 13:53:30
1216,click,2024-05-07 13:54:56
1216,view,2024-05-07 13:56:06
1216,click,2024-05-07 13:57:08
1217,view,2024-05-01 11:32:56
1217,view,2024-05-01 11:34:02
1217,view,2024-05-01 11:36:40
1217,view,2024-05-01 11:38:57
1217,view,2024-05-01 11:41:00
1217,purchase,2024-05-01 13:57:12
1217,view,2024-05-01 13:58:52
1217,view,2024-05-01 14:05:40
1217,view,2024-05-01 14:05:52
1217,view,2024-05-02 04:12:05
1217,view,2024-05-02 04:12:13
1217,view,2024-05-02 04:13:21
1217,view,2024-05-02 04:13:40
1217,click,2024-05-02 04:18:17
1217,purchase,2024-05-02 04:18:37
1217,view,2024-05-02 04:19:44
1217,click,2024-05-02 09:28:46
1217,view,2024-05-02 09:29:40
1217,view,2024-05-02 09:31:30
1217,view,2024-05-02 22:21:19
1217,click,2024-05-02 22:22:25
1217,click,2024-05-02 22:23:28
1217,click,2024-05-02 22:24:10
1217,click,2024-05-02 22:25:28
1217,purchase,2024-05-02 22:26:07
1217,click,2024-05-02 23:38:17
1217,purchase,2024-05-02 23:39:03
1217,view,2024-05-02 23:39:54
1217,view,2024-05-02 23:40:57
1217,purchase,2024-05-02 23:44:53
1217,purchase,2024-05-02 23:46:10
1217,view,2024-05-03 00:30:09
1217,purchase,2024-05-03 00:32:18
1217,click,2024-05-03 00:33:34
1217,click,2024-05-03 00:36:18
1217,view,2024-05-03 21:05:10
1217,view,2024-05-03 21:06:42
1217,view,2024-05-03 21:08:40
1217,view,2024-05-03 21:09:13
1217,view,2024-05-04 04:59:29
1217,view,2024-05-04 05:00:24
1217,view,2024-05-04 05:01:33
1217,click,2024-05-04 05:03:05
1217,click,2024-05-04 05:06:12
1217,view,2024-05-04 19:37:32
1217,click,2024-05-04 19:40:40
1217,view,2024-05-04 19:43:56
1217,click,2024-05-04 19:44:51
1217,click,2024-05-05 16:38:40
1217,purchase,2024-05-05 16:39:30
1217,click,2024-05-05 16:43:36
1217,click,2024-05-05 16:45:27
1217,view,2024-05-06 19:09:17
1217,view,2024-05-06 19:09:41
1217,purchase,2024-05-06 19:10:33
1217,click,2024-05-06 19:14:01
1217,view,2024-05-06 19:14:30
1218,view,2024-05-02 02:27:31
1218,view,2024-05-02 02:32:05
1218,click,2024-05-02 02:35:27
1218,view,2024-05-02 15:17:33
1218,purchase,2024-05-02 15:17:43
1218,view,2024-05-02 15:17:53
1218,view,2024-05-02 15:19:36
1218,click,2024-05-02 15:20:09
1218,click,2024-05-02 15:20:29
1218,view,2024-05-02 15:25:13
1218,view,2024-05-02 15:26:07
1218,view,2024-05-02 15:26:12
1218,purchase,2024-05-02 23:47:04
1218,view,2024-05-02 23:47:39
1218,view,2024-05-02 23:53:07
1218,view,2024-05-03 11:58:48
1218,click,2024-05-03 12:00:33
1218,view,2024-05-03 12:00:49
1218,view,2024-05-03 14:28:24
1218,view,2024-05-03 14:29:07
1218,purchase,2024-05-03 14:29:56
1218,click,2024-05-03 14:30:25
1218,purchase,2024-05-03 14:32:32
1218,view,2024-05-03 14:33:38
1218,click,2024-05-03 14:34:23
1218,click,2024-05-03 14:35:57
1218,view,2024-05-03 14:35:59
1218,click,2024-05-07 03:36:22
1218,view,2024-05-07 03:36:40
1218,click,2024-05-07 03:40:42
1219,view,2024-05-02 20:45:51
1219,view,2024-05-02 20:46:43
1219,click,2024-05-02 20:47:33
1219,view,2024-05-02 20:49:47
1219,view,2024-05-02 20:50:06
1219,purchase,2024-05-02 20:53:47
1219,view,2024-05-03 02:11:26
1219,view,2024-05-03 02:12:55
1219,purchase,2024-05-03 02:15:49
1219,click,2024-05-03 02:17:33
1219,click,2024-05-03 02:18:12
1219,click,2024-05-03 02:18:17
1219,purchase,2024-05-03 02:19:08
1219,view,2024-05-03 02:20:36
1219,view,2024-05-03 02:23:36
1219,view,2024-05-03 02:26:36
1219,click,2024-05-03 06:25:41
1219,view,2024-05-03 06:29:04
1219,view,2024-05-03 06:30:36
1219,view,2024-05-03 10:13:44
1219,view,2024-05-03 10:14:15
1219,view,2024-05-03 10:15:44
1219,view,2024-05-03 10:17:42
1219,view,2024-05-03 10:17:51
1219,view,2024-05-03 10:18:35
1219,view,2024-05-03 10:19:48
1219,view,2024-05-03 10:20:10
1219,view,2024-05-03 17:34:25
1219,click,2024-05-03 17:35:35
1219,view,2024-05-03 17:35:37
1219,view,2024-05-03 17:36:16
1219,click,2024-05-03 17:39:10
1219,click,2024-05-03 17:39:59
1219,view,2024-05-03 17:41:11
1219,view,2024-05-03 17:41:44
1219,purchase,2024-05-03 17:41:49
1219,click,2024-05-05 05:28:04
1219,click,2024-05-05 05:30:09
1219,view,2024-05-05 05:31:08
1219,click,2024-05-05 05:35:46
1219,view,2024-05-05 05:36:49
1219,view,2024-05-06 04:52:14
1219,view,2024-05-06 04:52:56
1219,click,2024-05-06 04:54:01
1219,view,2024-05-06 04:56:04
1219,view,2024-05-06 04:57:58
1219,view,2024-05-06 04:57:59
1219,click,2024-05-06 04:58:19
1219,view,2024-05-06 04:59:38
1219,view,2024-05-06 05:00:38
1219,view,2024-05-06 10:23:04
1219,view,2024-05-06 10:26:18
1219,click,2024-05-06 10:27:03
1219,view,2024-05-06 10:30:44
1219,view,2024-05-06 10:31:49
1219,view,2024-05-06 10:31:52
1219,view,2024-05-07 00:35:23
1219,click,2024-05-07 00:37:47
1219,click,2024-05-07 00:39:05
1219,purchase,2024-05-07 01:12:21
1219,view,2024-05-07 01:14:58
1219,view,2024-05-07 01:15:09
1219,view,2024-05-07 01:20:02
1219,view,2024-05-07 01:20:34
1219,view,2024-05-07 01:20:49
1219,view,2024-05-07 03:19:45
1219,view,2024-05-07 03:21:48
1219,purchase,2024-05-07 03:23:43
1219,view,2024-05-07 08:39:16
1219,view,2024-05-07 08:40:47
1219,click,2024-05-07 08:41:05
1219,purchase,2024-05-07 08:45:08
1219,click,2024-05-07 08:45:25
1219,purchase,2024-05-07 19:14:44
1219,purchase,2024-05-07 19:16:20
1219,view,2024-05-07 19:16:51
1219,view,2024-05-07 19:17:32
1219,click,2024-05-07 19:18:03
1219,view,2024-05-07 19:18:58
1219,view,2024-05-07 19:19:10
1219,purchase,2024-05-07 19:21:21
1220,click,2024-05-03 20:46:48
1220,view,2024-05-03 20:47:49
1220,click,2024-05-03 20:49:19
1220,purchase,2024-05-03 20:49:28
1220,view,2024-05-03 20:50:56
1220,view,2024-05-03 20:51:54
1220,view,2024-05-03 20:52:10
1220,view,2024-05-03 20:54:10
1220,purchase,2024-05-03 20:54:48
1220,view,2024-05-04 10:26:42
1220,view,2024-05-04 10:28:35
1220,click,2024-05-04 10:29:23
1220,view,2024-05-04 10:29:32
1220,view,2024-05-04 10:30:48
1220,view,2024-05-04 10:31:52
1220,view,2024-05-04 10:33:52
1220,view,2024-05-04 10:34:24
1220,click,2024-05-04 10:34:49
1220,click,2024-05-04 13:24:43
1220,view,2024-05-04 13:24:52
1220,view,2024-05-04 13:24:52
1220,view,2024-05-04 13:25:36
1220,click,2024-05-04 13:25:45
1220,click,2024-05-04 13:27:59
1220,view,2024-05-04 13:29:30
1220,view,2024-05-04 13:32:51
1220,click,2024-05-04 13:33:24
1220,view,2024-05-05 14:46:55
1220,click,2024-05-05 14:47:52
1220,view,2024-05-05 14:53:02
1220,view,2024-05-05 14:53:37
1220,view,2024-05-05 20:16:13
1220,purchase,2024-05-05 20:17:17
1220,click,2024-05-05 20:17:54
1220,click,2024-05-05 20:19:50
1220,view,2024-05-05 20:20:17
1220,view,2024-05-05 20:20:52
1220,view,2024-05-05 20:21:17
1220,click,2024-05-05 20:23:14
1220,view,2024-05-05 20:23:50
1220,view,2024-05-05 21:33:05
1220,click,2024-05-05 21:37:23
1220,view,2024-05-05 21:38:37
1220,view,2024-05-06 15:38:34
1220,click,2024-05-06 15:38:53
1220,click,2024-05-06 15:39:16
1220,purchase,2024-05-06 15:43:22
1221,view,2024-05-02 07:25:16
1221,view,2024-05-02 07:26:56
1221,click,2024-05-02 07:28:25
1221,view,2024-05-02 07:31:58
1221,click,2024-05-02 07:32:07
1221,view,2024-05-02 07:34:51
1221,view,2024-05-02 22:01:31
1221,view,2024-05-02 22:02:06
1221,click,2024-05-02 22:04:00
1221,view,2024-05-02 22:05:05
1221,click,2024-05-02 22:05:58
1221,view,2024-05-02 22:07:38
1221,view,2024-05-02 22:07:42
1221,view,2024-05-02 22:08:39
1221,click,2024-05-02 22:08:40
1221,view,2024-05-03 03:33:26
1221,view,2024-05-03 03:33:44
1221,click,2024-05-03 03:35:01
1221,purchase,2024-05-03 03:38:32
1221,click,2024-05-03 03:38:42
1221,view,2024-05-04 00:53:29
1221,view,2024-05-04 00:54:22
1221,purchase,2024-05-04 00:58:20
1221,purchase,2024-05-04 00:58:43
1221,purchase,2024-05-04 01:00:28
1221,view,2024-05-04 01:01:21
1221,click,2024-05-04 01:02:53
1221,purchase,2024-05-04 10:22:12
1221,view,2024-05-04 10:23:20
1221,view,2024-05-04 10:23:54
1221,view,2024-05-04 10:24:46
1221,view,2024-05-04 10:26:58
1221,view,2024-05-04 10:28:41
1221,click,2024-05-04 10:29:05
1221,click,2024-05-04 10:29:09
1221,purchase,2024-05-04 10:29:28
1221,click,2024-05-05 12:44:55
1221,click,2024-05-05 12:46:18
1221,click,2024-05-05 12:50:29
1221,view,2024-05-05 12:50:38
1221,view,2024-05-05 12:50:54
1221,view,2024-05-05 12:52:22
1221,purchase,2024-05-06 16:36:03
1221,view,2024-05-06 16:36:33
1221,click,2024-05-06 16:38:46
1221,view,2024-05-06 16:39:04
1221,click,2024-05-06 16:41:21
1221,click,2024-05-07 08:25:03
1221,view,2024-05-07 08:26:15
1221,purchase,2024-05-07 08:27:19
1221,view,2024-05-07 08:27:20
1221,view,2024-05-07 08:29:33
1221,view,2024-05-07 13:51:01
1221,view,2024-05-07 13:51:54
1221,view,2024-05-07 13:52:01
1221,purchase,2024-05-07 13:53:27
1221,view,2024-05-07 13:53:48
1221,view,2024-05-07 13:54:21
1221,view,2024-05-07 13:55:26
1221,click,2024-05-07 13:57:15
1221,view,2024-05-07 13:58:29
1221,view,2024-05-07 20:26:13
1221,view,2024-05-07 20:26:43
1221,view,2024-05-07 20:29:48
1221,click,2024-05-07 20:30:51
1221,view,2024-05-07 20:32:06
1221,click,2024-05-07 20:32:12
1222,click,2024-05-01 01:22:25
1222,click,2024-05-01 01:23:45
1222,view,2024-05-01 01:23:52
1222,view,2024-05-01 01:24:58
1222,view,2024-05-01 01:26:16
1222,view,2024-05-01 01:27:04
1222,purchase,2024-05-01 01:29:17
1222,view,2024-05-01 01:31:04
1222,purchase,2024-05-01 01:31:35
1222,click,2024-05-01 01:38:57
1222,view,2024-05-01 01:39:36
1222,purchase,2024-05-01 01:41:16
1222,view,2024-05-01 01:41:50
1222,view,2024-05-01 01:43:24
1222,purchase,2024-05-01 01:46:08
1222,view,2024-05-02 11:17:36
1222,view,2024-05-02 11:18:34
1222,click,2024-05-02 11:19:00
1222,view,2024-05-02 11:19:58
1222,view,2024-05-02 11:20:53
1222,view,2024-05-02 11:24:28
1222,purchase,2024-05-02 11:24:48
1222,view,2024-05-03 02:20:19
1222,view,2024-05-03 02:20:32
1222,view,2024-05-03 02:22:19
1222,click,2024-05-03 02:22:35
1222,view,2024-05-03 02:23:33
1222,purchase,2024-05-03 02:25:07
1222,click,2024-05-03 22:14:15
1222,view,2024-05-03 22:16:42
1222,view,2024-05-03 22:16:51
1222,view,2024-05-03 22:16:53
1222,view,2024-05-03 22:17:57
1222,view,2024-05-03 22:20:06
1222,view,2024-05-04 03:31:03
1222,click,2024-05-04 03:36:31
1222,view,2024-05-04 03:36:48
1222,click,2024-05-04 03:37:51
1222,view,2024-05-04 03:38:47
1222,click,2024-05-04 03:39:23
1222,click,2024-05-04 03:39:41
1222,view,2024-05-04 03:39:54
1222,view,2024-05-04 21:23:33
1222,click,2024-05-04 21:24:07
1222,purchase,2024-05-04 21:25:32
1222,view,2024-05-04 21:26:50
1222,click,2024-05-04 21:28:04
1222,click,2024-05-04 21:28:06
1222,view,2024-05-04 21:28:22
1222,view,2024-05-04 21:30:29
1222,click,2024-05-04 23:11:34
1222,view,2024-05-04 23:12:30
1222,click,2024-05-04 23:12:35
1222,view,2024-05-04 23:14:09
1222,view,2024-05-04 23:17:08
1222,view,2024-05-04 23:17:38
1222,view,2024-05-04 23:20:09
1222,view,2024-05-05 03:33:05
1222,view,2024-05-05 03:33:56
1222,click,2024-05-05 03:35:03
1222,view,2024-05-05 03:36:55
1222,view,2024-05-05 03:36:59
1222,view,2024-05-05 03:38:08
1222,view,2024-05-05 03:38:52
1222,view,2024-05-05 03:39:01
1222,purchase,2024-05-05 03:39:15
1222,view,2024-05-05 05:17:00
1222,purchase,2024-05-05 05:17:51
1222,view,2024-05-05 05:21:04
1222,view,2024-05-05 05:21:27
1222,purchase,2024-05-05 05:22:20
1222,purchase,2024-05-05 05:24:38
1222,view,2024-05-06 00:04:14
1222,click,2024-05-06 00:06:44
1222,view,2024-05-06 00:09:39
1222,view,2024-05-06 00:10:17
1222,view,2024-05-06 22:02:21
1222,view,2024-05-06 22:03:16
1222,view,2024-05-06 22:04:34
1222,view,2024-05-06 22:08:19
1222,view,2024-05-06 22:09:16
1222,view,2024-05-06 22:09:31
1222,view,2024-05-06 22:09:56
1222,click,2024-05-07 06:31:14
1222,view,2024-05-07 06:31:44
1222,view,2024-05-07 06:31:47
1222,view,2024-05-07 06:31:51
1222,purchase,2024-05-07 06:31:54
1222,view,2024-05-07 06:32:59
1222,purchase,2024-05-07 06:36:20
1222,view,2024-05-07 06:36:53
1222,view,2024-05-07 06:40:21
1222,view,2024-05-07 18:19:56
1222,view,2024-05-07 18:22:25
1222,view,2024-05-07 18:24:08
1222,click,2024-05-07 18:24:19
1222,purchase,2024-05-07 18:25:00
1222,purchase,2024-05-07 18:26:06
1222,click,2024-05-07 18:26:21
1223,click,2024-05-02 14:42:18
1223,view,2024-05-02 14:44:29
1223,view,2024-05-02 14:45:00
1223,view,2024-05-02 14:47:00
1223,click,2024-05-02 14:47:35
1223,click,2024-05-02 14:49:00
1223,click,2024-05-02 14:49:11
1223,click,2024-05-03 06:55:04
1223,view,2024-05-03 06:56:06
1223,purchase,2024-05-03 06:57:01
1223,view,2024-05-03 06:57:15
1223,view,2024-05-03 13:20:50
1223,click,2024-05-03 13:22:43
1223,click,2024-05-03 13:23:30
1223,view,2024-05-03 13:23:55
1223,view,2024-05-03 13:24:05
1223,click,2024-05-03 13:25:54
1223,purchase,2024-05-03 13:28:33
1223,view,2024-05-03 13:29:53
1223,view,2024-05-04 18:52:14
1223,click,2024-05-04 18:53:27
1223,view,2024-05-04 18:53:48
1223,view,2024-05-04 18:58:11
1223,view,2024-05-04 18:59:07
1223,view,2024-05-04 21:13:17
1223,view,2024-05-04 21:14:32
1223,view,2024-05-04 21:15:23
1223,click,2024-05-04 21:18:04
1223,view,2024-05-04 21:18:19
1223,click,2024-05-04 21:18:49
1223,purchase,2024-05-04 21:19:11
1223,click,2024-05-04 21:19:47
1223,click,2024-05-04 21:20:13
1223,view,2024-05-04 21:26:32
1223,view,2024-05-04 21:27:36
1223,view,2024-05-04 21:28:31
1223,purchase,2024-05-04 21:31:01
1223,view,2024-05-05 07:14:37
1223,purchase,2024-05-05 07:15:11
1223,view,2024-05-05 07:16:36
1223,view,2024-05-05 07:21:53
1223,view,2024-05-05 07:22:10
1223,view,2024-05-05 10:45:58
1223,view,2024-05-05 10:48:14
1223,view,2024-05-05 10:50:51
1223,view,2024-05-05 10:52:28
1223,view,2024-05-05 10:53:09
1223,view,2024-05-06 05:24:42
1223,view,2024-05-06 05:26:13
1223,click,2024-05-06 05:29:50
1223,view,2024-05-06 05:30:17
1223,click,2024-05-06 05:30:46
1223,view,2024-05-06 09:47:01
1223,view,2024-05-06 09:47:20
1223,click,2024-05-06 09:48:01
1223,view,2024-05-06 09:48:14
1223,view,2024-05-06 09:48:37
1223,view,2024-05-06 09:49:08
1223,view,2024-05-06 09:52:51
1223,view,2024-05-06 09:52:56
1223,click,2024-05-06 09:55:44
1223,click,2024-05-07 15:16:14
1223,purchase,2024-05-07 15:16:33
1223,view,2024-05-07 15:19:37
1223,view,2024-05-07 15:20:23
1223,view,2024-05-07 15:22:42
1223,view,2024-05-07 15:23:45
1223,click,2024-05-07 17:05:55
1223,view,2024-05-07 17:08:02
1223,view,2024-05-07 17:09:58
1223,view,2024-05-07 17:12:47
1223,view,2024-05-07 21:19:37
1223,view,2024-05-07 21:19:43
1223,view,2024-05-07 21:21:57
1223,click,2024-05-07 21:22:09
1223,view,2024-05-07 21:22:54
1223,click,2024-05-07 21:25:33
1223,view,2024-05-07 21:26:18
1223,purchase,2024-05-07 21:27:26
1223,purchase,2024-05-07 21:27:53
1224,click,2024-05-01 17:50:46
1224,click,2024-05-01 17:54:31
1224,click,2024-05-01 17:55:23
1224,view,2024-05-01 17:55:44
1224,purchase,2024-05-01 17:57:36
1224,view,2024-05-01 18:02:01
1224,view,2024-05-01 18:03:41
1224,view,2024-05-01 20:23:25
1224,click,2024-05-01 20:24:49
1224,view,2024-05-01 20:24:53
1224,view,2024-05-01 20:30:46
1224,view,2024-05-01 20:30:57
1224,view,2024-05-01 22:21:05
1224,view,2024-05-01 22:22:38
1224,click,2024-05-01 22:22:47
1224,view,2024-05-01 22:22:49
1224,view,2024-05-01 22:23:43
1224,view,2024-05-01 22:24:50
1224,view,2024-05-01 22:27:20
1224,view,2024-05-01 22:27:28
1224,click,2024-05-01 22:29:50
1224,click,2024-05-03 01:34:09
1224,view,2024-05-03 01:34:30
1224,view,2024-05-03 01:37:29
1224,view,2024-05-03 01:38:09
1224,view,2024-05-03 01:41:00
1224,view,2024-05-03 01:41:55
1224,view,2024-05-03 01:42:28
1224,view,2024-05-03 08:14:14
1224,view,2024-05-03 08:14:59
1224,click,2024-05-03 08:19:32
1224,view,2024-05-03 08:19:33
1224,purchase,2024-05-03 08:20:03
1224,purchase,2024-05-04 16:14:18
1224,view,2024-05-04 16:16:34
1224,click,2024-05-04 16:18:21
1224,purchase,2024-05-04 16:18:30
1224,click,2024-05-04 16:19:41
1224,view,2024-05-04 16:20:25
1224,view,2024-05-04 23:07:55
1224,view,2024-05-04 23:07:57
1224,click,2024-05-04 23:08:53
1224,view,2024-05-04 23:10:24
1224,click,2024-05-04 23:14:59
1224,view,2024-05-05 12:19:41
1224,view,2024-05-05 12:20:21
1224,view,2024-05-05 12:21:02
1224,click,2024-05-05 12:23:31
1224,view,2024-05-06 15:21:23
1224,view,2024-05-06 15:21:36
1224,view,2024-05-06 15:22:55
1224,click,2024-05-06 15:28:49
1224,view,2024-05-06 15:29:00
1224,click,2024-05-06 15:29:34
1225,click,2024-05-01 08:55:01
1225,click,2024-05-01 08:56:27
1225,view,2024-05-01 08:56:57
1225,view,2024-05-01 08:57:40
1225,click,2024-05-01 08:57:50
1225,view,2024-05-01 09:02:25
1225,click,2024-05-01 09:03:35
1225,view,2024-05-01 14:03:45
1225,view,2024-05-01 14:05:14
1225,click,2024-05-01 14:07:07
1225,click,2024-05-02 03:18:02
1225,view,2024-05-02 03:19:54
1225,view,2024-05-02 03:21:13
1225,purchase,2024-05-02 03:21:25
1225,view,2024-05-02 03:22:24
1225,view,2024-05-02 03:25:19
1225,view,2024-05-02 03:27:08
1225,click,2024-05-02 03:28:42
1225,view,2024-05-02 03:29:18
1225,purchase,2024-05-02 03:30:39
1225,view,2024-05-02 12:16:19
1225,purchase,2024-05-02 12:17:08
1225,click,2024-05-02 12:20:10
1225,view,2024-05-02 12:22:42
1225,view,2024-05-02 12:24:09
1225,click,2024-05-02 12:24:43
1225,view,2024-05-02 12:25:52
1225,click,2024-05-02 13:31:06
1225,purchase,2024-05-02 13:31:57
1225,click,2024-05-02 13:32:11
1225,click,2024-05-02 13:32:30
1225,click,2024-05-02 13:36:14
1225,view,2024-05-03 13:14:11
1225,view,2024-05-03 13:14:57
1225,view,2024-05-03 13:15:09
1225,purchase,2024-05-03 13:16:57
1225,view,2024-05-03 13:20:00
1225,view,2024-05-03 13:20:09
1225,click,2024-05-03 13:20:30
1225,view,2024-05-03 13:20:42
1225,view,2024-05-03 18:32:02
1225,purchase,2024-05-03 18:32:08
1225,click,2024-05-03 18:32:50
1225,view,2024-05-04 12:02:44
1225,click,2024-05-04 12:03:19
1225,view,2024-05-04 12:06:24
1225,view,2024-05-04 12:08:58
1225,click,2024-05-04 17:58:21
1225,view,2024-05-04 17:58:24
1225,view,2024-05-04 18:03:38
1225,view,2024-05-04 18:06:05
1225,click,2024-05-04 18:06:39
1225,view,2024-05-04 18:06:48
1225,view,2024-05-04 18:06:53
1225,click,2024-05-04 19:07:29
1225,view,2024-05-04 19:08:03
1225,view,2024-05-04 19:09:39
1225,view,2024-05-04 19:12:37
1225,view,2024-05-04 19:12:37
1225,click,2024-05-04 19:13:00
1225,click,2024-05-04 19:13:18
1225,purchase,2024-05-05 13:44:35
1225,view,2024-05-05 13:45:51
1225,view,2024-05-05 13:46:28
1225,view,2024-05-05 13:47:46
1225,view,2024-05-05 13:49:15
1225,click,2024-05-05 13:51:10
1225,view,2024-05-05 15:58:15
1225,view,2024-05-05 15:58:42
1225,view,2024-05-05 15:58:52
1225,view,2024-05-05 15:58:58
1225,purchase,2024-05-05 15:59:35
1225,purchase,2024-05-05 16:02:57
1225,click,2024-05-05 16:02:57
1225,view,2024-05-05 16:05:28
1225,view,2024-05-05 16:07:06
1226,view,2024-05-01 06:19:20
1226,view,2024-05-01 06:19:53
1226,view,2024-05-01 06:23:38
1226,click,2024-05-02 01:09:45
1226,view,2024-05-02 01:11:40
1226,view,2024-05-02 01:12:12
1226,view,2024-05-02 01:12:41
1226,view,2024-05-02 01:13:35
1226,view,2024-05-02 01:14:06
1226,view,2024-05-02 01:15:00
1226,view,2024-05-02 01:16:00
1226,view,2024-05-02 01:17:24
1226,view,2024-05-02 01:51:40
1226,view,2024-05-02 01:52:04
1226,click,2024-05-02 01:52:58
1226,view,2024-05-02 01:53:07
1226,purchase,2024-05-02 01:54:05
1226,click,2024-05-02 01:56:33
1226,view,2024-05-02 04:56:38
1226,view,2024-05-02 05:02:41
1226,view,2024-05-02 05:02:48
1226,view,2024-05-02 06:07:44
1226,view,2024-05-02 06:07:53
1226,view,2024-05-02 06:08:07
1226,view,2024-05-02 06:08:15
1226,view,2024-05-02 06:08:53
1226,view,2024-05-02 06:09:49
1226,view,2024-05-02 06:10:12
1226,view,2024-05-02 06:11:09
1226,purchase,2024-05-02 06:11:59
1226,view,2024-05-02 06:12:25
1226,view,2024-05-02 06:12:52
1226,view,2024-05-02 06:12:58
1226,view,2024-05-02 06:13:21
1226,view,2024-05-02 06:13:42
1226,view,2024-05-02 06:16:00
1226,view,2024-05-02 13:33:44
1226,view,2024-05-02 13:34:43
1226,view,2024-05-02 13:39:13
1226,click,2024-05-02 16:11:23
1226,view,2024-05-02 16:13:21
1226,view,2024-05-02 16:13:49
1226,view,2024-05-02 16:14:14
1226,click,2024-05-02 16:18:18
1226,view,2024-05-02 16:19:40
1226,view,2024-05-03 11:54:40
1226,click,2024-05-03 11:56:32
1226,view,2024-05-03 11:56:44
1226,view,2024-05-03 11:57:33
1226,view,2024-05-03 11:58:58
1226,view,2024-05-03 12:00:11
1226,view,2024-05-03 12:00:13
1226,view,2024-05-03 12:02:29
1226,click,2024-05-04 03:11:36
1226,view,2024-05-04 03:18:14
1226,view,2024-05-04 03:18:15
1226,view,2024-05-04 03:20:38
1226,view,2024-05-04 16:26:11
1226,view,2024-05-04 16:29:25
1226,view,2024-05-04 16:29:47
1226,view,2024-05-04 16:32:53
1226,click,2024-05-04 16:34:46
1226,view,2024-05-04 16:35:26
1226,view,2024-05-05 05:38:29
1226,click,2024-05-05 05:39:29
1226,purchase,2024-05-05 05:40:51
1226,view,2024-05-05 05:40:52
1226,view,2024-05-05 05:41:44
1226,view,2024-05-05 05:42:45
1226,view,2024-05-05 05:43:09
1226,view,2024-05-05 05:46:15
1226,click,2024-05-05 16:23:51
1226,view,2024-05-05 16:24:49
1226,view,2024-05-05 16:25:00
1226,purchase,2024-05-05 16:25:43
1226,click,2024-05-05 16:26:37
1226,purchase,2024-05-05 16:28:02
1226,view,2024-05-05 16:28:58
1226,click,2024-05-05 16:29:53
1226,view,2024-05-05 16:30:40
1226,view,2024-05-06 04:58:17
1226,view,2024-05-06 04:59:25
1226,view,2024-05-06 05:03:09
1226,view,2024-05-06 05:03:11
1226,view,2024-05-06 05:06:41
1226,click,2024-05-06 07:03:15
1226,purchase,2024-05-06 07:08:18
1226,view,2024-05-06 07:08:49
1226,view,2024-05-07 03:09:55
1226,click,2024-05-07 03:10:32
1226,view,2024-05-07 03:11:39
1226,view,2024-05-07 03:12:53
1226,view,2024-05-07 03:14:35
1226,click,2024-05-07 03:17:06
1226,view,2024-05-07 03:17:17
1226,view,2024-05-07 19:50:35
1226,view,2024-05-07 19:52:32
1226,view,2024-05-07 19:55:21
1226,view,2024-05-07 19:55:47
1227,purchase,2024-05-02 01:56:45
1227,view,2024-05-02 02:00:03
1227,click,2024-05-02 02:03:24
1227,view,2024-05-02 10:10:10
1227,view,2024-05-02 10:13:44
1227,view,2024-05-02 10:14:38
1227,purchase,2024-05-02 10:17:06
1227,view,2024-05-02 10:54:40
1227,click,2024-05-02 10:55:29
1227,view,2024-05-02 11:00:02
1227,view,2024-05-02 11:00:11
1227,view,2024-05-02 11:02:34
1227,click,2024-05-02 19:01:30
1227,view,2024-05-02 19:02:19
1227,view,2024-05-02 19:03:06
1227,view,2024-05-02 19:03:25
1227,purchase,2024-05-02 19:05:54
1227,purchase,2024-05-02 19:07:02
1227,view,2024-05-02 19:07:56
1227,view,2024-05-02 19:08:07
1227,view,2024-05-02 20:48:32
1227,click,2024-05-02 20:50:17
1227,view,2024-05-02 20:56:13
1227,view,2024-05-03 16:48:24
1227,view,2024-05-03 16:49:01
1227,view,2024-05-03 16:50:00
1227,purchase,2024-05-03 16:54:25
1227,view,2024-05-05 17:54:46
1227,purchase,2024-05-05 17:55:43
1227,purchase,2024-05-05 17:56:45
1227,view,2024-05-05 17:57:39
1227,view,2024-05-05 18:00:13
1227,click,2024-05-05 18:00:20
1227,purchase,2024-05-05 18:01:07
1227,click,2024-05-05 18:01:47
1227,click,2024-05-05 18:02:25
1227,view,2024-05-06 22:06:11
1227,click,2024-05-06 22:06:54
1227,click,2024-05-06 22:07:24
1227,view,2024-05-06 22:08:05
1227,purchase,2024-05-06 22:08:23
1227,view,2024-05-06 22:10:53
1227,click,2024-05-06 22:11:15
1227,view,2024-05-07 18:32:26
1227,click,2024-05-07 18:37:58
1227,view,2024-05-07 18:40:00
1227,view,2024-05-07 18:40:11
1227,view,2024-05-07 20:44:46
1227,purchase,2024-05-07 20:44:59
1227,purchase,2024-05-07 20:46:04
1227,view,2024-05-07 20:46:56
1227,view,2024-05-07 20:47:05
1227,view,2024-05-07 20:47:36
1227,view,2024-05-07 20:50:44
1228,view,2024-05-01 09:32:32
1228,purchase,2024-05-01 09:34:45
1228,click,2024-05-01 09:35:23
1228,purchase,2024-05-02 07:24:55
1228,view,2024-05-02 07:25:47
1228,view,2024-05-02 07:28:30
1228,purchase,2024-05-02 07:28:42
1228,view,2024-05-02 07:30:03
1228,view,2024-05-02 07:30:17
1228,click,2024-05-02 07:30:38
1228,click,2024-05-02 07:31:06
1228,click,2024-05-02 15:10:49
1228,click,2024-05-02 15:13:53
1228,view,2024-05-02 15:14:10
1228,view,2024-05-02 15:14:26
1228,view,2024-05-02 15:14:38
1228,click,2024-05-02 15:14:59
1228,click,2024-05-02 15:16:20
1228,click,2024-05-02 15:17:01
1228,view,2024-05-02 15:17:53
1228,view,2024-05-03 02:50:01
1228,view,2024-05-03 02:53:17
1228,view,2024-05-03 02:54:06
1228,view,2024-05-03 02:54:32
1228,view,2024-05-03 02:54:42
1228,view,2024-05-03 02:54:56
1228,view,2024-05-03 05:59:29
1228,purchase,2024-05-03 05:59:39
1228,view,2024-05-03 06:00:47
1228,purchase,2024-05-03 06:02:47
1228,view,2024-05-03 06:05:03
1228,view,2024-05-03 06:08:07
1228,click,2024-05-03 06:08:19
1228,click,2024-05-03 18:03:13
1228,view,2024-05-03 18:05:29
1228,click,2024-05-03 18:05:38
1228,click,2024-05-03 18:07:11
1228,view,2024-05-03 18:07:50
1228,view,2024-05-03 18:09:17
1228,click,2024-05-03 18:09:44
1228,click,2024-05-03 18:11:13
1228,view,2024-05-04 22:27:10
1228,view,2024-05-04 22:28:21
1228,view,2024-05-04 22:31:57
1228,view,2024-05-04 22:32:03
1228,view,2024-05-04 22:35:28
1228,view,2024-05-04 22:35:47
1228,view,2024-05-05 01:24:20
1228,click,2024-05-05 01:24:33
1228,view,2024-05-05 01:24:34
1228,click,2024-05-05 01:26:45
1228,view,2024-05-05 01:30:06
1228,view,2024-05-05 11:22:21
1228,view,2024-05-05 11:24:19
1228,view,2024-05-05 11:27:50
1228,click,2024-05-05 12:53:30
1228,purchase,2024-05-05 12:56:19
1228,view,2024-05-05 12:57:11
1228,view,2024-05-05 12:59:25
1228,view,2024-05-05 13:00:00
1228,view,2024-05-05 13:00:30
1228,click,2024-05-06 17:57:45
1228,view,2024-05-06 17:58:26
1228,view,2024-05-06 17:59:55
1228,view,2024-05-06 18:01:54
1228,click,2024-05-06 18:02:21
1228,view,2024-05-06 18:03:47
1228,click,2024-05-06 18:04:00
1228,view,2024-05-06 18:05:08
1228,click,2024-05-06 18:05:52
1228,view,2024-05-07 11:13:05
1228,view,2024-05-07 11:13:31
1228,click,2024-05-07 11:14:36
1228,click,2024-05-07 11:18:34
1228,view,2024-05-07 11:19:07
1228,view,2024-05-07 11:20:31
1228,view,2024-05-07 11:20:47
1228,view,2024-05-07 22:25:51
1228,click,2024-05-07 22:26:02
1228,view,2024-05-07 22:29:01
1228,click,2024-05-07 22:29:43
1228,view,2024-05-07 22:30:11
1228,view,2024-05-07 22:31:50
1228,view,2024-05-07 22:32:29
1228,view,2024-05-07 22:34:04
1229,view,2024-05-02 05:14:43
1229,click,2024-05-02 05:15:06
1229,view,2024-05-02 05:15:09
1229,click,2024-05-02 05:16:21
1229,view,2024-05-02 05:18:36
1229,view,2024-05-02 05:21:01
1229,view,2024-05-02 05:22:12
1229,view,2024-05-02 18:09:22
1229,click,2024-05-02 18:12:09
1229,view,2024-05-02 18:15:22
1229,purchase,2024-05-02 18:16:07
1229,purchase,2024-05-02 18:17:39
1229,purchase,2024-05-02 20:46:00
1229,click,2024-05-02 20:47:20
1229,click,2024-05-02 20:48:43
1229,view,2024-05-02 20:49:04
1229,click,2024-05-02 20:49:32
1229,view,2024-05-02 20:51:29
1229,view,2024-05-02 20:52:43
1229,view,2024-05-02 20:53:39
1229,view,2024-05-02 20:53:39
1229,view,2024-05-06 12:27:18
1229,view,2024-05-06 12:28:39
1229,view,2024-05-06 12:32:21
1229,view,2024-05-06 12:35:04
1229,view,2024-05-07 02:16:58
1229,click,2024-05-07 02:17:53
1229,purchase,2024-05-07 02:21:07
1230,click,2024-05-01 03:10:07
1230,view,2024-05-01 03:11:16
1230,view,2024-05-01 03:12:44
1230,view,2024-05-01 18:43:16
1230,view,2024-05-01 18:43:18
1230,purchase,2024-05-01 18:46:24
1230,purchase,2024-05-01 18:48:42
1230,view,2024-05-01 18:50:35
1230,view,2024-05-01 18:50:52
1230,view,2024-05-01 22:34:42
1230,click,2024-05-01 22:35:54
1230,view,2024-05-01 22:36:35
1230,view,2024-05-01 22:36:43
1230,purchase,2024-05-01 22:41:42
1230,click,2024-05-01 22:42:37
1230,purchase,2024-05-02 10:40:47
1230,click,2024-05-02 10:42:27
1230,click,2024-05-02 10:42:39
1230,click,2024-05-02 10:43:02
1230,purchase,2024-05-02 10:46:53
1230,view,2024-05-02 10:46:57
1230,view,2024-05-02 10:47:22
1230,click,2024-05-02 10:49:42
1230,purchase,2024-05-02 15:50:20
1230,view,2024-05-02 15:50:48
1230,view,2024-05-02 15:51:51
1230,purchase,2024-05-02 15:51:58
1230,click,2024-05-02 15:52:06
1230,view,2024-05-02 15:52:53
1230,view,2024-05-02 15:55:34
1230,view,2024-05-02 15:58:28
1230,click,2024-05-02 16:47:24
1230,click,2024-05-02 16:47:39
1230,click,2024-05-02 16:47:57
1230,view,2024-05-02 16:49:09
1230,click,2024-05-02 16:50:47
1230,view,2024-05-02 16:51:13
1230,click,2024-05-02 16:51:26
1230,view,2024-05-02 16:52:21
1230,view,2024-05-04 05:57:18
1230,click,2024-05-04 06:00:44
1230,click,2024-05-04 06:02:43
1230,view,2024-05-04 06:04:52
1230,click,2024-05-04 06:06:44
1230,view,2024-05-04 10:22:34
1230,view,2024-05-04 10:23:39
1230,purchase,2024-05-04 10:24:10
1230,click,2024-05-04 22:28:00
1230,purchase,2024-05-04 22:28:03
1230,view,2024-05-04 22:29:05
1230,purchase,2024-05-05 19:20:54
1230,view,2024-05-05 19:20:57
1230,click,2024-05-05 19:21:34
1230,click,2024-05-05 19:21:44
1230,view,2024-05-05 19:22:32
1230,view,2024-05-05 19:23:39
1230,purchase,2024-05-05 19:27:44
1230,click,2024-05-05 19:29:25
1230,view,2024-05-06 05:57:22
1230,view,2024-05-06 05:58:16
1230,purchase,2024-05-06 05:58:30
1230,view,2024-05-06 06:01:19
1230,click,2024-05-06 06:02:42
1230,view,2024-05-06 06:04:28
1230,view,2024-05-06 22:10:12
1230,click,2024-05-06 22:11:13
1230,view,2024-05-06 22:16:24
1230,view,2024-05-06 22:17:52
1230,view,2024-05-07 21:20:29
1230,click,2024-05-07 21:21:56
1230,view,2024-05-07 21:22:09
1230,view,2024-05-07 21:25:54
1231,view,2024-05-03 12:27:40
1231,click,2024-05-03 12:27:41
1231,click,2024-05-03 12:29:43
1231,click,2024-05-03 12:30:37
1231,view,2024-05-03 12:34:13
1231,view,2024-05-03 12:35:02
1231,view,2024-05-04 03:35:34
1231,view,2024-05-04 03:39:06
1231,purchase,2024-05-04 03:40:07
1231,view,2024-05-04 11:31:37
1231,view,2024-05-04 11:33:04
1231,purchase,2024-05-04 11:33:49
1231,view,2024-05-04 11:33:49
1231,click,2024-05-04 11:38:42
1231,view,2024-05-05 08:47:13
1231,click,2024-05-05 08:48:16
1231,click,2024-05-05 08:49:32
1231,view,2024-05-05 08:51:20
1231,view,2024-05-05 08:51:22
1231,click,2024-05-05 08:52:12
1231,view,2024-05-05 08:54:23
1231,view,2024-05-05 08:56:37
1231,purchase,2024-05-05 15:06:13
1231,purchase,2024-05-05 15:10:25
1231,view,2024-05-05 15:11:24
1231,click,2024-05-06 01:18:13
1231,click,2024-05-06 01:18:22
1231,view,2024-05-06 01:20:49
1231,click,2024-05-06 01:21:03
1231,view,2024-05-06 01:22:04
1231,view,2024-05-06 12:52:35
1231,click,2024-05-06 12:54:37
1231,click,2024-05-06 12:54:47
1231,view,2024-05-06 12:55:18
1231,view,2024-05-06 12:55:20
1231,purchase,2024-05-06 12:55:52
1231,view,2024-05-06 12:56:37
1231,view,2024-05-06 12:56:43
1231,click,2024-05-06 12:59:52
1231,view,2024-05-07 04:25:33
1231,view,2024-05-07 04:26:39
1231,view,2024-05-07 04:27:34
1231,click,2024-05-07 04:28:30
1231,purchase,2024-05-07 04:30:10
1231,view,2024-05-07 04:31:53
1231,click,2024-05-07 04:31:59
1231,click,2024-05-07 12:09:49
1231,view,2024-05-07 12:10:48
1231,purchase,2024-05-07 12:12:10
1231,click,2024-05-07 12:13:13
1231,view,2024-05-07 12:13:48
1231,click,2024-05-07 12:14:27
1231,view,2024-05-07 12:18:37
1231,click,2024-05-07 12:18:55
1232,view,2024-05-01 05:35:03
1232,view,2024-05-01 05:35:37
1232,view,2024-05-01 05:36:04
1232,view,2024-05-01 05:39:31
1232,view,2024-05-01 05:42:37
1232,view,2024-05-01 17:33:37
1232,click,2024-05-01 17:34:19
1232,view,2024-05-01 17:36:07
1232,view,2024-05-01 17:36:34
1232,click,2024-05-01 17:36:41
1232,view,2024-05-01 17:37:40
1232,view,2024-05-01 17:37:56
1232,view,2024-05-01 17:41:14
1232,purchase,2024-05-01 17:41:46
1232,view,2024-05-02 14:50:30
1232,view,2024-05-02 14:50:33
1232,click,2024-05-02 14:50:55
1232,view,2024-05-02 14:51:06
1232,view,2024-05-02 14:52:40
1232,click,2024-05-02 14:53:01
1232,view,2024-05-02 14:54:27
1232,view,2024-05-02 14:56:49
1232,view,2024-05-02 14:58:58
1232,click,2024-05-03 02:21:09
1232,view,2024-05-03 02:26:55
1232,view,2024-05-03 02:27:19
1232,click,2024-05-03 08:00:15
1232,purchase,2024-05-03 08:01:10
1232,view,2024-05-03 08:04:09
1232,view,2024-05-03 08:05:35
1232,click,2024-05-03 10:28:14
1232,view,2024-05-03 10:28:40
1232,view,2024-05-03 10:28:59
1232,click,2024-05-03 10:29:10
1232,view,2024-05-03 10:29:36
1232,view,2024-05-03 10:31:16
1232,click,2024-05-03 10:31:41
1232,click,2024-05-03 10:35:49
1232,view,2024-05-03 10:37:06
1232,click,2024-05-03 19:51:44
1232,view,2024-05-03 19:52:22
1232,view,2024-05-03 19:52:46
1232,view,2024-05-03 19:55:17
1232,click,2024-05-03 19:57:15
1232,view,2024-05-04 07:08:12
1232,view,2024-05-04 07:08:35
1232,view,2024-05-04 07:09:22
1232,click,2024-05-04 07:11:50
1232,click,2024-05-04 16:45:30
1232,purchase,2024-05-04 16:45:32
1232,view,2024-05-04 16:49:09
1232,view,2024-05-04 16:54:23
1232,click,2024-05-04 16:54:32
1232,view,2024-05-05 05:44:36
1232,click,2024-05-05 05:48:47
1232,view,2024-05-05 05:49:08
1232,click,2024-05-05 05:49:18
1232,click,2024-05-05 05:53:51
1232,view,2024-05-05 14:35:17
1232,purchase,2024-05-05 14:36:41
1232,purchase,2024-05-05 14:37:39
1232,view,2024-05-05 14:38:54
1232,click,2024-05-05 14:40:17
1232,view,2024-05-05 14:41:05
1232,click,2024-05-05 14:41:45
1232,view,2024-05-05 14:42:05
1232,purchase,2024-05-05 14:42:38
1232,click,2024-05-05 15:29:16
1232,click,2024-05-05 15:29:41
1232,view,2024-05-05 15:31:47
1232,purchase,2024-05-05 15:52:56
1232,view,2024-05-05 15:53:49
1232,view,2024-05-05 15:59:24
1232,view,2024-05-05 15:59:38
1232,view,2024-05-05 16:00:35
1232,click,2024-05-06 22:28:45
1232,view,2024-05-06 22:29:46
1232,click,2024-05-06 22:34:58
1232,click,2024-05-06 22:35:40
1232,click,2024-05-06 22:36:04
1232,view,2024-05-06 22:36:06
1232,purchase,2024-05-06 22:36:20
1232,view,2024-05-06 22:36:41
1232,click,2024-05-07 15:43:05
1232,view,2024-05-07 15:43:39
1232,click,2024-05-07 15:46:53
1232,view,2024-05-07 15:47:06
1232,purchase,2024-05-07 15:48:45
1233,click,2024-05-01 08:37:02
1233,view,2024-05-01 08:40:51
1233,view,2024-05-01 08:41:32
1233,view,2024-05-01 08:42:19
1233,view,2024-05-02 06:55:29
1233,view,2024-05-02 06:56:16
1233,purchase,2024-05-02 06:56:55
1233,view,2024-05-02 06:57:24
1233,click,2024-05-02 06:57:29
1233,view,2024-05-02 06:59:04
1233,view,2024-05-02 07:00:08
1233,view,2024-05-02 07:01:20
1233,view,2024-05-06 12:37:49
1233,view,2024-05-06 12:39:33
1233,view,2024-05-06 12:40:20
1233,purchase,2024-05-06 12:44:27
1233,view,2024-05-06 12:44:49
1233,view,2024-05-06 12:44:54
1233,view,2024-05-06 12:45:54
1233,view,2024-05-06 12:46:51
1233,view,2024-05-06 17:27:52
1233,view,2024-05-06 17:28:31
1233,view,2024-05-06 17:29:05
1233,view,2024-05-06 17:29:37
1233,click,2024-05-06 17:31:45
1233,click,2024-05-06 17:33:51
1233,view,2024-05-06 17:35:04
1233,view,2024-05-06 17:35:13
1233,view,2024-05-06 17:35:47
1233,view,2024-05-06 23:41:59
1233,view,2024-05-06 23:43:37
1233,view,2024-05-06 23:44:05
1233,click,2024-05-06 23:44:41
1233,purchase,2024-05-06 23:44:48
1233,view,2024-05-06 23:46:46
1233,view,2024-05-06 23:47:34
1233,view,2024-05-06 23:48:02
1233,purchase,2024-05-07 10:50:52
1233,view,2024-05-07 10:51:25
1233,click,2024-05-07 10:51:34
1233,click,2024-05-07 10:54:32
1233,view,2024-05-07 10:56:47
1233,click,2024-05-07 10:56:50
1234,purchase,2024-05-01 18:11:18
1234,view,2024-05-01 18:17:58
1234,view,2024-05-01 18:18:02
1234,view,2024-05-01 19:34:10
1234,view,2024-05-01 19:34:46
1234,view,2024-05-01 19:35:50
1234,purchase,2024-05-01 19:36:07
1234,view,2024-05-01 19:39:32
1234,view,2024-05-01 19:40:08
1234,click,2024-05-01 19:41:08
1234,view,2024-05-01 19:43:06
1234,view,2024-05-01 19:43:15
1234,view,2024-05-03 04:39:42
1234,view,2024-05-03 04:42:50
1234,purchase,2024-05-03 04:42:58
1234,click,2024-05-03 04:44:44
1234,click,2024-05-03 04:48:47
1234,view,2024-05-03 11:26:08
1234,view,2024-05-03 11:26:30
1234,view,2024-05-03 11:27:24
1234,click,2024-05-03 11:29:45
1234,view,2024-05-06 15:33:57
1234,click,2024-05-06 15:34:39
1234,click,2024-05-06 15:35:29
1234,purchase,2024-05-06 15:36:16
1234,view,2024-05-06 15:38:39
1234,view,2024-05-06 15:39:43
1234,click,2024-05-06 15:40:07
1234,view,2024-05-06 15:40:41
1234,view,2024-05-06 15:42:27
1234,click,2024-05-06 15:42:32
1235,view,2024-05-01 11:42:05
1235,view,2024-05-01 11:43:43
1235,purchase,2024-05-01 11:44:12
1235,view,2024-05-01 11:44:20
1235,view,2024-05-01 11:44:35
1235,view,2024-05-01 11:45:35
1235,click,2024-05-01 11:47:24
1235,click,2024-05-01 17:35:33
1235,purchase,2024-05-01 17:39:27
1235,click,2024-05-01 17:40:25
1235,view,2024-05-01 17:40:57
1235,click,2024-05-01 17:42:42
1235,click,2024-05-01 17:44:44
1235,click,2024-05-01 17:44:59
1235,click,2024-05-02 14:55:34
1235,view,2024-05-02 14:56:11
1235,click,2024-05-02 14:56:30
1235,view,2024-05-02 14:58:34
1235,view,2024-05-02 14:59:25
1235,view,2024-05-02 20:04:07
1235,view,2024-05-02 20:04:14
1235,click,2024-05-02 20:04:15
1235,view,2024-05-02 20:04:48
1235,purchase,2024-05-02 20:09:23
1235,click,2024-05-02 20:10:21
1235,click,2024-05-02 20:10:51
1235,purchase,2024-05-03 08:55:57
1235,purchase,2024-05-03 08:56:05
1235,purchase,2024-05-03 08:59:40
1235,view,2024-05-03 09:00:46
1235,view,2024-05-03 18:46:35
1235,view,2024-05-03 18:47:50
1235,view,2024-05-03 18:49:16
1235,click,2024-05-03 18:49:57
1235,view,2024-05-03 18:51:32
1235,click,2024-05-03 18:51:53
1235,click,2024-05-03 18:52:53
1235,view,2024-05-03 18:53:24
1235,view,2024-05-03 18:53:51
1235,view,2024-05-03 23:04:16
1235,view,2024-05-03 23:04:28
1235,view,2024-05-03 23:05:10
1235,view,2024-05-03 23:05:43
1235,click,2024-05-03 23:08:22
1235,click,2024-05-03 23:09:58
1235,view,2024-05-03 23:11:53
1235,purchase,2024-05-03 23:13:17
1235,view,2024-05-03 23:13:18
1235,click,2024-05-03 23:46:30
1235,view,2024-05-03 23:46:51
1235,click,2024-05-03 23:47:54
1235,view,2024-05-03 23:52:26
1235,click,2024-05-03 23:52:26
1235,click,2024-05-03 23:52:50
1235,view,2024-05-06 04:12:22
1235,click,2024-05-06 04:12:40
1235,view,2024-05-06 04:13:23
1235,view,2024-05-06 04:14:00
1235,view,2024-05-06 04:14:33
1235,click,2024-05-06 04:14:59
1235,view,2024-05-06 04:16:13
1235,click,2024-05-06 04:17:27
1235,click,2024-05-07 00:37:51
1235,view,2024-05-07 00:38:18
1235,view,2024-05-07 00:38:44
1235,click,2024-05-07 00:41:07
1236,click,2024-05-01 02:17:14
1236,purchase,2024-05-01 02:17:44
1236,view,2024-05-01 02:18:16
1236,view,2024-05-01 02:19:37
1236,view,2024-05-01 02:20:03
1236,purchase,2024-05-01 02:20:35
1236,view,2024-05-01 02:21:24
1236,view,2024-05-01 10:54:58
1236,view,2024-05-01 11:00:42
1236,view,2024-05-01 11:02:41
1236,view,2024-05-02 08:46:32
1236,click,2024-05-02 08:47:32
1236,click,2024-05-02 08:48:39
1236,click,2024-05-02 08:48:56
1236,view,2024-05-02 08:49:19
1236,view,2024-05-02 08:52:40
1236,view,2024-05-02 08:55:22
1236,click,2024-05-03 02:29:47
1236,click,2024-05-03 02:31:52
1236,purchase,2024-05-03 02:34:21
1236,click,2024-05-03 02:34:29
1236,click,2024-05-03 02:34:54
1236,view,2024-05-03 02:35:31
1236,click,2024-05-03 02:36:50
1236,view,2024-05-03 02:38:36
1236,view,2024-05-03 19:20:31
1236,click,2024-05-03 19:22:24
1236,click,2024-05-03 19:23:06
1236,view,2024-05-03 23:21:56
1236,view,2024-05-03 23:23:20
1236,view,2024-05-03 23:23:32
1236,view,2024-05-03 23:27:38
1236,view,2024-05-03 23:28:13
1236,click,2024-05-04 05:53:22
1236,view,2024-05-04 05:54:50
1236,view,2024-05-04 05:56:50
1236,view,2024-05-04 05:59:13
1236,view,2024-05-04 05:59:47
1236,click,2024-05-04 06:00:00
1236,click,2024-05-04 06:00:39
1236,click,2024-05-04 12:05:22
1236,click,2024-05-04 12:08:12
1236,click,2024-05-04 12:11:27
1236,view,2024-05-04 12:11:28
1236,purchase,2024-05-06 00:44:17
1236,view,2024-05-06 00:45:28
1236,purchase,2024-05-06 00:49:39
1236,view,2024-05-07 01:32:42
1236,click,2024-05-07 01:35:09
1236,click,2024-05-07 01:36:52
1236,click,2024-05-07 01:37:17
1236,view,2024-05-07 01:39:19
1236,view,2024-05-07 08:39:12
1236,view,2024-05-07 08:40:32
1236,view,2024-05-07 08:40:32
1236,view,2024-05-07 08:40:56
1236,click,2024-05-07 08:43:10
1236,purchase,2024-05-07 08:44:04
1236,view,2024-05-07 08:44:55
1236,view,2024-05-07 08:45:49
1237,view,2024-05-01 03:03:59
1237,view,2024-05-01 03:05:37
1237,purchase,2024-05-01 03:07:24
1237,click,2024-05-01 03:07:50
1237,click,2024-05-01 05:07:10
1237,click,2024-05-01 05:08:26
1237,click,2024-05-01 05:08:40
1237,view,2024-05-01 05:08:43
1237,click,2024-05-01 05:09:06
1237,click,2024-05-01 05:09:33
1237,view,2024-05-01 05:12:15
1237,view,2024-05-01 05:12:47
1237,view,2024-05-01 05:14:27
1237,view,2024-05-02 04:09:48
1237,view,2024-05-02 04:14:05
1237,view,2024-05-02 04:14:55
1237,view,2024-05-03 05:05:49
1237,click,2024-05-03 05:06:23
1237,view,2024-05-03 05:06:52
1237,view,2024-05-03 05:08:51
1237,view,2024-05-03 05:09:33
1237,view,2024-05-03 05:09:49
1237,click,2024-05-03 05:09:53
1237,click,2024-05-03 05:11:50
1237,view,2024-05-03 05:12:22
1237,view,2024-05-03 14:52:33
1237,view,2024-05-03 14:53:50
1237,view,2024-05-03 14:55:56
1237,click,2024-05-05 08:33:29
1237,view,2024-05-05 08:34:34
1237,view,2024-05-05 08:38:55
1237,view,2024-05-05 08:40:24
1237,view,2024-05-06 21:50:40
1237,view,2024-05-06 21:52:21
1237,click,2024-05-06 21:54:17
1237,view,2024-05-06 21:55:11
1237,view,2024-05-06 21:55:13
1237,view,2024-05-06 21:55:35
1237,view,2024-05-06 21:55:55
1238,view,2024-05-03 05:12:24
1238,purchase,2024-05-03 05:13:31
1238,view,2024-05-03 05:13:43
1238,click,2024-05-03 05:16:39
1238,view,2024-05-03 05:17:19
1238,click,2024-05-03 05:19:55
1238,click,2024-05-03 05:20:58
1238,view,2024-05-03 05:21:49
1238,view,2024-05-03 08:02:33
1238,view,2024-05-03 08:08:12
1238,click,2024-05-03 08:08:25
1238,purchase,2024-05-03 08:08:59
1238,click,2024-05-03 08:10:18
1238,view,2024-05-03 08:10:29
1238,purchase,2024-05-03 08:10:40
1238,view,2024-05-03 18:14:45
1238,view,2024-05-03 18:14:45
1238,click,2024-05-03 18:15:30
1238,view,2024-05-03 18:17:25
1238,purchase,2024-05-03 18:17:43
1238,purchase,2024-05-03 18:18:58
1238,view,2024-05-03 18:21:40
1238,click,2024-05-03 19:43:39
1238,view,2024-05-03 19:44:19
1238,view,2024-05-03 19:49:35
1238,view,2024-05-03 19:49:46
1238,view,2024-05-03 21:48:51
1238,view,2024-05-03 21:50:03
1238,click,2024-05-03 21:51:09
1238,purchase,2024-05-03 21:51:46
1238,view,2024-05-03 21:53:59
1238,click,2024-05-03 21:54:18
1238,view,2024-05-03 21:54:41
1238,view,2024-05-03 21:55:21
1238,view,2024-05-04 04:18:31
1238,view,2024-05-04 04:18:57
1238,click,2024-05-04 04:18:58
1238,view,2024-05-04 04:21:38
1238,view,2024-05-04 04:22:32
1238,click,2024-05-04 04:23:26
1238,view,2024-05-04 04:23:27
1238,click,2024-05-04 04:23:27
1238,view,2024-05-04 04:24:09
1238,view,2024-05-04 07:08:35
1238,view,2024-05-04 07:10:46
1238,view,2024-05-04 07:11:50
1238,view,2024-05-04 07:11:59
1238,view,2024-05-04 07:13:23
1238,click,2024-05-04 07:13:55
1238,view,2024-05-04 07:14:22
1238,click,2024-05-04 07:14:41
1238,view,2024-05-04 16:38:56
1238,purchase,2024-05-04 16:40:38
1238,click,2024-05-04 16:41:37
1238,view,2024-05-04 16:42:26
1238,click,2024-05-04 21:12:27
1238,view,2024-05-04 21:13:14
1238,view,2024-05-04 21:14:59
1238,view,2024-05-04 21:15:56
1238,purchase,2024-05-04 21:18:24
1238,view,2024-05-04 21:19:43
1238,view,2024-05-04 21:20:50
1238,view,2024-05-04 21:21:24
1238,view,2024-05-04 21:21:40
1238,view,2024-05-05 04:22:35
1238,view,2024-05-05 04:22:46
1238,view,2024-05-05 04:25:23
1238,purchase,2024-05-05 04:25:34
1238,view,2024-05-05 04:26:32
1238,click,2024-05-05 04:28:16
1238,purchase,2024-05-05 05:35:43
1238,click,2024-05-05 05:36:59
1238,purchase,2024-05-05 05:37:47
1238,view,2024-05-05 05:39:08
1238,view,2024-05-05 05:40:52
1238,view,2024-05-06 18:57:45
1238,view,2024-05-06 19:00:34
1238,view,2024-05-06 19:00:37
1238,view,2024-05-06 19:03:47
1238,click,2024-05-06 19:06:19
1239,purchase,2024-05-01 18:10:43
1239,view,2024-05-01 18:11:53
1239,view,2024-05-01 18:12:22
1239,click,2024-05-01 18:12:28
1239,view,2024-05-01 18:14:30
1239,purchase,2024-05-01 18:15:05
1239,click,2024-05-01 18:17:01
1239,view,2024-05-01 18:17:27
1239,view,2024-05-01 18:17:41
1239,click,2024-05-02 22:18:22
1239,click,2024-05-02 22:19:29
1239,view,2024-05-02 22:20:31
1239,view,2024-05-02 22:20:55
1239,click,2024-05-02 22:22:22
1239,click,2024-05-02 22:23:14
1239,click,2024-05-02 22:23:41
1239,purchase,2024-05-02 22:25:19
1239,view,2024-05-02 22:27:05
1239,view,2024-05-03 02:43:45
1239,click,2024-05-03 02:44:18
1239,purchase,2024-05-03 02:46:12
1239,view,2024-05-03 02:46:59
1239,click,2024-05-03 02:47:46
1239,view,2024-05-03 02:50:27
1239,click,2024-05-03 10:02:56
1239,view,2024-05-03 10:04:20
1239,view,2024-05-03 10:07:03
1239,click,2024-05-03 10:08:28
1239,purchase,2024-05-03 10:09:19
1239,click,2024-05-03 10:09:43
1239,click,2024-05-07 11:16:38
1239,click,2024-05-07 11:17:25
1239,click,2024-05-07 11:21:17
1239,view,2024-05-07 11:22:14
1239,view,2024-05-07 11:22:20
1239,view,2024-05-07 11:24:06
1239,purchase,2024-05-07 19:08:10
1239,view,2024-05-07 19:08:39
1239,click,2024-05-07 19:08:42
1239,view,2024-05-07 19:09:30
1239,click,2024-05-07 19:11:47
1239,view,2024-05-07 19:12:45
1239,purchase,2024-05-07 19:13:55
1240,view,2024-05-01 14:13:35
1240,click,2024-05-01 14:15:13
1240,view,2024-05-01 14:16:30
1240,view,2024-05-01 14:16:33
1240,purchase,2024-05-01 14:17:35
1240,click,2024-05-01 14:17:55
1240,click,2024-05-01 14:21:54
1240,click,2024-05-02 04:32:21
1240,view,2024-05-02 04:32:30
1240,click,2024-05-02 04:33:42
1240,view,2024-05-02 04:33:54
1240,view,2024-05-02 04:34:43
1240,click,2024-05-02 04:35:13
1240,view,2024-05-02 04:36:50
1240,click,2024-05-02 04:40:14
1240,view,2024-05-02 04:41:12
1240,click,2024-05-02 16:14:21
1240,view,2024-05-02 16:16:36
1240,view,2024-05-02 16:16:57
1240,view,2024-05-02 16:17:42
1240,purchase,2024-05-02 16:21:36
1240,view,2024-05-03 22:43:24
1240,view,2024-05-03 22:43:33
1240,view,2024-05-03 22:46:46
1240,view,2024-05-03 22:47:41
1240,click,2024-05-03 22:47:51
1240,view,2024-05-03 22:48:20
1240,click,2024-05-03 22:50:03
1240,view,2024-05-05 19:09:30
1240,click,2024-05-05 19:09:31
1240,view,2024-05-05 19:14:11
1240,click,2024-05-07 17:15:26
1240,view,2024-05-07 17:17:45
1240,view,2024-05-07 17:21:12
1240,click,2024-05-07 17:22:59
1241,view,2024-05-02 04:19:13
1241,view,2024-05-02 04:20:51
1241,view,2024-05-02 04:24:59
1241,view,2024-05-02 04:25:51
1241,view,2024-05-02 04:26:08
1241,view,2024-05-02 04:26:32
1241,view,2024-05-02 07:49:03
1241,click,2024-05-02 07:49:12
1241,view,2024-05-02 07:53:13
1241,view,2024-05-02 07:53:36
1241,view,2024-05-02 07:54:05
1241,purchase,2024-05-02 07:54:07
1241,purchase,2024-05-02 07:55:23
1241,view,2024-05-03 15:47:50
1241,view,2024-05-03 15:48:18
1241,view,2024-05-03 15:54:15
1241,view,2024-05-04 09:28:29
1241,click,2024-05-04 09:34:58
1241,view,2024-05-04 09:35:05
1241,view,2024-05-04 09:35:35
1241,view,2024-05-04 09:36:11
1241,click,2024-05-04 10:57:37
1241,view,2024-05-04 10:58:49
1241,click,2024-05-04 11:00:14
1241,view,2024-05-04 15:14:07
1241,view,2024-05-04 15:15:38
1241,view,2024-05-04 15:16:56
1241,view,2024-05-04 15:17:00
1241,click,2024-05-04 15:18:33
1241,click,2024-05-04 15:20:02
1241,view,2024-05-05 19:27:42
1241,view,2024-05-05 19:28:21
1241,view,2024-05-05 19:30:18
1241,view,2024-05-05 19:30:25
1241,view,2024-05-05 19:32:48
1241,click,2024-05-05 19:34:36
1241,click,2024-05-05 19:35:35
1241,view,2024-05-05 23:42:30
1241,click,2024-05-05 23:46:28
1241,click,2024-05-05 23:49:48
1241,click,2024-05-06 00:18:24
1241,view,2024-05-06 00:18:46
1241,view,2024-05-06 00:22:25
1241,view,2024-05-06 00:23:06
1241,view,2024-05-06 00:27:01
1241,click,2024-05-06 03:22:51
1241,view,2024-05-06 03:25:25
1241,click,2024-05-06 03:25:58
1241,view,2024-05-06 03:26:28
1241,purchase,2024-05-06 19:14:26
1241,purchase,2024-05-06 19:15:43
1241,view,2024-05-06 19:16:09
1241,view,2024-05-06 19:17:22
1241,view,2024-05-06 19:19:02
1241,view,2024-05-06 19:19:50
1241,view,2024-05-06 19:21:00
1241,click,2024-05-06 19:21:22
1242,purchase,2024-05-01 04:08:23
1242,view,2024-05-01 04:08:41
1242,click,2024-05-01 04:11:17
1242,click,2024-05-02 16:17:16
1242,view,2024-05-02 16:17:32
1242,view,2024-05-02 16:19:48
1242,view,2024-05-02 16:23:30
1242,purchase,2024-05-03 14:13:01
1242,purchase,2024-05-03 14:13:08
1242,view,2024-05-03 14:15:43
1242,view,2024-05-03 14:16:03
1242,purchase,2024-05-03 14:17:19
1242,purchase,2024-05-03 14:17:24
1242,view,2024-05-03 14:17:52
1242,view,2024-05-03 14:18:21
1242,view,2024-05-03 14:19:19
1242,click,2024-05-04 22:46:38
1242,view,2024-05-04 22:47:53
1242,view,2024-05-04 22:49:14
1242,view,2024-05-04 22:49:32
1242,view,2024-05-04 22:51:49
1242,click,2024-05-05 15:42:54
1242,view,2024-05-05 15:44:41
1242,view,2024-05-05 15:48:45
1242,view,2024-05-05 19:00:48
1242,view,2024-05-05 19:01:16
1242,view,2024-05-05 19:04:15
1242,view,2024-05-06 05:48:00
1242,view,2024-05-06 05:52:34
1242,click,2024-05-06 05:53:07
1242,view,2024-05-06 06:31:16
1242,view,2024-05-06 06:31:17
1242,click,2024-05-06 06:31:39
1242,view,2024-05-06 06:33:01
1242,click,2024-05-06 06:33:08
1242,view,2024-05-06 06:35:04
1242,view,2024-05-06 06:35:10
1242,view,2024-05-06 06:35:27
1242,click,2024-05-06 06:36:20
1242,view,2024-05-06 06:36:46
1242,view,2024-05-06 06:37:13
1242,click,2024-05-06 06:38:37
1242,view,2024-05-06 06:40:08
1242,click,2024-05-06 06:40:11
1242,click,2024-05-06 06:41:54
1242,purchase,2024-05-06 06:43:15
1242,view,2024-05-07 16:41:30
1242,view,2024-05-07 16:41:33
1242,view,2024-05-07 16:42:55
1242,view,2024-05-07 16:43:11
1242,view,2024-05-07 16:43:59
1242,click,2024-05-07 16:44:21
1242,view,2024-05-07 16:45:05
1242,view,2024-05-07 16:45:32
1243,view,2024-05-01 00:37:31
1243,view,2024-05-01 00:37:56
1243,click,2024-05-01 00:38:02
1243,view,2024-05-01 00:39:08
1243,view,2024-05-01 00:40:27
1243,view,2024-05-01 00:41:35
1243,view,2024-05-01 00:43:03
1243,click,2024-05-01 00:43:21
1243,click,2024-05-03 10:13:03
1243,view,2024-05-03 10:16:40
1243,purchase,2024-05-03 10:18:26
1243,click,2024-05-03 10:19:37
1243,click,2024-05-03 20:12:03
1243,view,2024-05-03 20:13:36
1243,purchase,2024-05-03 20:18:32
1243,view,2024-05-03 20:19:36
1243,view,2024-05-03 20:20:00
1243,click,2024-05-04 15:57:39
1243,view,2024-05-04 15:57:55
1243,view,2024-05-04 15:59:33
1243,view,2024-05-04 16:00:38
1243,view,2024-05-04 16:01:10
1243,click,2024-05-04 16:01:51
1243,view,2024-05-04 16:02:40
1243,view,2024-05-04 16:03:19
1244,click,2024-05-03 00:06:20
1244,view,2024-05-03 00:06:36
1244,view,2024-05-03 00:06:44
1244,purchase,2024-05-03 00:07:01
1244,click,2024-05-03 00:07:20
1244,view,2024-05-03 00:10:36
1244,click,2024-05-03 00:13:43
1244,purchase,2024-05-03 00:14:00
1244,click,2024-05-03 10:57:15
1244,view,2024-05-03 10:57:34
1244,purchase,2024-05-03 10:59:17
1244,view,2024-05-03 11:00:20
1244,view,2024-05-03 11:03:32
1244,view,2024-05-03 11:05:44
1244,click,2024-05-04 13:14:12
1244,view,2024-05-04 13:16:29
1244,view,2024-05-04 13:17:53
1244,view,2024-05-04 19:51:58
1244,view,2024-05-04 19:52:39
1244,view,2024-05-04 19:53:20
1244,view,2024-05-04 19:54:02
1244,purchase,2024-05-04 19:54:25
1244,view,2024-05-04 19:55:23
1244,view,2024-05-05 21:52:22
1244,purchase,2024-05-05 21:53:50
1244,view,2024-05-05 21:54:43
1244,click,2024-05-05 21:56:12
1244,click,2024-05-06 01:32:16
1244,view,2024-05-06 01:32:51
1244,view,2024-05-06 01:33:36
1244,view,2024-05-06 01:35:49
1244,click,2024-05-06 01:36:44
1244,click,2024-05-06 01:38:26
1244,view,2024-05-06 01:39:06
1245,click,2024-05-01 16:39:17
1245,view,2024-05-01 16:40:02
1245,view,2024-05-01 16:41:01
1245,view,2024-05-01 16:44:17
1245,view,2024-05-01 16:44:46
1245,purchase,2024-05-01 16:44:49
1245,click,2024-05-01 16:44:55
1245,click,2024-05-01 16:46:04
1245,purchase,2024-05-01 16:47:23
1245,view,2024-05-01 18:18:22
1245,click,2024-05-01 18:18:56
1245,click,2024-05-01 18:19:18
1245,view,2024-05-01 18:21:52
1245,view,2024-05-01 18:23:16
1245,view,2024-05-01 18:25:48
1245,view,2024-05-01 18:26:24
1245,view,2024-05-01 18:26:50
1245,click,2024-05-02 12:16:30
1245,view,2024-05-02 12:18:08
1245,view,2024-05-02 12:20:18
1245,click,2024-05-02 12:20:58
1245,view,2024-05-02 12:21:02
1245,view,2024-05-02 12:21:39
1245,click,2024-05-02 12:22:42
1245,view,2024-05-02 12:24:48
1245,purchase,2024-05-02 13:10:35
1245,view,2024-05-02 13:10:58
1245,click,2024-05-02 13:11:17
1245,view,2024-05-02 13:11:36
1245,click,2024-05-02 13:12:56
1245,click,2024-05-02 13:14:06
1245,view,2024-05-02 13:14:29
1245,click,2024-05-02 13:14:30
1245,view,2024-05-02 13:16:42
1245,view,2024-05-02 16:01:41
1245,click,2024-05-02 16:02:41
1245,view,2024-05-02 16:09:12
1245,view,2024-05-02 18:33:54
1245,click,2024-05-02 18:36:21
1245,view,2024-05-02 18:38:02
1245,view,2024-05-02 18:40:13
1245,view,2024-05-02 18:40:43
1245,click,2024-05-02 18:40:58
1245,view,2024-05-02 18:41:35
1245,click,2024-05-02 18:41:44
1245,view,2024-05-02 18:41:54
1245,view,2024-05-03 03:20:45
1245,view,2024-05-03 03:22:49
1245,view,2024-05-03 03:23:02
1245,click,2024-05-03 03:23:22
1245,view,2024-05-03 03:24:02
1245,click,2024-05-03 03:27:09
1245,click,2024-05-03 03:29:17
1245,view,2024-05-04 02:05:48
1245,click,2024-05-04 02:12:04
1245,view,2024-05-04 02:12:59
1245,click,2024-05-07 17:21:14
1245,view,2024-05-07 17:21:39
1245,view,2024-05-07 17:23:17
1245,purchase,2024-05-07 17:25:33
1245,click,2024-05-07 17:26:22
1245,view,2024-05-07 17:27:59
1245,click,2024-05-07 17:29:20
1246,view,2024-05-01 07:54:31
1246,view,2024-05-01 07:55:41
1246,click,2024-05-01 07:56:06
1246,view,2024-05-01 07:58:44
1246,purchase,2024-05-01 07:58:55
1246,view,2024-05-01 07:59:30
1246,click,2024-05-01 08:00:34
1246,view,2024-05-01 08:00:39
1246,view,2024-05-01 08:01:21
1246,view,2024-05-01 09:08:03
1246,view,2024-05-01 09:09:35
1246,view,2024-05-01 09:09:46
1246,view,2024-05-01 09:10:48
1246,click,2024-05-01 09:10:50
1246,view,2024-05-01 09:13:17
1246,click,2024-05-01 09:14:21
1246,view,2024-05-01 09:15:38
1246,click,2024-05-01 09:15:56
1246,view,2024-05-02 02:03:00
1246,click,2024-05-02 02:04:50
1246,view,2024-05-02 02:05:32
1246,click,2024-05-02 02:06:08
1246,click,2024-05-02 02:06:13
1246,view,2024-05-02 02:07:32
1246,click,2024-05-02 02:09:33
1246,view,2024-05-02 02:10:34
1246,view,2024-05-02 02:11:13
1246,view,2024-05-03 03:09:14
1246,view,2024-05-03 03:10:06
1246,view,2024-05-03 03:11:04
1246,view,2024-05-03 03:11:32
1246,click,2024-05-03 03:15:03
1246,purchase,2024-05-03 03:16:33
1246,view,2024-05-03 03:18:34
1246,view,2024-05-04 09:18:34
1246,view,2024-05-04 09:19:15
1246,purchase,2024-05-04 09:19:54
1246,view,2024-05-04 09:20:09
1246,click,2024-05-04 09:20:22
1246,view,2024-05-04 09:22:28
1246,click,2024-05-04 09:24:09
1246,view,2024-05-04 09:25:22
1246,view,2024-05-04 16:04:25
1246,click,2024-05-04 16:04:26
1246,view,2024-05-04 16:04:43
1246,click,2024-05-04 16:09:03
1246,click,2024-05-05 17:09:14
1246,view,2024-05-05 17:10:35
1246,view,2024-05-05 17:10:41
1246,view,2024-05-05 17:11:17
1246,view,2024-05-06 03:14:53
1246,view,2024-05-06 03:14:54
1246,view,2024-05-06 03:15:25
1246,view,2024-05-06 03:17:25
1246,view,2024-05-06 03:18:36
1246,view,2024-05-06 03:19:12
1246,click,2024-05-06 03:20:18
1246,click,2024-05-06 10:00:33
1246,click,2024-05-06 10:01:19
1246,view,2024-05-06 10:04:41
1246,view,2024-05-06 10:07:02
1246,click,2024-05-07 08:34:33
1246,click,2024-05-07 08:36:47
1246,view,2024-05-07 08:38:09
1246,view,2024-05-07 08:40:04
1246,view,2024-05-07 08:42:40
1246,view,2024-05-07 14:16:24
1246,view,2024-05-07 14:16:46
1246,view,2024-05-07 14:18:12
1246,purchase,2024-05-07 14:21:23
1246,view,2024-05-07 14:23:28
1246,purchase,2024-05-07 14:23:44
1247,view,2024-05-01 23:45:24
1247,view,2024-05-01 23:48:27
1247,view,2024-05-01 23:48:44
1247,view,2024-05-01 23:50:32
1247,view,2024-05-01 23:50:47
1247,click,2024-05-04 10:20:12
1247,click,2024-05-04 10:20:16
1247,view,2024-05-04 10:23:04
1247,view,2024-05-04 10:26:49
1247,view,2024-05-04 10:28:29
1247,view,2024-05-04 10:29:03
1247,view,2024-05-06 15:23:07
1247,view,2024-05-06 15:25:20
1247,view,2024-05-06 15:26:26
1247,purchase,2024-05-06 15:29:06
1247,view,2024-05-07 08:36:59
1247,view,2024-05-07 08:37:13
1247,click,2024-05-07 08:40:42
1247,click,2024-05-07 08:41:53
1247,view,2024-05-07 08:42:28
1247,view,2024-05-07 08:43:28
1247,view,2024-05-07 08:43:38
1247,purchase,2024-05-07 17:46:48
1247,click,2024-05-07 17:48:36
1247,purchase,2024-05-07 17:48:53
1247,view,2024-05-07 17:52:04
1247,click,2024-05-07 17:53:40
1247,click,2024-05-07 17:53:41
1248,view,2024-05-02 20:16:18
1248,view,2024-05-02 20:18:21
1248,view,2024-05-02 20:21:41
1248,click,2024-05-02 20:23:10
1248,view,2024-05-02 20:24:57
1248,view,2024-05-04 19:48:56
1248,view,2024-05-04 19:50:17
1248,view,2024-05-04 19:52:10
1248,view,2024-05-04 19:52:52
1248,click,2024-05-04 19:53:36
1248,click,2024-05-04 19:54:06
1248,view,2024-05-04 19:55:10
1248,view,2024-05-04 22:51:47
1248,view,2024-05-04 22:52:48
1248,click,2024-05-04 22:52:53
1248,purchase,2024-05-04 22:54:05
1248,purchase,2024-05-04 22:54:21
1248,view,2024-05-05 10:10:54
1248,click,2024-05-05 10:12:25
1248,view,2024-05-05 10:13:55
1248,view,2024-05-05 10:15:36
1248,view,2024-05-05 10:15:49
1248,click,2024-05-05 10:16:50
1248,view,2024-05-05 10:18:26
1248,view,2024-05-05 10:19:37
1248,view,2024-05-05 17:39:10
1248,click,2024-05-05 17:39:52
1248,view,2024-05-05 17:40:10
1248,view,2024-05-05 17:42:40
1248,view,2024-05-05 17:43:40
1248,view,2024-05-06 03:06:18
1248,view,2024-05-06 03:08:10
1248,view,2024-05-06 03:09:26
1248,view,2024-05-06 03:11:57
1248,click,2024-05-06 03:12:21
1248,view,2024-05-06 03:12:46
1248,view,2024-05-06 03:13:43
1248,view,2024-05-06 03:13:49
1248,click,2024-05-06 03:14:17
1248,view,2024-05-06 06:33:58
1248,click,2024-05-06 06:35:11
1248,click,2024-05-06 06:35:54
1248,purchase,2024-05-06 06:38:34
1248,view,2024-05-06 06:38:46
1248,click,2024-05-06 06:41:03
1248,view,2024-05-06 19:51:26
1248,purchase,2024-05-06 19:52:33
1248,view,2024-05-06 19:53:51
1248,purchase,2024-05-06 19:54:24
1248,view,2024-05-06 19:56:22
1248,purchase,2024-05-06 19:57:46
1248,view,2024-05-06 19:58:11
1248,view,2024-05-06 19:59:34
1248,purchase,2024-05-07 14:22:13
1248,view,2024-05-07 14:22:50
1248,view,2024-05-07 14:24:13
1248,view,2024-05-07 14:25:17
1248,click,2024-05-07 14:25:26
1248,purchase,2024-05-07 14:27:18
1249,click,2024-05-01 18:24:00
1249,click,2024-05-01 18:24:43
1249,view,2024-05-01 18:25:10
1249,view,2024-05-01 19:28:36
1249,view,2024-05-01 19:30:33
1249,view,2024-05-01 19:32:58
1249,click,2024-05-01 19:35:06
1249,click,2024-05-01 19:35:17
1249,view,2024-05-01 23:31:35
1249,view,2024-05-01 23:31:59
1249,click,2024-05-01 23:32:42
1249,view,2024-05-01 23:36:22
1249,click,2024-05-01 23:37:21
1249,view,2024-05-01 23:40:55
1249,purchase,2024-05-02 00:21:26
1249,view,2024-05-02 00:26:39
1249,view,2024-05-02 00:26:56
1249,view,2024-05-02 00:28:08
1249,view,2024-05-02 00:28:22
1249,click,2024-05-02 00:28:25
1249,view,2024-05-02 00:28:32
1249,view,2024-05-02 16:10:11
1249,view,2024-05-02 16:12:01
1249,view,2024-05-02 16:15:51
1249,view,2024-05-02 16:17:04
1249,click,2024-05-02 16:18:01
1249,click,2024-05-02 16:18:47
1249,view,2024-05-03 06:02:20
1249,purchase,2024-05-03 06:02:33
1249,click,2024-05-03 06:02:58
1249,purchase,2024-05-03 06:08:04
1249,click,2024-05-03 06:09:26
1249,view,2024-05-03 11:17:46
1249,click,2024-05-03 11:20:11
1249,view,2024-05-03 11:22:01
1249,view,2024-05-03 11:25:22
1249,click,2024-05-03 11:26:29
1249,view,2024-05-03 17:22:29
1249,click,2024-05-03 17:24:10
1249,click,2024-05-03 17:27:19
1249,click,2024-05-03 17:30:23
1249,view,2024-05-03 17:31:11
1249,click,2024-05-03 17:31:20
1249,view,2024-05-04 21:41:05
1249,click,2024-05-04 21:41:23
1249,view,2024-05-04 21:45:56
1249,view,2024-05-05 05:30:36
1249,view,2024-05-05 05:30:55
1249,click,2024-05-05 05:32:04
1249,view,2024-05-05 05:32:21
1249,view,2024-05-05 05:33:39
1249,view,2024-05-05 05:34:26
1249,view,2024-05-05 05:36:03
1249,click,2024-05-05 05:36:13
1249,click,2024-05-05 05:38:41
1249,view,2024-05-05 22:28:49
1249,view,2024-05-05 22:31:52
1249,click,2024-05-05 22:32:26
1249,view,2024-05-05 22:32:31
1249,view,2024-05-05 22:33:05
1249,view,2024-05-05 22:33:07
1249,view,2024-05-05 22:34:24
1249,view,2024-05-05 22:34:41
1250,purchase,2024-05-01 01:02:30
1250,view,2024-05-01 01:04:03
1250,view,2024-05-01 01:05:59
1250,view,2024-05-02 12:57:56
1250,click,2024-05-02 13:01:19
1250,purchase,2024-05-02 13:01:23
1250,click,2024-05-03 11:11:52
1250,click,2024-05-03 11:12:42
1250,view,2024-05-03 11:13:34
1250,click,2024-05-03 11:16:49
1250,view,2024-05-03 11:16:54
1250,view,2024-05-03 17:42:25
1250,view,2024-05-03 17:43:12
1250,view,2024-05-03 17:44:44
1250,view,2024-05-03 17:45:59
1250,purchase,2024-05-03 17:49:39
1250,click,2024-05-03 21:06:27
1250,view,2024-05-03 21:08:00
1250,view,2024-05-03 21:09:04
1250,view,2024-05-03 21:09:51
1250,view,2024-05-03 21:12:55
1250,view,2024-05-03 21:13:29
1250,view,2024-05-03 21:23:23
1250,view,2024-05-03 21:25:21
1250,view,2024-05-03 21:25:26
1250,view,2024-05-03 21:30:19
1250,view,2024-05-03 21:30:39
1250,purchase,2024-05-03 21:31:26
1250,view,2024-05-05 14:11:54
1250,view,2024-05-05 14:13:59
1250,view,2024-05-05 14:15:29
1250,click,2024-05-05 14:16:50
1250,click,2024-05-05 14:16:59
1250,view,2024-05-05 14:17:34
1250,view,2024-05-05 14:17:47
1250,view,2024-05-05 14:18:42
1250,click,2024-05-05 14:19:34
1250,purchase,2024-05-06 01:56:25
1250,view,2024-05-06 01:56:57
1250,view,2024-05-06 01:57:28
1250,click,2024-05-06 01:58:58
1250,view,2024-05-06 01:59:48
1250,view,2024-05-06 02:02:22
1250,click,2024-05-06 02:02:33
1250,view,2024-05-06 02:03:23
1250,view,2024-05-06 02:05:02
1250,purchase,2024-05-06 10:45:36
1250,click,2024-05-06 10:46:17
1250,view,2024-05-06 10:50:12
1250,purchase,2024-05-06 10:50:42
1250,view,2024-05-06 10:50:48
1250,view,2024-05-06 10:52:28
1250,view,2024-05-06 10:53:28
1250,click,2024-05-06 10:53:52
1250,view,2024-05-06 10:54:12
1250,click,2024-05-06 22:21:19
1250,view,2024-05-06 22:24:37
1250,view,2024-05-06 22:28:11
1250,view,2024-05-06 22:28:13
1250,view,2024-05-06 22:28:22
1250,view,2024-05-06 22:28:31
1250,view,2024-05-06 22:29:32
1250,click,2024-05-06 22:30:53
1250,view,2024-05-07 03:27:15
1250,view,2024-05-07 03:28:23
1250,view,2024-05-07 03:30:35
1250,view,2024-05-07 13:00:41
1250,view,2024-05-07 13:01:06
1250,view,2024-05-07 13:01:34
1250,click,2024-05-07 13:03:03
1250,view,2024-05-07 13:04:42
1250,view,2024-05-07 13:05:29
1250,click,2024-05-07 13:06:35
1250,view,2024-05-07 13:07:02
1250,purchase,2024-05-07 13:09:36
1250,view,2024-05-07 21:59:43
1250,click,2024-05-07 22:01:41
1250,click,2024-05-07 22:01:50
1250,view,2024-05-07 22:04:27
1251,view,2024-05-01 12:02:33
1251,view,2024-05-01 12:03:05
1251,view,2024-05-01 12:04:04
1251,view,2024-05-01 12:04:57
1251,click,2024-05-01 12:06:17
1251,click,2024-05-01 12:07:15
1251,view,2024-05-01 12:10:19
1251,view,2024-05-01 12:11:40
1251,view,2024-05-01 12:11:58
1251,view,2024-05-01 13:19:04
1251,click,2024-05-01 13:21:17
1251,purchase,2024-05-01 13:21:53
1251,click,2024-05-01 13:23:47
1251,view,2024-05-01 13:26:51
1251,view,2024-05-01 13:27:39
1251,click,2024-05-01 19:52:10
1251,view,2024-05-01 19:53:15
1251,click,2024-05-01 19:54:28
1251,view,2024-05-01 19:55:19
1251,click,2024-05-01 19:58:42
1251,view,2024-05-01 20:00:31
1251,purchase,2024-05-02 03:22:41
1251,view,2024-05-02 03:23:45
1251,view,2024-05-02 03:31:37
1251,click,2024-05-03 03:29:32
1251,view,2024-05-03 03:29:39
1251,view,2024-05-03 03:31:38
1251,click,2024-05-03 03:36:30
1251,view,2024-05-03 14:31:00
1251,click,2024-05-03 14:32:54
1251,view,2024-05-03 14:33:04
1251,view,2024-05-03 14:34:06
1251,click,2024-05-03 14:34:27
1251,click,2024-05-03 14:34:51
1251,view,2024-05-03 14:36:12
1251,click,2024-05-04 07:39:37
1251,view,2024-05-04 07:42:08
1251,click,2024-05-04 07:44:46
1251,purchase,2024-05-04 07:44:59
1251,click,2024-05-04 07:45:36
1251,view,2024-05-04 07:46:13
1251,click,2024-05-04 07:48:03
1251,view,2024-05-04 07:48:19
1251,view,2024-05-04 20:41:26
1251,view,2024-05-04 20:41:53
1251,view,2024-05-04 20:42:29
1251,view,2024-05-04 20:42:55
1251,view,2024-05-04 20:44:09
1251,view,2024-05-04 20:46:16
1251,view,2024-05-04 20:47:32
1251,view,2024-05-04 20:48:58
1251,view,2024-05-04 20:50:30
1251,view,2024-05-05 09:25:29
1251,view,2024-05-05 09:25:33
1251,view,2024-05-05 09:25:42
1251,purchase,2024-05-05 09:28:12
1251,click,2024-05-05 09:29:17
1251,click,2024-05-05 09:30:40
1251,view,2024-05-05 09:31:04
1251,click,2024-05-05 10:25:45
1251,view,2024-05-05 10:25:46
1251,view,2024-05-05 10:27:24
1251,click,2024-05-05 10:28:14
1251,view,2024-05-05 10:31:24
1251,click,2024-05-05 10:31:43
1251,purchase,2024-05-05 10:31:58
1251,click,2024-05-05 10:32:17
1251,view,2024-05-06 19:32:06
1251,view,2024-05-06 19:38:44
1251,view,2024-05-06 19:39:07
1251,purchase,2024-05-06 19:40:21
1251,view,2024-05-06 19:40:57
1252,view,2024-05-01 22:27:07
1252,view,2024-05-01 22:27:10
1252,view,2024-05-01 22:28:28
1252,purchase,2024-05-01 22:29:38
1252,view,2024-05-02 04:02:04
1252,view,2024-05-02 04:06:40
1252,view,2024-05-02 04:06:45
1252,click,2024-05-02 04:08:02
1252,view,2024-05-02 04:08:45
1252,click,2024-05-02 04:09:12
1252,view,2024-05-02 04:09:26
1252,view,2024-05-02 04:10:56
1252,view,2024-05-02 14:38:26
1252,click,2024-05-02 14:39:02
1252,view,2024-05-02 14:40:08
1252,click,2024-05-02 14:40:31
1252,click,2024-05-02 14:41:14
1252,click,2024-05-02 14:41:27
1252,view,2024-05-05 18:07:02
1252,view,2024-05-05 18:07:06
1252,view,2024-05-05 18:07:48
1252,click,2024-05-05 18:11:15
1252,click,2024-05-05 18:11:55
1252,click,2024-05-06 22:49:08
1252,purchase,2024-05-06 22:49:32
1252,view,2024-05-06 22:49:40
1252,click,2024-05-06 22:51:57
1252,view,2024-05-06 22:52:27
1252,view,2024-05-06 22:53:14
1252,click,2024-05-06 22:54:30
1252,view,2024-05-06 22:56:56
1252,view,2024-05-07 07:26:03
1252,view,2024-05-07 07:26:38
1252,view,2024-05-07 07:30:51
1252,click,2024-05-07 07:30:57
1252,purchase,2024-05-07 07:33:01
1252,view,2024-05-07 07:33:39
1252,click,2024-05-07 12:03:21
1252,click,2024-05-07 12:06:50
1252,purchase,2024-05-07 12:06:52
1252,purchase,2024-05-07 12:09:05
1252,view,2024-05-07 12:09:13
1252,view,2024-05-07 12:09:22
1252,purchase,2024-05-07 12:11:04
1252,view,2024-05-07 12:11:36
1252,view,2024-05-07 12:12:50
1252,click,2024-05-07 15:04:42
1252,view,2024-05-07 15:05:35
1252,click,2024-05-07 15:08:37
1253,view,2024-05-02 04:48:18
1253,click,2024-05-02 04:49:52
1253,click,2024-05-02 04:56:33
1253,click,2024-05-03 05:08:17
1253,view,2024-05-03 05:10:02
1253,view,2024-05-03 05:10:38
1253,click,2024-05-03 05:10:52
1253,view,2024-05-03 05:12:31
1253,view,2024-05-03 05:15:41
1253,click,2024-05-03 17:37:31
1253,view,2024-05-03 17:39:39
1253,view,2024-05-03 17:39:57
1253,click,2024-05-03 17:41:18
1253,view,2024-05-03 17:42:03
1253,view,2024-05-03 17:42:24
1253,view,2024-05-03 17:44:18
1253,click,2024-05-03 17:44:46
1253,purchase,2024-05-03 17:45:01
1253,view,2024-05-06 15:23:54
1253,click,2024-05-06 15:24:36
1253,click,2024-05-06 15:26:10
1253,click,2024-05-06 15:27:23
1253,view,2024-05-06 19:55:31
1253,view,2024-05-06 20:01:07
1253,view,2024-05-06 20:01:30
1253,purchase,2024-05-06 20:02:02
1253,view,2024-05-06 20:02:19
1253,view,2024-05-06 20:03:22
1253,click,2024-05-06 20:03:57
1253,purchase,2024-05-06 20:04:11
1253,purchase,2024-05-06 20:04:36
1253,click,2024-05-07 01:38:33
1253,view,2024-05-07 01:39:00
1253,view,2024-05-07 01:40:33
1253,click,2024-05-07 01:41:54
1253,view,2024-05-07 01:42:10
1253,click,2024-05-07 01:42:21
1253,click,2024-05-07 01:46:29
1253,view,2024-05-07 01:46:30
1253,view,2024-05-07 04:15:21
1253,click,2024-05-07 04:15:34
1253,click,2024-05-07 04:16:20
1253,view,2024-05-07 04:19:11
1253,click,2024-05-07 04:21:19
1253,view,2024-05-07 04:22:37
1253,view,2024-05-07 04:23:43
1253,purchase,2024-05-07 04:23:59
1253,view,2024-05-07 10:29:26
1253,view,2024-05-07 10:34:18
1253,view,2024-05-07 10:34:51
1253,view,2024-05-07 10:35:08
1253,view,2024-05-07 10:35:18
1253,view,2024-05-07 10:35:52
1253,purchase,2024-05-07 21:44:17
1253,view,2024-05-07 21:45:27
1253,view,2024-05-07 21:47:10
1253,view,2024-05-07 21:49:22
1253,click,2024-05-07 21:49:26
1253,view,2024-05-07 21:50:03
1253,view,2024-05-07 21:50:24
1253,click,2024-05-07 21:50:58
1253,purchase,2024-05-07 21:50:59
1253,view,2024-05-07 21:52:32
1253,view,2024-05-07 21:52:50
1253,view,2024-05-07 21:54:09
1254,click,2024-05-01 23:11:38
1254,click,2024-05-01 23:17:25
1254,click,2024-05-01 23:17:47
1254,click,2024-05-01 23:17:52
1254,view,2024-05-01 23:18:24
1254,click,2024-05-01 23:18:40
1254,click,2024-05-03 22:49:01
1254,view,2024-05-03 22:49:34
1254,click,2024-05-03 22:51:53
1254,view,2024-05-04 11:18:13
1254,view,2024-05-04 11:20:39
1254,view,2024-05-04 11:24:32
1254,click,2024-05-04 21:40:19
1254,view,2024-05-04 21:40:31
1254,view,2024-05-04 21:42:07
1254,click,2024-05-04 21:44:34
1254,click,2024-05-04 21:46:32
1254,click,2024-05-06 16:11:10
1254,click,2024-05-06 16:13:40
1254,view,2024-05-06 16:17:23
1254,view,2024-05-06 16:18:04
1254,click,2024-05-06 16:18:24
1254,view,2024-05-06 16:20:22
1254,view,2024-05-06 19:27:53
1254,purchase,2024-05-06 19:30:09
1254,view,2024-05-06 19:35:19
1254,view,2024-05-07 03:24:41
1254,purchase,2024-05-07 03:24:52
1254,view,2024-05-07 03:28:47
1254,click,2024-05-07 03:30:20
1255,view,2024-05-01 02:18:40
1255,click,2024-05-01 02:18:47
1255,view,2024-05-01 02:19:10
1255,view,2024-05-01 02:19:38
1255,view,2024-05-01 02:21:35
1255,click,2024-05-01 02:22:36
1255,view,2024-05-01 02:25:21
1255,purchase,2024-05-01 02:25:30
1255,view,2024-05-01 02:49:54
1255,view,2024-05-01 02:50:03
1255,view,2024-05-01 02:51:44
1255,purchase,2024-05-01 02:53:56
1255,view,2024-05-01 02:54:17
1255,view,2024-05-01 02:55:09
1255,click,2024-05-01 02:56:29
1255,view,2024-05-01 02:56:52
1255,view,2024-05-01 02:57:30
1255,view,2024-05-03 19:37:53
1255,view,2024-05-03 19:40:51
1255,view,2024-05-03 19:41:11
1255,click,2024-05-03 19:42:39
1255,click,2024-05-03 19:44:28
1255,view,2024-05-04 02:10:45
1255,view,2024-05-04 02:12:36
1255,view,2024-05-04 02:12:51
1255,click,2024-05-04 02:14:31
1255,view,2024-05-04 02:14:53
1255,view,2024-05-04 02:15:35
1255,click,2024-05-04 02:16:10
1255,purchase,2024-05-04 02:17:00
1255,view,2024-05-04 17:43:12
1255,click,2024-05-04 17:45:04
1255,view,2024-05-04 17:48:09
1255,view,2024-05-04 17:48:27
1255,view,2024-05-04 17:49:22
1255,click,2024-05-04 17:49:35
1255,click,2024-05-06 08:12:56
1255,view,2024-05-06 08:13:35
1255,view,2024-05-06 08:14:39
1255,click,2024-05-06 08:15:34
1255,click,2024-05-06 08:18:27
1255,click,2024-05-06 08:20:30
1255,view,2024-05-07 13:23:36
1255,view,2024-05-07 13:24:31
1255,click,2024-05-07 13:24:50
1255,view,2024-05-07 13:25:08
1255,click,2024-05-07 13:25:59
1255,view,2024-05-07 13:30:03
1255,purchase,2024-05-07 13:30:58
1255,view,2024-05-07 13:31:18
1255,view,2024-05-07 13:31:29
1255,view,2024-05-07 16:10:26
1255,click,2024-05-07 16:10:31
1255,view,2024-05-07 16:13:21
1255,purchase,2024-05-07 16:15:10
1255,view,2024-05-07 16:16:04
1255,purchase,2024-05-07 16:16:32
1255,view,2024-05-07 16:17:16
1256,view,2024-05-02 03:31:40
1256,click,2024-05-02 03:34:07
1256,view,2024-05-02 03:35:17
1256,view,2024-05-02 03:38:05
1256,view,2024-05-02 03:38:30
1256,view,2024-05-02 03:39:03
1256,click,2024-05-02 03:39:13
1256,click,2024-05-03 11:26:00
1256,click,2024-05-03 11:26:03
1256,view,2024-05-03 11:29:29
1256,view,2024-05-03 11:30:39
1256,purchase,2024-05-03 11:31:43
1256,purchase,2024-05-03 11:33:17
1256,view,2024-05-03 11:34:41
1256,view,2024-05-04 09:22:40
1256,view,2024-05-04 09:22:41
1256,click,2024-05-04 09:23:29
1256,view,2024-05-04 09:23:52
1256,view,2024-05-04 09:25:49
1256,click,2024-05-04 09:27:14
1256,view,2024-05-04 09:28:14
1256,click,2024-05-05 08:52:49
1256,click,2024-05-05 08:53:46
1256,view,2024-05-05 08:54:05
1256,click,2024-05-05 08:54:16
1256,click,2024-05-05 08:54:43
1256,click,2024-05-05 08:57:09
1256,view,2024-05-05 08:57:21
1256,click,2024-05-05 08:57:32
1256,view,2024-05-05 08:58:14
1256,click,2024-05-05 18:26:39
1256,view,2024-05-05 18:30:44
1256,purchase,2024-05-05 18:30:48
1256,click,2024-05-05 18:31:20
1256,view,2024-05-05 18:32:48
1256,click,2024-05-05 18:32:54
1256,view,2024-05-05 18:33:28
1256,view,2024-05-05 18:35:53
1256,view,2024-05-05 18:58:13
1256,view,2024-05-05 18:58:34
1256,view,2024-05-05 19:00:02
1256,view,2024-05-05 19:02:17
1256,purchase,2024-05-05 19:04:57
1256,view,2024-05-06 01:16:27
1256,view,2024-05-06 01:17:26
1256,view,2024-05-06 01:17:46
1256,purchase,2024-05-06 01:18:35
1256,click,2024-05-06 01:21:34
1256,click,2024-05-06 11:11:29
1256,view,2024-05-06 11:12:36
1256,view,2024-05-06 11:15:17
1256,click,2024-05-06 11:16:39
1256,view,2024-05-06 11:20:28
1256,click,2024-05-06 11:20:30
1256,view,2024-05-07 21:23:39
1256,click,2024-05-07 21:24:04
1256,purchase,2024-05-07 21:25:32
1256,view,2024-05-07 21:26:52
1256,click,2024-05-07 21:27:34
1256,purchase,2024-05-07 21:28:14
1256,purchase,2024-05-07 21:28:39
1256,view,2024-05-07 21:31:30
1256,view,2024-05-07 21:34:19
1256,click,2024-05-07 21:34:58
1256,view,2024-05-07 21:37:58
1256,purchase,2024-05-07 21:40:17
1256,view,2024-05-07 21:40:29
1257,purchase,2024-05-02 01:16:51
1257,view,2024-05-02 01:17:32
1257,click,2024-05-02 01:19:54
1257,view,2024-05-02 01:20:32
1257,view,2024-05-02 01:22:29
1257,view,2024-05-02 01:25:30
1257,click,2024-05-02 19:05:19
1257,view,2024-05-02 19:05:38
1257,purchase,2024-05-02 19:06:21
1257,view,2024-05-02 19:07:34
1257,click,2024-05-02 19:12:13
1257,view,2024-05-02 23:02:43
1257,view,2024-05-02 23:04:11
1257,view,2024-05-02 23:04:36
1257,view,2024-05-02 23:04:38
1257,view,2024-05-04 08:10:07
1257,click,2024-05-04 08:10:55
1257,click,2024-05-04 08:14:20
1257,view,2024-05-04 08:15:04
1257,view,2024-05-04 08:15:54
1257,click,2024-05-04 08:16:43
1257,click,2024-05-04 10:06:14
1257,view,2024-05-04 10:06:28
1257,view,2024-05-04 10:07:39
1257,click,2024-05-04 10:09:04
1257,view,2024-05-04 10:09:39
1257,view,2024-05-04 10:09:45
1257,view,2024-05-04 10:15:15
1257,view,2024-05-04 23:11:48
1257,view,2024-05-04 23:12:17
1257,view,2024-05-04 23:19:06
1257,view,2024-05-05 04:46:32
1257,view,2024-05-05 04:49:39
1257,view,2024-05-05 04:52:50
1257,click,2024-05-05 04:54:04
1257,view,2024-05-07 05:38:04
1257,view,2024-05-07 05:38:24
1257,view,2024-05-07 05:45:05
1257,view,2024-05-07 05:46:01
1257,view,2024-05-07 13:24:52
1257,view,2024-05-07 13:25:35
1257,click,2024-05-07 13:26:51
1257,view,2024-05-07 13:27:45
1257,view,2024-05-07 13:28:11
1257,purchase,2024-05-07 13:29:04
1257,view,2024-05-07 13:30:48
1257,purchase,2024-05-07 13:30:50
1257,view,2024-05-07 13:32:31
1257,view,2024-05-07 18:58:44
1257,click,2024-05-07 19:00:06
1257,view,2024-05-07 19:00:55
1257,view,2024-05-07 19:01:19
1257,view,2024-05-07 19:01:25
1257,view,2024-05-07 19:01:49
1257,click,2024-05-07 19:02:34
1258,view,2024-05-01 05:57:55
1258,view,2024-05-01 05:59:05
1258,view,2024-05-01 06:01:35
1258,click,2024-05-01 06:02:44
1258,view,2024-05-01 08:39:27
1258,view,2024-05-01 08:39:59
1258,view,2024-05-01 08:40:03
1258,view,2024-05-01 08:42:07
1258,view,2024-05-01 08:47:45
1258,click,2024-05-01 10:41:18
1258,purchase,2024-05-01 10:42:26
1258,view,2024-05-01 10:45:28
1258,view,2024-05-01 10:46:47
1258,view,2024-05-03 02:42:47
1258,view,2024-05-03 02:46:12
1258,click,2024-05-03 02:46:33
1258,view,2024-05-03 02:46:50
1258,click,2024-05-03 02:48:04
1258,purchase,2024-05-03 02:48:57
1258,view,2024-05-03 02:49:38
1258,click,2024-05-03 02:50:46
1258,view,2024-05-03 02:51:29
1258,view,2024-05-03 10:45:52
1258,purchase,2024-05-03 10:47:24
1258,view,2024-05-03 10:48:24
1258,click,2024-05-03 10:49:38
1258,click,2024-05-03 10:51:09
1258,view,2024-05-04 00:12:14
1258,view,2024-05-04 00:13:59
1258,click,2024-05-04 00:15:47
1258,purchase,2024-05-04 00:15:59
1258,view,2024-05-04 02:02:18
1258,view,2024-05-04 02:03:44
1258,click,2024-05-04 02:08:40
1258,click,2024-05-04 05:12:40
1258,purchase,2024-05-04 05:13:24
1258,view,2024-05-04 05:13:51
1258,view,2024-05-04 05:16:01
1258,purchase,2024-05-04 05:17:09
1258,view,2024-05-04 05:19:46
1258,click,2024-05-04 18:00:10
1258,view,2024-05-04 18:02:24
1258,click,2024-05-04 18:02:52
1258,purchase,2024-05-04 18:03:17
1258,view,2024-05-04 18:05:31
1258,click,2024-05-04 18:06:20
1258,click,2024-05-04 18:09:52
1258,view,2024-05-04 18:09:53
1258,view,2024-05-04 23:23:05
1258,view,2024-05-04 23:24:22
1258,view,2024-05-04 23:25:51
1258,view,2024-05-04 23:27:59
1258,view,2024-05-04 23:29:07
1258,click,2024-05-06 10:26:48
1258,view,2024-05-06 10:27:48
1258,view,2024-05-06 10:28:49
1258,click,2024-05-06 10:28:51
1258,click,2024-05-06 10:29:32
1258,click,2024-05-06 10:31:31
1258,view,2024-05-06 10:31:36
1258,click,2024-05-06 10:33:56
1258,view,2024-05-06 10:35:44
1258,purchase,2024-05-06 23:47:38
1258,click,2024-05-06 23:47:47
1258,view,2024-05-06 23:48:17
1258,view,2024-05-06 23:49:00
1258,click,2024-05-06 23:53:21
1258,view,2024-05-06 23:54:52
1259,view,2024-05-01 07:31:19
1259,view,2024-05-01 07:35:16
1259,view,2024-05-01 07:35:31
1259,view,2024-05-01 07:36:31
1259,view,2024-05-01 07:38:15
1259,view,2024-05-01 07:39:11
1259,click,2024-05-01 07:39:35
1259,view,2024-05-01 13:03:13
1259,view,2024-05-01 13:03:22
1259,view,2024-05-01 13:03:38
1259,view,2024-05-01 13:03:52
1259,click,2024-05-01 13:07:00
1259,view,2024-05-01 13:07:49
1259,view,2024-05-01 13:07:50
1259,view,2024-05-01 13:08:30
1259,click,2024-05-01 13:08:54
1259,view,2024-05-01 21:12:52
1259,view,2024-05-01 21:13:03
1259,view,2024-05-01 21:15:26
1259,view,2024-05-01 21:17:08
1259,view,2024-05-01 21:18:16
1259,view,2024-05-01 21:18:31
1259,click,2024-05-01 21:18:40
1259,view,2024-05-01 21:19:30
1259,view,2024-05-01 21:19:44
1259,view,2024-05-02 08:29:47
1259,purchase,2024-05-02 08:30:38
1259,view,2024-05-02 08:30:53
1259,click,2024-05-02 08:35:32
1259,purchase,2024-05-02 19:43:26
1259,view,2024-05-02 19:44:01
1259,view,2024-05-02 19:46:33
1259,click,2024-05-02 19:48:02
1259,view,2024-05-02 19:48:59
1259,view,2024-05-02 19:50:50
1259,click,2024-05-02 19:50:57
1259,click,2024-05-02 19:51:30
1259,view,2024-05-02 22:28:49
1259,purchase,2024-05-02 22:29:28
1259,view,2024-05-02 22:29:58
1259,click,2024-05-02 22:42:26
1259,view,2024-05-02 22:43:42
1259,click,2024-05-02 22:44:55
1259,view,2024-05-02 22:45:04
1259,view,2024-05-02 22:47:35
1259,view,2024-05-04 17:26:15
1259,click,2024-05-04 17:32:12
1259,view,2024-05-04 17:32:17
1259,view,2024-05-04 17:33:15
1259,view,2024-05-04 17:33:48
1259,view,2024-05-04 17:35:52
1259,view,2024-05-04 17:50:33
1259,view,2024-05-04 17:51:37
1259,view,2024-05-04 17:51:49
1259,purchase,2024-05-04 17:54:17
1259,view,2024-05-04 17:55:25
1259,view,2024-05-04 17:57:02
1259,view,2024-05-05 00:04:43
1259,view,2024-05-05 00:04:46
1259,click,2024-05-05 00:06:57
1259,click,2024-05-05 00:07:52
1259,purchase,2024-05-05 00:12:00
1259,click,2024-05-07 00:04:28
1259,view,2024-05-07 00:06:54
1259,view,2024-05-07 00:07:19
1259,click,2024-05-07 00:07:38
1259,click,2024-05-07 00:07:47
1259,view,2024-05-07 00:09:42
1259,view,2024-05-07 00:10:28
1259,view,2024-05-07 00:10:33
1259,purchase,2024-05-07 00:10:42
1259,click,2024-05-07 02:21:51
1259,purchase,2024-05-07 02:24:06
1259,click,2024-05-07 02:26:21
1259,view,2024-05-07 02:30:22
1259,click,2024-05-07 02:30:58
1259,click,2024-05-07 03:24:29
1259,view,2024-05-07 03:24:39
1259,click,2024-05-07 03:24:46
1259,view,2024-05-07 03:26:07
1259,click,2024-05-07 03:28:48
1259,view,2024-05-07 03:31:38
1259,view,2024-05-07 03:33:11
1259,view,2024-05-07 03:33:16
1259,view,2024-05-07 16:34:22
1259,view,2024-05-07 16:38:33
1259,view,2024-05-07 16:39:03
1259,click,2024-05-07 16:41:55
1260,view,2024-05-01 10:01:14
1260,view,2024-05-01 10:03:09
1260,click,2024-05-01 10:04:22
1260,view,2024-05-01 10:06:39
1260,view,2024-05-02 03:06:29
1260,click,2024-05-02 03:07:02
1260,view,2024-05-02 03:07:02
1260,view,2024-05-02 03:07:39
1260,click,2024-05-02 03:11:09
1260,view,2024-05-02 21:25:23
1260,view,2024-05-02 21:25:58
1260,view,2024-05-02 21:28:55
1260,click,2024-05-02 21:30:13
1260,purchase,2024-05-03 02:16:04
1260,view,2024-05-03 02:16:57
1260,click,2024-05-03 02:18:40
1260,click,2024-05-03 02:20:36
1260,click,2024-05-03 02:22:39
1260,view,2024-05-03 02:22:52
1260,view,2024-05-03 02:23:00
1260,purchase,2024-05-03 02:23:05
1260,view,2024-05-03 02:23:53
1260,view,2024-05-03 08:02:12
1260,click,2024-05-03 08:02:22
1260,view,2024-05-03 08:06:06
1260,view,2024-05-03 08:08:02
1260,click,2024-05-03 08:08:19
1260,view,2024-05-03 08:11:35
1260,view,2024-05-03 09:10:06
1260,view,2024-05-03 09:10:26
1260,purchase,2024-05-03 09:10:52
1260,click,2024-05-03 09:11:02
1260,view,2024-05-03 09:12:32
1260,view,2024-05-03 09:14:45
1260,purchase,2024-05-04 14:34:21
1260,view,2024-05-04 14:34:36
1260,view,2024-05-04 14:35:08
1260,view,2024-05-04 14:35:15
1260,view,2024-05-04 14:35:53
1260,view,2024-05-04 14:38:00
1260,view,2024-05-04 14:41:39
1260,view,2024-05-04 14:42:46
1260,click,2024-05-04 21:37:40
1260,view,2024-05-04 21:37:58
1260,view,2024-05-04 21:38:14
1260,click,2024-05-04 21:38:51
1260,click,2024-05-04 21:41:06
1260,view,2024-05-04 21:43:49
1260,purchase,2024-05-04 21:43:53
1260,view,2024-05-04 21:44:26
1260,purchase,2024-05-04 21:44:47
1260,view,2024-05-05 22:46:57
1260,view,2024-05-05 22:49:23
1260,click,2024-05-05 22:52:01
1260,view,2024-05-06 08:56:57
1260,purchase,2024-05-06 08:58:40
1260,view,2024-05-06 08:59:58
1260,view,2024-05-06 09:00:33
1260,view,2024-05-06 09:01:17
1260,view,2024-05-06 09:02:22
1260,view,2024-05-06 09:03:55
1260,view,2024-05-07 12:11:27
1260,purchase,2024-05-07 12:12:45
1260,view,2024-05-07 12:14:09
1261,view,2024-05-02 13:39:20
1261,purchase,2024-05-02 13:40:27
1261,view,2024-05-02 13:41:11
1261,view,2024-05-02 13:41:43
1261,view,2024-05-02 13:43:13
1261,view,2024-05-03 08:56:32
1261,view,2024-05-03 09:02:17
1261,view,2024-05-03 09:02:25
1261,view,2024-05-03 09:02:46
1261,view,2024-05-04 07:23:45
1261,view,2024-05-04 07:24:11
1261,click,2024-05-04 07:24:23
1261,click,2024-05-04 07:25:53
1261,purchase,2024-05-04 07:28:24
1261,view,2024-05-04 07:32:25
1261,view,2024-05-04 21:45:50
1261,view,2024-05-04 21:45:56
1261,view,2024-05-04 21:46:15
1261,view,2024-05-04 21:48:13
1261,view,2024-05-04 21:49:05
1261,click,2024-05-04 21:49:35
1261,click,2024-05-04 21:49:38
1261,click,2024-05-04 21:50:33
1261,view,2024-05-05 23:46:59
1261,view,2024-05-05 23:49:33
1261,view,2024-05-05 23:49:44
1261,view,2024-05-05 23:50:20
1261,purchase,2024-05-05 23:50:23
1261,view,2024-05-05 23:52:49
1261,view,2024-05-05 23:53:46
1261,view,2024-05-05 23:54:08
1261,view,2024-05-05 23:55:37
1261,view,2024-05-06 04:13:32
1261,view,2024-05-06 04:13:34
1261,purchase,2024-05-06 04:13:52
1261,click,2024-05-06 04:14:45
1261,click,2024-05-06 04:17:31
1261,click,2024-05-06 04:18:04
1261,view,2024-05-06 04:18:45
1261,view,2024-05-06 04:21:35
1261,purchase,2024-05-06 11:09:22
1261,view,2024-05-06 11:10:13
1261,view,2024-05-06 11:12:19
1261,view,2024-05-06 11:12:27
1261,click,2024-05-06 11:13:39
1261,click,2024-05-06 11:14:48
1261,click,2024-05-06 11:18:04
1261,view,2024-05-06 11:18:32
1261,click,2024-05-06 20:34:11
1261,view,2024-05-06 20:35:19
1261,click,2024-05-06 20:37:56
1261,view,2024-05-06 20:38:02
1261,purchase,2024-05-06 20:38:09
1261,view,2024-05-06 20:39:52
1261,view,2024-05-06 20:40:59
1261,view,2024-05-06 20:41:43
1261,view,2024-05-06 20:41:49
1261,click,2024-05-06 20:43:38
1261,view,2024-05-06 20:45:37
1261,view,2024-05-06 20:49:13
1261,view,2024-05-06 22:44:47
1261,view,2024-05-06 22:45:20
1261,click,2024-05-06 22:46:06
1261,click,2024-05-06 22:46:39
1261,view,2024-05-06 22:46:53
1261,click,2024-05-06 22:47:05
1261,view,2024-05-07 14:32:11
1261,view,2024-05-07 14:34:01
1261,click,2024-05-07 14:34:02
1261,purchase,2024-05-07 14:35:34
1261,click,2024-05-07 14:35:48
1261,view,2024-05-07 14:36:18
1261,view,2024-05-07 14:39:17
1261,view,2024-05-07 21:01:30
1261,click,2024-05-07 21:03:32
1261,view,2024-05-07 21:04:10
1261,view,2024-05-07 21:05:36
1261,view,2024-05-07 21:05:55
1261,click,2024-05-07 21:07:30
1261,click,2024-05-07 21:08:13
1261,click,2024-05-07 21:09:04
1261,view,2024-05-07 21:09:05
1262,click,2024-05-02 01:17:58
1262,view,2024-05-02 01:19:31
1262,view,2024-05-02 01:21:57
1262,view,2024-05-02 01:23:42
1262,view,2024-05-02 01:24:39
1262,view,2024-05-02 01:24:54
1262,click,2024-05-02 01:26:03
1262,view,2024-05-02 07:17:38
1262,view,2024-05-02 07:18:35
1262,view,2024-05-02 07:20:44
1262,click,2024-05-02 07:21:42
1262,view,2024-05-02 07:22:25
1262,view,2024-05-02 07:22:49
1262,click,2024-05-02 07:23:03
1262,purchase,2024-05-04 03:44:32
1262,view,2024-05-04 03:45:46
1262,click,2024-05-04 03:47:37
1262,view,2024-05-04 03:47:46
1262,view,2024-05-04 03:50:58
1262,view,2024-05-04 13:11:10
1262,click,2024-05-04 13:13:13
1262,click,2024-05-04 13:14:26
1262,view,2024-05-04 13:16:21
1262,view,2024-05-05 08:01:52
1262,view,2024-05-05 08:06:30
1262,view,2024-05-05 08:08:43
1262,click,2024-05-05 08:09:16
1262,view,2024-05-05 08:10:49
1262,view,2024-05-05 14:19:53
1262,click,2024-05-05 14:20:01
1262,click,2024-05-05 14:23:18
1262,click,2024-05-05 14:23:34
1262,click,2024-05-05 14:23:44
1262,view,2024-05-05 14:25:35
1262,view,2024-05-07 11:54:01
1262,view,2024-05-07 11:55:01
1262,view,2024-05-07 11:59:46
1262,view,2024-05-07 12:00:42
1263,click,2024-05-01 09:25:58
1263,click,2024-05-01 09:28:02
1263,view,2024-05-01 09:28:52
1263,view,2024-05-01 09:29:43
1263,click,2024-05-01 09:30:20
1263,click,2024-05-01 09:30:21
1263,view,2024-05-01 09:30:53
1263,view,2024-05-01 09:32:28
1263,click,2024-05-01 09:33:26
1263,click,2024-05-01 09:59:19
1263,click,2024-05-01 10:00:32
1263,view,2024-05-01 10:00:33
1263,purchase,2024-05-01 10:03:05
1263,view,2024-05-01 10:03:28
1263,view,2024-05-01 10:04:01
1263,view,2024-05-01 10:06:50
1263,view,2024-05-01 10:06:52
1263,view,2024-05-02 04:21:01
1263,purchase,2024-05-02 04:21:08
1263,click,2024-05-02 04:25:04
1263,view,2024-05-02 04:27:32
1263,view,2024-05-02 04:28:18
1263,click,2024-05-02 05:45:33
1263,view,2024-05-02 05:46:28
1263,purchase,2024-05-02 05:46:32
1263,click,2024-05-02 05:46:36
1263,view,2024-05-02 05:47:04
1263,click,2024-05-02 05:48:31
1263,click,2024-05-02 05:50:36
1263,view,2024-05-03 16:54:23
1263,click,2024-05-03 16:54:38
1263,view,2024-05-03 16:56:30
1263,click,2024-05-03 16:56:38
1263,click,2024-05-03 20:14:05
1263,view,2024-05-03 20:14:16
1263,click,2024-05-03 20:16:29
1263,purchase,2024-05-03 20:16:43
1263,click,2024-05-03 20:17:40
1263,view,2024-05-03 20:20:22
1263,click,2024-05-03 20:20:28
1263,view,2024-05-03 20:20:30
1263,purchase,2024-05-03 20:20:39
1263,view,2024-05-03 20:20:54
1263,view,2024-05-03 20:22:16
1263,purchase,2024-05-03 20:22:39
1263,view,2024-05-03 22:06:27
1263,click,2024-05-03 22:11:07
1263,view,2024-05-03 22:11:21
1263,view,2024-05-03 22:12:13
1263,purchase,2024-05-03 22:13:20
1263,click,2024-05-03 22:13:45
1263,click,2024-05-04 07:31:52
1263,view,2024-05-04 07:32:59
1263,view,2024-05-04 07:33:41
1263,view,2024-05-04 07:34:22
1263,view,2024-05-04 07:34:56
1263,click,2024-05-04 07:35:37
1263,view,2024-05-04 07:37:57
1263,click,2024-05-04 07:40:22
1263,purchase,2024-05-04 08:30:18
1263,view,2024-05-04 08:33:14
1263,view,2024-05-04 08:33:22
1263,view,2024-05-04 08:33:32
1263,click,2024-05-04 08:38:31
1263,click,2024-05-04 08:39:27
1263,purchase,2024-05-04 12:12:12
1263,click,2024-05-04 12:13:10
1263,view,2024-05-04 12:20:55
1263,view,2024-05-04 13:29:14
1263,view,2024-05-04 13:30:57
1263,view,2024-05-04 13:33:51
1263,view,2024-05-04 13:34:37
1263,purchase,2024-05-04 13:34:41
1263,view,2024-05-04 13:34:57
1263,view,2024-05-04 13:36:58
1263,view,2024-05-05 01:43:08
1263,view,2024-05-05 01:43:22
1263,view,2024-05-05 01:44:08
1263,click,2024-05-05 01:45:53
1263,purchase,2024-05-05 01:46:14
1263,click,2024-05-05 01:46:21
1263,click,2024-05-05 01:46:22
1263,click,2024-05-05 01:47:09
1263,purchase,2024-05-05 13:03:35
1263,click,2024-05-05 13:06:24
1263,view,2024-05-05 13:06:35
1263,click,2024-05-05 13:09:50
1263,view,2024-05-06 11:01:56
1263,click,2024-05-06 11:02:40
1263,purchase,2024-05-06 11:03:33
1263,click,2024-05-06 11:05:23
1263,view,2024-05-06 11:05:54
1263,purchase,2024-05-06 11:06:37
1263,click,2024-05-06 11:07:25
1263,view,2024-05-06 11:07:50
1263,click,2024-05-06 11:09:29
1263,click,2024-05-06 14:17:15
1263,click,2024-05-06 14:19:44
1263,view,2024-05-06 14:20:35
1263,click,2024-05-06 14:21:14
1263,view,2024-05-06 14:21:16
1263,purchase,2024-05-07 16:19:03
1263,view,2024-05-07 16:19:48
1263,view,2024-05-07 16:19:53
1263,purchase,2024-05-07 16:20:25
1263,view,2024-05-07 16:21:30
1263,purchase,2024-05-07 16:25:27
1264,view,2024-05-02 16:37:54
1264,view,2024-05-02 16:38:10
1264,view,2024-05-02 16:38:55
1264,view,2024-05-02 16:39:09
1264,purchase,2024-05-02 16:40:37
1264,view,2024-05-02 16:43:06
1264,purchase,2024-05-04 15:10:16
1264,click,2024-05-04 15:10:25
1264,view,2024-05-04 15:12:04
1264,view,2024-05-04 15:12:06
1264,purchase,2024-05-04 15:13:20
1264,view,2024-05-04 15:15:01
1264,click,2024-05-04 15:15:39
1264,click,2024-05-04 15:16:28
1264,click,2024-05-04 15:17:11
1264,click,2024-05-04 18:57:18
1264,view,2024-05-04 19:02:40
1264,click,2024-05-04 19:03:11
1264,view,2024-05-04 20:05:13
1264,click,2024-05-04 20:07:55
1264,click,2024-05-04 20:08:39
1264,view,2024-05-04 20:11:21
1264,click,2024-05-04 20:12:42
1264,view,2024-05-04 20:13:35
1264,view,2024-05-04 20:14:12
1264,view,2024-05-04 20:14:26
1264,click,2024-05-05 20:48:55
1264,click,2024-05-05 20:49:19
1264,purchase,2024-05-05 20:50:46
1264,view,2024-05-06 02:15:49
1264,purchase,2024-05-06 02:16:42
1264,view,2024-05-06 02:23:10
1264,click,2024-05-06 07:17:49
1264,view,2024-05-06 07:18:31
1264,view,2024-05-06 07:19:01
1264,view,2024-05-06 13:05:14
1264,click,2024-05-06 13:06:47
1264,click,2024-05-06 13:07:27
1264,view,2024-05-06 13:08:42
1264,purchase,2024-05-06 13:08:43
1264,view,2024-05-06 13:12:22
1264,purchase,2024-05-06 13:14:43
1264,view,2024-05-06 13:14:49
1265,view,2024-05-01 08:54:07
1265,click,2024-05-01 08:59:36
1265,view,2024-05-01 09:01:52
1265,view,2024-05-01 09:02:56
1265,view,2024-05-01 17:04:47
1265,view,2024-05-01 17:06:26
1265,view,2024-05-01 17:13:57
1265,view,2024-05-02 02:08:11
1265,view,2024-05-02 02:08:34
1265,view,2024-05-02 02:08:38
1265,click,2024-05-02 02:10:26
1265,view,2024-05-02 02:10:46
1265,view,2024-05-02 02:12:50
1265,view,2024-05-02 07:16:50
1265,view,2024-05-02 07:17:24
1265,click,2024-05-02 07:18:16
1265,click,2024-05-02 07:18:33
1265,click,2024-05-02 07:19:35
1265,view,2024-05-02 07:20:50
1265,view,2024-05-02 07:21:22
1265,purchase,2024-05-02 07:23:55
1265,view,2024-05-02 07:25:31
1265,click,2024-05-04 20:11:45
1265,click,2024-05-04 20:12:49
1265,view,2024-05-04 20:13:42
1265,view,2024-05-04 20:14:34
1265,view,2024-05-04 20:19:41
1265,view,2024-05-06 16:24:03
1265,view,2024-05-06 16:24:46
1265,view,2024-05-06 16:25:58
1265,click,2024-05-06 16:27:42
1265,click,2024-05-06 16:30:07
1265,view,2024-05-06 16:31:30
1265,view,2024-05-06 17:58:34
1265,click,2024-05-06 17:59:26
1265,view,2024-05-06 18:01:43
1265,view,2024-05-06 18:04:27
1265,click,2024-05-06 18:05:52
1265,click,2024-05-06 18:06:04
1265,view,2024-05-06 18:06:57
1265,view,2024-05-07 15:53:44
1265,click,2024-05-07 15:56:18
1265,view,2024-05-07 15:56:52
1265,click,2024-05-07 15:58:23
1265,view,2024-05-07 15:59:59
1265,view,2024-05-07 16:00:06
1265,view,2024-05-07 16:02:51
1266,view,2024-05-01 02:40:48
1266,click,2024-05-01 02:41:58
1266,view,2024-05-01 02:47:13
1266,view,2024-05-01 02:47:55
1266,view,2024-05-01 02:49:56
1266,view,2024-05-01 14:03:43
1266,view,2024-05-01 14:03:55
1266,click,2024-05-01 14:05:03
1266,click,2024-05-01 14:09:29
1266,view,2024-05-02 08:21:36
1266,view,2024-05-02 08:22:46
1266,view,2024-05-02 08:28:20
1266,view,2024-05-03 09:17:21
1266,click,2024-05-03 09:19:39
1266,purchase,2024-05-03 09:20:37
1266,click,2024-05-03 09:20:50
1266,purchase,2024-05-03 09:20:54
1266,view,2024-05-03 09:21:25
1266,view,2024-05-03 09:23:13
1266,view,2024-05-03 09:24:53
1266,view,2024-05-03 17:43:11
1266,purchase,2024-05-03 17:44:06
1266,view,2024-05-03 17:45:32
1266,view,2024-05-03 17:46:23
1266,view,2024-05-03 17:47:53
1266,view,2024-05-03 17:49:13
1266,click,2024-05-03 17:52:33
1266,view,2024-05-03 20:03:59
1266,view,2024-05-03 20:04:13
1266,click,2024-05-03 20:04:22
1266,view,2024-05-03 20:05:58
1266,click,2024-05-03 20:06:22
1266,view,2024-05-03 20:09:15
1266,view,2024-05-03 20:09:41
1266,view,2024-05-03 20:09:50
1266,click,2024-05-04 03:14:40
1266,view,2024-05-04 03:15:07
1266,view,2024-05-04 03:18:26
1266,view,2024-05-04 03:21:44
1266,click,2024-05-04 03:22:06
1266,view,2024-05-04 08:17:16
1266,purchase,2024-05-04 08:21:51
1266,view,2024-05-04 08:23:34
1266,click,2024-05-04 08:24:34
1266,view,2024-05-04 08:25:03
1266,view,2024-05-04 08:26:31
1266,click,2024-05-05 00:47:19
1266,click,2024-05-05 00:48:44
1266,purchase,2024-05-05 00:49:54
1266,click,2024-05-05 00:50:05
1266,view,2024-05-05 00:50:35
1266,click,2024-05-05 00:51:49
1266,view,2024-05-05 00:52:07
1266,view,2024-05-06 01:39:38
1266,click,2024-05-06 01:39:49
1266,purchase,2024-05-06 01:40:54
1266,view,2024-05-06 01:41:11
1266,view,2024-05-06 01:41:42
1266,view,2024-05-06 01:44:06
1266,click,2024-05-06 01:44:48
1266,click,2024-05-06 01:47:48
1266,click,2024-05-06 01:48:30
1266,click,2024-05-06 09:10:14
1266,view,2024-05-06 09:10:15
1266,view,2024-05-06 09:10:52
1266,view,2024-05-06 09:10:54
1266,view,2024-05-06 09:13:23
1266,view,2024-05-06 09:17:47
1266,view,2024-05-06 16:49:50
1266,view,2024-05-06 16:50:13
1266,purchase,2024-05-06 16:53:23
1266,view,2024-05-06 16:54:55
1266,click,2024-05-06 16:55:39
1266,click,2024-05-06 16:56:07
1266,purchase,2024-05-06 16:56:15
1266,view,2024-05-06 16:57:31
1266,view,2024-05-07 19:28:43
1266,view,2024-05-07 19:30:31
1266,click,2024-05-07 19:33:23
1266,view,2024-05-07 19:35:12
1266,click,2024-05-07 19:37:23
1266,view,2024-05-07 19:37:50
1267,click,2024-05-01 04:21:15
1267,view,2024-05-01 04:21:48
1267,view,2024-05-01 04:23:12
1267,click,2024-05-01 04:24:40
1267,click,2024-05-01 04:24:43
1267,click,2024-05-01 04:28:52
1267,view,2024-05-01 06:26:45
1267,view,2024-05-01 06:28:49
1267,view,2024-05-01 06:30:07
1267,view,2024-05-01 06:33:07
1267,purchase,2024-05-01 06:33:31
1267,purchase,2024-05-01 06:34:10
1267,view,2024-05-01 06:35:49
1267,view,2024-05-01 17:24:06
1267,view,2024-05-01 17:26:13
1267,view,2024-05-01 17:29:05
1267,view,2024-05-02 04:56:03
1267,view,2024-05-02 04:58:42
1267,view,2024-05-02 04:58:46
1267,view,2024-05-02 04:59:52
1267,click,2024-05-02 05:01:10
1267,click,2024-05-02 05:01:18
1267,click,2024-05-02 05:01:26
1267,view,2024-05-02 05:01:40
1267,view,2024-05-02 14:05:12
1267,view,2024-05-02 14:05:13
1267,view,2024-05-02 14:09:31
1267,view,2024-05-02 14:10:00
1267,purchase,2024-05-02 14:10:31
1267,click,2024-05-02 14:10:44
1267,click,2024-05-02 14:11:48
1267,purchase,2024-05-03 08:29:18
1267,view,2024-05-03 08:30:16
1267,view,2024-05-03 08:32:21
1267,purchase,2024-05-03 08:35:33
1267,view,2024-05-03 08:36:24
1267,view,2024-05-03 08:36:30
1267,view,2024-05-03 08:36:38
1267,click,2024-05-03 08:38:29
1267,view,2024-05-03 08:38:36
1267,click,2024-05-04 05:18:24
1267,purchase,2024-05-04 05:18:28
1267,view,2024-05-04 05:19:44
1267,click,2024-05-04 05:23:23
1267,view,2024-05-04 07:12:17
1267,view,2024-05-04 07:13:15
1267,view,2024-05-04 07:14:47
1267,click,2024-05-04 07:15:44
1267,click,2024-05-04 07:16:07
1267,view,2024-05-04 07:16:24
1267,view,2024-05-04 07:18:38
1267,click,2024-05-04 07:19:50
1267,click,2024-05-04 10:16:28
1267,click,2024-05-04 10:19:04
1267,view,2024-05-04 10:19:53
1267,view,2024-05-04 10:20:00
1267,view,2024-05-04 10:20:56
1267,view,2024-05-04 10:22:46
1267,purchase,2024-05-04 10:23:06
1267,click,2024-05-04 10:23:31
1267,view,2024-05-05 08:22:49
1267,view,2024-05-05 08:22:52
1267,click,2024-05-05 08:23:03
1267,view,2024-05-05 08:26:04
1267,view,2024-05-05 08:26:49
1267,view,2024-05-06 09:38:12
1267,click,2024-05-06 09:39:37
1267,view,2024-05-06 09:40:32
1267,view,2024-05-06 09:44:18
1267,click,2024-05-06 09:44:27
1267,view,2024-05-06 09:44:41
1267,view,2024-05-06 09:44:53
1267,click,2024-05-06 09:45:54
1267,click,2024-05-06 10:32:04
1267,click,2024-05-06 10:33:08
1267,view,2024-05-06 10:37:31
1267,view,2024-05-06 10:37:49
1267,view,2024-05-06 12:14:37
1267,view,2024-05-06 12:15:04
1267,purchase,2024-05-06 12:15:12
1267,view,2024-05-06 12:15:43
1267,view,2024-05-06 12:17:18
1267,view,2024-05-06 12:17:50
1267,view,2024-05-06 12:19:21
1267,view,2024-05-06 12:19:35
1267,click,2024-05-06 12:19:54
1267,view,2024-05-06 14:40:49
1267,view,2024-05-06 14:41:17
1267,click,2024-05-06 14:41:32
1267,view,2024-05-06 14:43:02
1267,view,2024-05-06 14:43:50
1267,view,2024-05-06 14:45:53
1267,view,2024-05-06 14:47:50
1267,click,2024-05-06 14:48:03
1267,view,2024-05-07 08:18:14
1267,view,2024-05-07 08:21:57
1267,view,2024-05-07 08:24:39
1267,view,2024-05-07 08:27:28
1268,click,2024-05-02 02:19:18
1268,view,2024-05-02 02:20:24
1268,view,2024-05-02 02:27:58
1268,view,2024-05-02 02:28:30
1268,view,2024-05-02 02:28:51
1268,click,2024-05-02 14:26:29
1268,view,2024-05-02 14:29:41
1268,view,2024-05-02 14:29:46
1268,purchase,2024-05-02 14:30:05
1268,view,2024-05-02 14:32:09
1268,view,2024-05-02 14:33:02
1268,purchase,2024-05-02 14:34:01
1268,click,2024-05-02 14:34:55
1268,view,2024-05-02 21:07:46
1268,view,2024-05-02 21:09:06
1268,view,2024-05-02 21:12:23
1268,view,2024-05-02 21:12:24
1268,view,2024-05-02 21:12:35
1268,view,2024-05-03 08:17:37
1268,click,2024-05-03 08:21:07
1268,view,2024-05-03 08:22:53
1268,view,2024-05-03 08:23:24
1268,purchase,2024-05-03 08:25:37
1268,view,2024-05-04 13:39:47
1268,purchase,2024-05-04 13:45:23
1268,view,2024-05-04 13:47:53
1268,view,2024-05-04 13:48:58
1268,view,2024-05-05 01:49:40
1268,view,2024-05-05 01:51:07
1268,click,2024-05-05 01:52:26
1268,view,2024-05-05 01:52:56
1268,view,2024-05-05 01:53:24
1268,view,2024-05-05 01:53:37
1268,click,2024-05-05 01:54:02
1268,view,2024-05-05 01:54:30
1268,purchase,2024-05-05 01:58:09
1268,click,2024-05-05 07:35:22
1268,view,2024-05-05 07:35:35
1268,purchase,2024-05-05 07:35:58
1268,purchase,2024-05-05 07:38:08
1268,view,2024-05-05 07:38:59
1268,purchase,2024-05-05 07:40:18
1268,view,2024-05-05 07:42:53
1268,view,2024-05-06 09:58:18
1268,click,2024-05-06 09:58:30
1268,view,2024-05-06 10:02:55
1268,click,2024-05-06 10:07:46
1268,purchase,2024-05-06 17:01:37
1268,click,2024-05-06 17:02:53
1268,click,2024-05-06 17:03:22
1268,purchase,2024-05-06 17:03:56
1268,view,2024-05-06 17:04:27
1268,view,2024-05-06 17:05:54
1268,view,2024-05-06 17:06:34
1268,view,2024-05-06 17:06:48
1268,view,2024-05-06 17:08:00
1268,click,2024-05-06 17:08:18
1268,click,2024-05-06 17:09:27
1268,click,2024-05-06 17:11:06
1269,click,2024-05-02 02:47:42
1269,view,2024-05-02 02:49:27
1269,click,2024-05-02 02:50:16
1269,view,2024-05-02 05:31:13
1269,purchase,2024-05-02 05:32:39
1269,click,2024-05-02 05:33:21
1269,click,2024-05-02 05:34:32
1269,view,2024-05-02 05:37:34
1269,view,2024-05-02 12:14:40
1269,click,2024-05-02 12:15:02
1269,view,2024-05-02 12:15:49
1269,purchase,2024-05-02 12:17:51
1269,click,2024-05-02 12:21:33
1269,click,2024-05-02 12:23:48
1269,purchase,2024-05-02 18:38:10
1269,click,2024-05-02 18:39:16
1269,view,2024-05-02 18:41:40
1269,click,2024-05-02 18:42:01
1269,click,2024-05-02 18:43:01
1269,purchase,2024-05-02 18:46:09
1269,view,2024-05-02 18:46:35
1269,click,2024-05-02 22:50:05
1269,view,2024-05-02 22:55:42
1269,click,2024-05-02 22:57:21
1269,view,2024-05-02 22:57:59
1269,view,2024-05-04 08:48:36
1269,view,2024-05-04 08:51:15
1269,view,2024-05-04 08:57:54
1269,view,2024-05-06 00:47:11
1269,view,2024-05-06 00:47:25
1269,view,2024-05-06 00:47:46
1269,click,2024-05-06 00:51:42
1269,click,2024-05-06 00:51:43
1269,view,2024-05-06 23:13:29
1269,purchase,2024-05-06 23:13:45
1269,view,2024-05-06 23:14:32
1269,click,2024-05-06 23:18:51
1269,click,2024-05-06 23:19:22
1269,view,2024-05-06 23:19:46
1269,view,2024-05-06 23:20:27
1269,view,2024-05-06 23:20:48
1269,view,2024-05-07 09:20:23
1269,click,2024-05-07 09:21:34
1269,view,2024-05-07 09:21:37
1269,view,2024-05-07 09:21:48
1269,view,2024-05-07 09:23:03
1269,view,2024-05-07 09:23:30
1269,view,2024-05-07 09:24:31
1269,click,2024-05-07 09:25:07
1270,purchase,2024-05-03 03:00:27
1270,view,2024-05-03 03:01:26
1270,view,2024-05-03 03:02:31
1270,click,2024-05-03 03:03:23
1270,view,2024-05-03 03:03:24
1270,click,2024-05-03 03:05:48
1270,view,2024-05-03 03:06:01
1270,click,2024-05-03 03:08:25
1270,purchase,2024-05-03 03:08:51
1270,click,2024-05-03 04:15:43
1270,view,2024-05-03 04:17:43
1270,view,2024-05-03 04:17:54
1270,view,2024-05-03 04:19:34
1270,view,2024-05-03 17:59:28
1270,click,2024-05-03 18:01:12
1270,click,2024-05-03 18:05:31
1270,view,2024-05-03 23:57:01
1270,click,2024-05-03 23:59:07
1270,view,2024-05-03 23:59:25
1270,view,2024-05-03 23:59:35
1270,purchase,2024-05-03 23:59:54
1270,view,2024-05-04 00:02:32
1270,view,2024-05-05 01:13:18
1270,view,2024-05-05 01:15:28
1270,view,2024-05-05 01:15:29
1270,view,2024-05-05 01:17:35
1270,view,2024-05-05 01:17:58
1270,click,2024-05-05 23:20:15
1270,click,2024-05-05 23:20:43
1270,view,2024-05-05 23:22:00
1270,click,2024-05-06 02:28:29
1270,click,2024-05-06 02:29:53
1270,view,2024-05-06 02:30:32
1270,purchase,2024-05-06 02:31:01
1270,purchase,2024-05-06 02:31:25
1270,view,2024-05-06 02:32:10
1270,click,2024-05-06 02:32:30
1270,view,2024-05-06 02:44:41
1270,click,2024-05-06 02:44:43
1270,click,2024-05-06 02:47:47
1270,view,2024-05-06 02:48:06
1270,purchase,2024-05-06 02:49:08
1270,view,2024-05-06 02:51:04
1270,view,2024-05-06 02:53:25
1270,view,2024-05-06 15:24:48
1270,click,2024-05-06 15:25:36
1270,view,2024-05-06 15:27:13
1270,click,2024-05-06 15:29:23
1270,view,2024-05-06 15:32:16
1270,view,2024-05-06 15:33:34
1270,click,2024-05-06 15:33:46
1270,view,2024-05-07 11:57:18
1270,view,2024-05-07 11:59:43
1270,click,2024-05-07 12:06:02
1270,view,2024-05-07 17:21:17
1270,view,2024-05-07 17:21:47
1270,view,2024-05-07 17:23:12
1270,click,2024-05-07 17:29:36
1270,click,2024-05-07 17:30:36
1271,view,2024-05-01 22:59:24
1271,view,2024-05-01 23:00:56
1271,click,2024-05-01 23:01:27
1271,view,2024-05-01 23:03:04
1271,click,2024-05-01 23:03:49
1271,view,2024-05-01 23:06:13
1271,view,2024-05-01 23:06:37
1271,click,2024-05-02 16:50:19
1271,click,2024-05-02 16:50:20
1271,click,2024-05-02 16:51:25
1271,click,2024-05-02 16:52:33
1271,view,2024-05-02 16:53:14
1271,click,2024-05-02 16:53:27
1271,view,2024-05-02 16:55:04
1271,view,2024-05-02 16:55:38
1271,view,2024-05-02 16:59:54
1271,click,2024-05-04 08:25:07
1271,view,2024-05-04 08:25:34
1271,click,2024-05-04 08:26:02
1271,view,2024-05-04 08:29:36
1271,click,2024-05-04 08:30:53
1271,click,2024-05-05 08:06:42
1271,purchase,2024-05-05 08:08:44
1271,view,2024-05-05 08:09:44
1271,view,2024-05-05 08:13:15
1271,click,2024-05-05 08:13:38
1271,view,2024-05-05 08:15:37
1271,view,2024-05-07 03:21:26
1271,view,2024-05-07 03:22:10
1271,view,2024-05-07 03:23:04
1271,view,2024-05-07 03:24:39
1271,view,2024-05-07 03:28:56
1272,view,2024-05-01 01:06:23
1272,click,2024-05-01 01:07:31
1272,view,2024-05-01 01:08:09
1272,purchase,2024-05-01 01:10:46
1272,purchase,2024-05-01 01:11:06
1272,view,2024-05-01 01:11:27
1272,click,2024-05-01 01:12:09
1272,click,2024-05-01 01:12:15
1272,view,2024-05-01 10:22:30
1272,click,2024-05-01 10:24:35
1272,view,2024-05-01 10:27:44
1272,click,2024-05-01 10:29:45
1272,view,2024-05-01 10:30:33
1272,view,2024-05-01 10:31:32
1272,view,2024-05-01 10:42:44
1272,purchase,2024-05-01 10:45:08
1272,view,2024-05-01 10:47:39
1272,view,2024-05-01 21:23:24
1272,view,2024-05-01 21:23:51
1272,view,2024-05-01 21:24:09
1272,click,2024-05-01 21:27:30
1272,view,2024-05-01 21:29:49
1272,view,2024-05-01 21:30:53
1272,view,2024-05-01 21:31:54
1272,purchase,2024-05-01 23:25:08
1272,view,2024-05-01 23:25:42
1272,purchase,2024-05-01 23:26:40
1272,click,2024-05-01 23:27:09
1272,view,2024-05-01 23:31:18
1272,view,2024-05-01 23:32:22
1272,purchase,2024-05-01 23:32:47
1272,click,2024-05-01 23:33:00
1272,view,2024-05-02 01:51:09
1272,click,2024-05-02 01:56:22
1272,purchase,2024-05-02 01:56:32
1272,click,2024-05-02 01:57:00
1272,click,2024-05-02 01:58:25
1272,view,2024-05-05 11:12:25
1272,click,2024-05-05 11:13:45
1272,click,2024-05-05 11:16:25
1272,view,2024-05-05 11:17:01
1272,view,2024-05-05 11:17:02
1272,view,2024-05-05 11:17:30
1272,purchase,2024-05-05 11:18:11
1272,view,2024-05-05 11:20:50
1272,view,2024-05-05 11:20:50
1272,click,2024-05-05 17:15:49
1272,click,2024-05-05 17:16:22
1272,view,2024-05-05 17:17:30
1272,click,2024-05-05 17:17:47
1272,click,2024-05-05 17:23:06
1272,click,2024-05-05 22:00:51
1272,click,2024-05-05 22:01:13
1272,purchase,2024-05-05 22:03:45
1272,view,2024-05-05 22:05:19
1272,view,2024-05-05 22:05:38
1272,view,2024-05-05 22:05:58
1272,view,2024-05-05 22:06:44
1272,view,2024-05-05 22:07:04
1272,click,2024-05-05 22:08:32
1272,view,2024-05-06 17:27:52
1272,view,2024-05-06 17:29:20
1272,view,2024-05-06 17:30:23
1272,view,2024-05-06 17:31:21
1272,click,2024-05-06 17:32:09
1272,click,2024-05-06 17:32:15
1272,view,2024-05-06 17:32:44
1272,view,2024-05-06 17:34:07
1272,view,2024-05-07 07:44:51
1272,click,2024-05-07 07:46:40
1272,view,2024-05-07 07:47:36
1272,click,2024-05-07 07:50:18
1272,purchase,2024-05-07 07:50:18
1272,click,2024-05-07 07:51:14
1272,click,2024-05-07 07:51:30
1272,view,2024-05-07 07:52:04
1272,view,2024-05-07 17:07:26
1272,purchase,2024-05-07 17:10:59
1272,click,2024-05-07 17:12:15
1272,purchase,2024-05-07 17:12:25
1272,view,2024-05-07 17:13:24
1273,view,2024-05-01 03:38:50
1273,click,2024-05-01 03:40:17
1273,purchase,2024-05-01 03:41:34
1273,view,2024-05-01 03:44:50
1273,view,2024-05-01 03:47:16
1273,view,2024-05-02 05:58:32
1273,click,2024-05-02 06:01:32
1273,click,2024-05-02 06:04:22
1273,view,2024-05-02 06:04:24
1273,view,2024-05-02 06:04:43
1273,click,2024-05-02 06:07:25
1273,view,2024-05-03 05:11:09
1273,view,2024-05-03 05:11:22
1273,click,2024-05-03 05:14:14
1273,click,2024-05-04 00:06:25
1273,view,2024-05-04 00:08:36
1273,view,2024-05-04 00:10:19
1273,click,2024-05-04 05:50:12
1273,click,2024-05-04 05:50:16
1273,view,2024-05-04 05:51:36
1273,click,2024-05-04 05:52:59
1273,click,2024-05-04 05:53:36
1273,view,2024-05-04 05:56:24
1273,view,2024-05-04 05:56:41
1273,view,2024-05-04 05:58:27
1273,view,2024-05-05 10:22:01
1273,view,2024-05-05 10:22:28
1273,view,2024-05-05 10:24:51
1273,purchase,2024-05-05 10:29:18
1273,click,2024-05-05 10:29:28
1273,view,2024-05-05 10:29:32
1274,view,2024-05-01 03:07:55
1274,click,2024-05-01 03:08:45
1274,view,2024-05-01 03:09:16
1274,view,2024-05-01 03:10:31
1274,click,2024-05-01 03:10:36
1274,view,2024-05-01 03:13:56
1274,view,2024-05-01 19:57:22
1274,view,2024-05-01 19:59:18
1274,view,2024-05-01 19:59:22
1274,view,2024-05-01 20:01:22
1274,view,2024-05-01 20:01:59
1274,click,2024-05-02 04:50:12
1274,purchase,2024-05-02 04:55:47
1274,view,2024-05-02 04:57:21
1274,view,2024-05-02 04:57:34
1274,view,2024-05-02 15:45:33
1274,view,2024-05-02 15:45:43
1274,click,2024-05-02 15:45:44
1274,view,2024-05-02 15:46:44
1274,view,2024-05-02 15:50:56
1274,view,2024-05-02 15:51:15
1274,view,2024-05-02 15:51:39
1274,view,2024-05-02 15:52:42
1274,view,2024-05-02 15:53:32
1274,view,2024-05-03 20:28:32
1274,view,2024-05-03 20:29:45
1274,view,2024-05-03 20:30:23
1274,view,2024-05-03 20:30:43
1274,click,2024-05-03 20:31:58
1274,view,2024-05-03 20:34:24
1274,view,2024-05-03 20:35:07
1274,view,2024-05-03 20:35:50
1274,view,2024-05-04 06:20:32
1274,view,2024-05-04 06:23:42
1274,click,2024-05-04 06:23:46
1274,view,2024-05-04 06:24:44
1274,view,2024-05-04 06:25:16
1274,click,2024-05-04 06:26:10
1274,click,2024-05-04 06:26:15
1274,view,2024-05-04 06:28:43
1274,view,2024-05-04 19:25:21
1274,view,2024-05-04 19:27:07
1274,view,2024-05-04 19:27:47
1274,click,2024-05-04 19:31:22
1274,view,2024-05-04 19:32:20
1274,view,2024-05-04 19:33:37
1274,view,2024-05-04 19:33:47
1274,view,2024-05-04 19:34:18
1274,view,2024-05-04 19:34:57
1274,view,2024-05-05 11:47:30
1274,purchase,2024-05-05 11:48:34
1274,view,2024-05-05 11:48:39
1274,view,2024-05-05 11:49:53
1274,view,2024-05-05 11:51:16
1274,view,2024-05-05 11:53:54
1274,purchase,2024-05-05 11:54:40
1274,click,2024-05-05 11:55:24
1274,click,2024-05-05 14:39:48
1274,purchase,2024-05-05 14:39:52
1274,view,2024-05-05 14:40:28
1274,view,2024-05-05 14:43:02
1274,view,2024-05-05 14:45:41
1274,click,2024-05-07 16:46:29
1274,click,2024-05-07 16:47:55
1274,view,2024-05-07 16:48:49
1274,view,2024-05-07 16:51:22
1274,view,2024-05-07 20:59:48
1274,view,2024-05-07 21:00:26
1274,view,2024-05-07 21:01:02
1274,click,2024-05-07 21:01:49
1274,view,2024-05-07 21:07:59
1275,view,2024-05-01 14:57:54
1275,view,2024-05-01 14:59:23
1275,click,2024-05-01 15:00:26
1275,view,2024-05-01 15:01:08
1275,click,2024-05-01 15:02:45
1275,view,2024-05-01 15:03:38
1275,click,2024-05-01 15:03:51
1275,view,2024-05-01 15:04:20
1275,view,2024-05-01 15:04:43
1275,click,2024-05-04 19:25:57
1275,purchase,2024-05-04 19:26:04
1275,view,2024-05-04 19:29:06
1275,click,2024-05-04 19:29:06
1275,view,2024-05-04 19:29:26
1275,view,2024-05-04 19:29:32
1275,purchase,2024-05-04 19:31:14
1275,view,2024-05-04 19:32:35
1275,view,2024-05-04 19:32:53
1275,view,2024-05-05 18:03:49
1275,click,2024-05-05 18:06:21
1275,click,2024-05-05 18:07:50
1275,view,2024-05-06 00:46:45
1275,view,2024-05-06 00:47:04
1275,view,2024-05-06 00:48:09
1275,click,2024-05-06 00:49:47
1275,view,2024-05-06 00:53:01
1275,view,2024-05-06 00:53:26
1275,view,2024-05-06 00:54:37
1275,purchase,2024-05-06 16:32:24
1275,view,2024-05-06 16:35:02
1275,purchase,2024-05-06 16:38:06
1276,view,2024-05-01 00:38:51
1276,view,2024-05-01 00:40:57
1276,click,2024-05-01 00:42:57
1276,view,2024-05-01 00:46:57
1276,view,2024-05-01 03:07:30
1276,click,2024-05-01 03:07:39
1276,view,2024-05-01 03:09:15
1276,view,2024-05-01 03:09:50
1276,purchase,2024-05-01 03:10:24
1276,click,2024-05-01 03:10:32
1276,view,2024-05-01 03:10:43
1276,view,2024-05-01 03:11:47
1276,view,2024-05-01 03:12:00
1276,view,2024-05-01 09:30:23
1276,view,2024-05-01 09:31:17
1276,click,2024-05-01 09:32:17
1276,click,2024-05-01 09:33:02
1276,view,2024-05-01 09:33:34
1276,click,2024-05-01 09:34:58
1276,view,2024-05-01 09:38:23
1276,click,2024-05-01 09:38:45
1276,view,2024-05-01 09:39:38
1276,view,2024-05-01 14:04:28
1276,click,2024-05-01 14:05:21
1276,click,2024-05-01 14:10:00
1276,view,2024-05-01 14:13:10
1276,view,2024-05-01 14:13:38
1276,click,2024-05-02 07:06:22
1276,view,2024-05-02 07:06:46
1276,purchase,2024-05-02 07:07:40
1276,view,2024-05-02 07:09:50
1276,purchase,2024-05-02 07:11:06
1276,click,2024-05-02 07:12:18
1276,view,2024-05-02 07:12:28
1276,view,2024-05-02 07:12:53
1276,click,2024-05-02 07:14:01
1276,view,2024-05-02 13:18:17
1276,view,2024-05-02 13:19:59
1276,view,2024-05-02 13:21:23
1276,view,2024-05-02 13:21:37
1276,purchase,2024-05-02 13:23:44
1276,view,2024-05-02 13:23:59
1276,click,2024-05-02 13:24:18
1276,view,2024-05-02 13:24:54
1276,view,2024-05-02 16:05:34
1276,view,2024-05-02 16:08:07
1276,view,2024-05-02 16:09:34
1276,view,2024-05-02 16:10:20
1276,view,2024-05-02 16:13:25
1276,click,2024-05-02 16:13:46
1276,click,2024-05-02 18:35:34
1276,view,2024-05-02 18:37:18
1276,purchase,2024-05-02 18:37:50
1276,click,2024-05-02 18:39:00
1276,view,2024-05-02 18:39:00
1276,click,2024-05-02 18:39:26
1276,view,2024-05-02 18:39:50
1276,view,2024-05-02 18:41:52
1276,click,2024-05-03 01:11:42
1276,click,2024-05-03 01:13:37
1276,view,2024-05-03 01:14:21
1276,view,2024-05-03 01:18:29
1276,view,2024-05-03 07:04:53
1276,view,2024-05-03 07:09:41
1276,view,2024-05-03 07:10:31
1276,view,2024-05-03 07:11:52
1276,view,2024-05-03 07:11:56
1276,click,2024-05-04 09:59:20
1276,click,2024-05-04 10:00:53
1276,view,2024-05-04 10:01:17
1276,view,2024-05-04 10:01:20
1276,click,2024-05-04 10:04:46
1276,view,2024-05-04 10:05:53
1276,view,2024-05-04 10:06:12
1276,view,2024-05-04 10:07:43
1276,view,2024-05-04 10:08:23
1276,view,2024-05-04 13:14:25
1276,view,2024-05-04 13:14:32
1276,click,2024-05-04 13:15:26
1276,view,2024-05-04 13:18:18
1276,view,2024-05-04 13:18:35
1276,click,2024-05-04 13:20:47
1276,purchase,2024-05-05 14:22:42
1276,click,2024-05-05 14:24:49
1276,view,2024-05-05 14:25:18
1276,view,2024-05-05 14:26:01
1276,view,2024-05-06 13:37:31
1276,view,2024-05-06 13:37:42
1276,view,2024-05-06 13:38:02
1276,view,2024-05-06 13:39:12
1276,click,2024-05-06 13:41:20
1276,purchase,2024-05-06 13:45:29
1276,view,2024-05-07 09:56:59
1276,view,2024-05-07 09:59:11
1276,view,2024-05-07 10:02:46
1276,click,2024-05-07 10:02:53
1276,click,2024-05-07 10:04:55
1276,view,2024-05-07 10:05:01
1276,view,2024-05-07 11:40:27
1276,view,2024-05-07 11:40:59
1276,purchase,2024-05-07 11:41:11
1277,click,2024-05-03 18:32:54
1277,view,2024-05-03 18:34:08
1277,view,2024-05-03 18:35:43
1277,view,2024-05-05 00:56:08
1277,view,2024-05-05 00:58:10
1277,view,2024-05-05 00:58:46
1277,view,2024-05-05 01:01:18
1277,click,2024-05-05 01:01:41
1277,click,2024-05-05 01:02:56
1277,view,2024-05-05 01:03:29
1277,view,2024-05-05 01:04:07
1277,click,2024-05-05 01:04:22
1277,click,2024-05-05 04:04:05
1277,click,2024-05-05 04:04:21
1277,view,2024-05-05 04:07:18
1277,view,2024-05-05 04:08:45
1277,view,2024-05-05 04:09:56
1277,view,2024-05-05 04:10:40
1277,view,2024-05-06 05:17:10
1277,view,2024-05-06 05:17:36
1277,click,2024-05-06 05:20:22
1277,click,2024-05-06 05:22:04
1277,view,2024-05-06 05:24:37
1277,view,2024-05-06 05:26:00
1277,click,2024-05-06 19:28:19
1277,view,2024-05-06 19:28:48
1277,view,2024-05-06 19:29:12
1277,view,2024-05-06 19:35:53
1277,view,2024-05-06 19:38:00
1277,view,2024-05-07 02:39:05
1277,purchase,2024-05-07 02:39:11
1277,view,2024-05-07 02:42:24
1277,click,2024-05-07 02:43:51
1278,view,2024-05-01 14:33:53
1278,view,2024-05-01 14:36:21
1278,view,2024-05-01 14:36:35
1278,click,2024-05-01 14:37:13
1278,purchase,2024-05-01 14:37:16
1278,view,2024-05-01 14:39:07
1278,view,2024-05-01 14:40:08
1278,view,2024-05-03 07:23:38
1278,click,2024-05-03 07:23:54
1278,click,2024-05-03 07:26:01
1278,click,2024-05-03 07:28:35
1278,view,2024-05-03 07:28:54
1278,view,2024-05-03 07:30:38
1278,purchase,2024-05-03 07:30:40
1278,view,2024-05-03 07:31:35
1278,click,2024-05-03 07:31:37
1278,click,2024-05-03 08:46:16
1278,view,2024-05-03 08:49:05
1278,view,2024-05-03 08:50:21
1278,view,2024-05-03 08:52:03
1278,view,2024-05-03 08:52:44
1278,click,2024-05-03 08:53:30
1278,purchase,2024-05-03 08:53:55
1278,view,2024-05-03 08:55:02
1278,view,2024-05-03 08:55:47
1278,view,2024-05-04 08:52:27
1278,view,2024-05-04 08:52:35
1278,view,2024-05-04 08:54:27
1278,view,2024-05-04 08:54:57
1278,purchase,2024-05-04 08:55:19
1278,view,2024-05-04 08:56:14
1278,click,2024-05-04 08:57:28
1278,view,2024-05-04 08:59:23
1278,view,2024-05-04 08:59:50
1278,view,2024-05-04 21:25:08
1278,purchase,2024-05-04 21:31:00
1278,click,2024-05-04 21:31:58
1278,view,2024-05-04 21:32:58
1278,view,2024-05-05 06:59:11
1278,click,2024-05-05 07:00:48
1278,view,2024-05-05 07:03:26
1278,purchase,2024-05-05 07:03:38
1278,view,2024-05-05 07:05:59
1278,view,2024-05-05 07:06:30
1278,click,2024-05-05 16:51:10
1278,click,2024-05-05 16:52:09
1278,view,2024-05-05 16:52:59
1278,view,2024-05-05 16:54:26
1278,click,2024-05-05 16:59:41
1279,click,2024-05-01 07:05:32
1279,view,2024-05-01 07:07:25
1279,click,2024-05-01 07:07:55
1279,view,2024-05-01 07:08:11
1279,click,2024-05-01 07:09:05
1279,view,2024-05-01 07:09:24
1279,view,2024-05-01 07:10:43
1279,purchase,2024-05-01 07:13:20
1279,click,2024-05-01 07:13:21
1279,view,2024-05-01 21:21:14
1279,view,2024-05-01 21:21:19
1279,click,2024-05-01 21:23:31
1279,click,2024-05-01 21:26:49
1279,view,2024-05-02 01:36:46
1279,purchase,2024-05-02 01:36:58
1279,view,2024-05-02 01:37:02
1279,view,2024-05-02 01:39:16
1279,view,2024-05-02 01:39:29
1279,purchase,2024-05-02 01:40:16
1279,click,2024-05-02 01:41:12
1279,click,2024-05-02 01:41:32
1279,purchase,2024-05-02 01:43:49
1279,view,2024-05-03 09:27:27
1279,click,2024-05-03 09:27:48
1279,click,2024-05-03 09:32:15
1279,purchase,2024-05-03 09:36:38
1279,view,2024-05-03 09:36:59
1279,view,2024-05-04 00:42:10
1279,view,2024-05-04 00:43:33
1279,click,2024-05-04 00:45:00
1279,purchase,2024-05-04 00:51:23
1279,view,2024-05-05 20:57:15
1279,view,2024-05-05 21:01:47
1279,view,2024-05-05 21:02:16
1279,view,2024-05-05 21:05:46
1279,view,2024-05-05 21:06:11
1279,purchase,2024-05-05 21:06:42
1279,view,2024-05-05 22:46:57
1279,view,2024-05-05 22:48:16
1279,click,2024-05-05 22:49:57
1279,click,2024-05-05 22:50:24
1279,click,2024-05-05 22:50:24
1279,view,2024-05-05 22:53:54
1279,click,2024-05-05 22:54:21
1279,view,2024-05-05 22:54:45
1279,view,2024-05-07 00:06:11
1279,view,2024-05-07 00:07:14
1279,click,2024-05-07 00:07:28
1279,view,2024-05-07 05:47:53
1279,view,2024-05-07 05:49:08
1279,view,2024-05-07 05:50:05
1279,view,2024-05-07 05:50:33
1279,click,2024-05-07 05:52:06
1279,click,2024-05-07 05:52:39
1279,view,2024-05-07 05:53:18
1279,view,2024-05-07 05:55:21
1279,click,2024-05-07 20:40:49
1279,click,2024-05-07 20:45:07
1279,view,2024-05-07 20:45:39
1279,view,2024-05-07 20:46:41
1280,view,2024-05-01 13:26:02
1280,view,2024-05-01 13:27:22
1280,click,2024-05-01 13:29:14
1280,view,2024-05-02 16:30:56
1280,view,2024-05-02 16:32:40
1280,click,2024-05-02 16:35:59
1280,click,2024-05-02 16:36:29
1280,view,2024-05-03 13:28:59
1280,view,2024-05-03 13:29:04
1280,view,2024-05-03 13:32:52
1280,view,2024-05-03 13:34:43
1280,click,2024-05-03 13:36:29
1280,view,2024-05-03 23:03:45
1280,view,2024-05-03 23:05:03
1280,view,2024-05-03 23:05:25
1280,view,2024-05-03 23:07:49
1280,click,2024-05-03 23:09:31
1280,view,2024-05-04 04:38:47
1280,view,2024-05-04 04:39:07
1280,click,2024-05-04 04:39:19
1280,click,2024-05-04 04:39:30
1280,view,2024-05-04 04:43:42
1280,click,2024-05-04 04:44:16
1280,view,2024-05-04 04:44:33
1280,purchase,2024-05-04 04:45:47
1280,click,2024-05-05 00:37:31
1280,view,2024-05-05 00:40:38
1280,click,2024-05-05 00:42:24
1280,purchase,2024-05-05 00:44:03
1280,view,2024-05-05 00:44:20
1280,click,2024-05-05 00:44:35
1280,view,2024-05-05 00:45:14
1280,click,2024-05-05 00:45:30
1280,view,2024-05-05 10:18:57
1280,view,2024-05-05 10:20:31
1280,purchase,2024-05-05 10:21:09
1280,view,2024-05-05 10:21:39
1280,view,2024-05-05 10:21:45
1280,purchase,2024-05-05 10:23:12
1280,view,2024-05-05 10:24:18
1280,purchase,2024-05-05 10:25:53
1280,view,2024-05-05 19:34:09
1280,view,2024-05-05 19:36:17
1280,view,2024-05-05 19:37:46
1280,view,2024-05-05 19:37:59
1280,view,2024-05-05 19:38:17
1280,view,2024-05-05 19:39:23
1280,click,2024-05-05 19:40:21
1280,click,2024-05-05 19:42:15
1280,view,2024-05-05 19:42:52
1280,purchase,2024-05-06 06:37:37
1280,view,2024-05-06 06:39:10
1280,purchase,2024-05-06 06:40:54
1280,view,2024-05-06 06:41:20
1280,view,2024-05-06 06:44:33
1280,view,2024-05-06 06:44:39
1280,click,2024-05-06 06:45:21
1280,click,2024-05-06 06:46:27
1280,view,2024-05-06 06:46:51
1280,view,2024-05-07 18:04:08
1280,click,2024-05-07 18:04:26
1280,view,2024-05-07 18:05:44
1280,click,2024-05-07 18:10:43
1281,view,2024-05-01 07:48:04
1281,view,2024-05-01 07:48:31
1281,view,2024-05-01 07:50:41
1281,click,2024-05-01 11:57:16
1281,view,2024-05-01 11:58:01
1281,view,2024-05-01 11:58:51
1281,view,2024-05-01 12:00:08
1281,view,2024-05-01 12:00:22
1281,view,2024-05-01 12:01:57
1281,view,2024-05-01 12:02:35
1281,view,2024-05-01 12:04:07
1281,view,2024-05-02 20:10:36
1281,view,2024-05-02 20:10:41
1281,view,2024-05-02 20:14:06
1281,view,2024-05-02 20:14:31
1281,purchase,2024-05-02 20:16:07
1281,click,2024-05-02 20:16:08
1281,purchase,2024-05-02 20:17:21
1281,purchase,2024-05-02 20:17:57
1281,view,2024-05-02 20:18:41
1281,view,2024-05-04 09:31:44
1281,view,2024-05-04 09:31:45
1281,click,2024-05-04 09:33:12
1281,view,2024-05-04 09:33:16
1281,click,2024-05-04 09:34:45
1281,view,2024-05-04 09:35:32
1281,view,2024-05-04 09:37:55
1281,view,2024-05-04 09:41:00
1281,view,2024-05-04 11:34:56
1281,click,2024-05-04 11:35:47
1281,view,2024-05-04 11:36:33
1281,click,2024-05-04 11:37:36
1281,purchase,2024-05-05 07:23:37
1281,click,2024-05-05 07:24:49
1281,view,2024-05-05 07:25:48
1281,view,2024-05-05 22:36:10
1281,view,2024-05-05 22:38:09
1281,view,2024-05-05 22:39:00
1281,view,2024-05-05 22:41:38
1281,purchase,2024-05-05 22:42:32
1281,view,2024-05-05 22:42:43
1281,click,2024-05-05 22:43:03
1281,click,2024-05-05 22:44:14
1281,click,2024-05-05 22:45:34
1281,view,2024-05-06 13:39:36
1281,click,2024-05-06 13:40:50
1281,click,2024-05-06 13:41:27
1281,click,2024-05-06 13:41:39
1281,view,2024-05-06 13:42:35
1281,view,2024-05-06 13:43:28
1281,view,2024-05-06 13:44:41
1281,view,2024-05-06 13:47:37
1281,view,2024-05-07 05:00:04
1281,view,2024-05-07 05:02:09
1281,click,2024-05-07 05:05:04
1281,view,2024-05-07 05:06:29
1281,click,2024-05-07 10:32:54
1281,view,2024-05-07 10:33:10
1281,view,2024-05-07 10:38:32
1281,purchase,2024-05-07 10:38:32
1281,view,2024-05-07 10:39:50
1281,click,2024-05-07 10:39:56
1281,view,2024-05-07 10:40:05
1281,view,2024-05-07 21:12:12
1281,view,2024-05-07 21:15:32
1281,view,2024-05-07 21:15:53
1281,view,2024-05-07 21:16:10
1281,view,2024-05-07 21:17:35
1281,click,2024-05-07 21:20:24
1281,view,2024-05-07 21:20:58
1282,click,2024-05-01 07:54:25
1282,view,2024-05-01 07:56:47
1282,click,2024-05-01 07:59:12
1282,view,2024-05-01 07:59:18
1282,view,2024-05-01 08:00:36
1282,purchase,2024-05-01 08:02:09
1282,view,2024-05-01 13:22:30
1282,view,2024-05-01 13:24:04
1282,view,2024-05-01 13:25:48
1282,view,2024-05-01 13:26:53
1282,click,2024-05-01 13:29:43
1282,view,2024-05-01 13:30:51
1282,view,2024-05-03 18:02:03
1282,view,2024-05-03 18:03:19
1282,purchase,2024-05-03 18:04:21
1282,click,2024-05-03 18:05:21
1282,click,2024-05-03 18:05:49
1282,view,2024-05-03 18:06:21
1282,click,2024-05-03 18:07:31
1282,view,2024-05-04 00:16:14
1282,view,2024-05-04 00:19:11
1282,click,2024-05-04 00:21:38
1282,view,2024-05-05 11:35:15
1282,click,2024-05-05 11:38:36
1282,view,2024-05-05 11:43:05
1282,view,2024-05-05 11:43:32
1282,view,2024-05-05 15:43:15
1282,view,2024-05-05 15:43:30
1282,view,2024-05-05 15:43:34
1282,purchase,2024-05-05 15:44:51
1282,click,2024-05-05 15:50:05
1282,click,2024-05-05 15:50:38
1282,purchase,2024-05-05 15:50:46
1282,click,2024-05-06 09:45:04
1282,click,2024-05-06 09:46:07
1282,click,2024-05-06 09:47:48
1282,view,2024-05-06 09:49:54
1282,view,2024-05-06 09:51:26
1282,view,2024-05-06 10:08:39
1282,view,2024-05-06 10:09:24
1282,view,2024-05-06 10:10:44
1282,purchase,2024-05-06 10:11:55
1282,view,2024-05-06 10:12:01
1282,purchase,2024-05-06 12:00:31
1282,click,2024-05-06 12:01:51
1282,view,2024-05-06 12:05:02
1282,click,2024-05-06 12:06:28
1282,click,2024-05-06 12:08:32
1282,click,2024-05-07 14:42:20
1282,view,2024-05-07 14:44:28
1282,click,2024-05-07 14:45:21
1283,view,2024-05-02 02:20:03
1283,view,2024-05-02 02:23:58
1283,view,2024-05-02 02:25:07
1283,view,2024-05-02 02:26:03
1283,purchase,2024-05-02 02:26:21
1283,click,2024-05-02 02:26:27
1283,click,2024-05-02 02:26:59
1283,click,2024-05-02 02:50:43
1283,click,2024-05-02 02:51:58
1283,view,2024-05-02 02:53:41
1283,click,2024-05-04 00:45:51
1283,view,2024-05-04 00:46:54
1283,purchase,2024-05-04 00:50:30
1283,view,2024-05-04 00:50:46
1283,view,2024-05-04 05:54:37
1283,click,2024-05-04 06:00:04
1283,click,2024-05-04 06:01:51
1283,click,2024-05-04 06:02:53
1283,click,2024-05-04 12:46:14
1283,view,2024-05-04 12:50:30
1283,view,2024-05-04 12:50:30
1283,view,2024-05-04 12:51:14
1283,view,2024-05-04 12:51:35
1283,view,2024-05-04 12:52:06
1283,view,2024-05-04 12:52:21
1283,view,2024-05-04 12:52:47
1283,purchase,2024-05-04 12:54:04
1283,view,2024-05-05 00:37:56
1283,view,2024-05-05 00:38:24
1283,view,2024-05-05 00:40:01
1283,click,2024-05-05 00:40:08
1283,click,2024-05-05 00:41:42
1283,view,2024-05-05 12:20:49
1283,click,2024-05-05 12:21:51
1283,view,2024-05-05 12:22:20
1283,view,2024-05-05 12:23:21
1283,purchase,2024-05-05 14:40:34
1283,click,2024-05-05 14:41:04
1283,purchase,2024-05-05 14:41:34
1283,click,2024-05-05 14:43:00
1283,view,2024-05-05 14:43:52
1283,view,2024-05-05 14:45:44
1283,view,2024-05-05 14:47:56
1283,view,2024-05-06 05:02:52
1283,click,2024-05-06 05:03:53
1283,view,2024-05-06 05:04:23
1283,click,2024-05-06 05:05:03
1283,view,2024-05-06 05:05:15
1283,click,2024-05-06 05:05:15
1283,purchase,2024-05-06 05:06:13
1283,view,2024-05-06 05:06:24
1283,view,2024-05-06 05:09:45
1283,click,2024-05-06 15:10:11
1283,click,2024-05-06 15:14:59
1283,view,2024-05-06 15:15:06
1283,purchase,2024-05-06 15:15:43
1283,view,2024-05-06 15:17:03
1283,view,2024-05-06 15:18:51
1283,click,2024-05-06 15:19:50
1283,view,2024-05-06 18:10:45
1283,view,2024-05-06 18:14:07
1283,click,2024-05-06 18:15:17
1283,view,2024-05-06 18:17:01
1283,click,2024-05-06 18:17:13
1283,view,2024-05-06 18:17:25
1283,view,2024-05-06 18:18:50
1283,purchase,2024-05-06 18:18:57
1283,view,2024-05-06 18:19:09
1284,view,2024-05-02 05:07:05
1284,view,2024-05-02 05:09:57
1284,view,2024-05-02 05:10:18
1284,view,2024-05-02 05:12:49
1284,view,2024-05-02 05:14:15
1284,view,2024-05-02 05:14:44
1284,view,2024-05-02 05:14:51
1284,click,2024-05-02 08:32:32
1284,view,2024-05-02 08:35:11
1284,view,2024-05-02 08:35:31
1284,view,2024-05-02 08:40:56
1284,click,2024-05-02 22:09:21
1284,view,2024-05-02 22:09:26
1284,purchase,2024-05-02 22:13:32
1284,view,2024-05-02 22:15:05
1284,view,2024-05-02 22:15:37
1284,view,2024-05-02 22:16:18
1284,view,2024-05-03 10:52:49
1284,purchase,2024-05-03 10:55:51
1284,click,2024-05-03 10:56:41
1284,view,2024-05-03 10:56:48
1284,purchase,2024-05-03 10:57:31
1284,view,2024-05-03 10:57:59
1284,click,2024-05-03 10:58:41
1284,click,2024-05-03 10:59:26
1284,click,2024-05-03 11:01:20
1284,click,2024-05-03 14:09:23
1284,view,2024-05-03 14:10:50
1284,click,2024-05-03 14:13:29
1284,purchase,2024-05-03 14:14:26
1284,view,2024-05-03 14:15:46
1284,view,2024-05-03 14:15:49
1284,click,2024-05-03 14:16:14
1284,view,2024-05-03 14:17:22
1284,view,2024-05-03 14:17:40
1284,view,2024-05-03 19:15:31
1284,click,2024-05-03 19:16:18
1284,view,2024-05-03 19:22:38
1284,purchase,2024-05-03 19:23:56
1284,view,2024-05-03 19:24:43
1284,view,2024-05-04 03:16:43
1284,purchase,2024-05-04 03:16:59
1284,view,2024-05-04 03:17:49
1284,purchase,2024-05-04 03:18:05
1284,view,2024-05-04 03:20:02
1284,view,2024-05-04 03:21:31
1284,view,2024-05-04 06:25:08
1284,view,2024-05-04 06:27:38
1284,click,2024-05-04 06:28:45
1284,view,2024-05-04 06:30:31
1284,view,2024-05-04 06:30:53
1284,view,2024-05-04 06:31:02
1284,view,2024-05-04 06:32:01
1284,view,2024-05-04 06:34:00
1284,click,2024-05-04 16:42:44
1284,view,2024-05-04 16:44:41
1284,purchase,2024-05-04 16:45:52
1284,click,2024-05-04 16:46:34
1284,view,2024-05-04 16:48:27
1284,view,2024-05-04 16:50:11
1284,click,2024-05-05 04:00:53
1284,view,2024-05-05 04:03:06
1284,view,2024-05-05 04:05:55
1284,click,2024-05-05 04:06:28
1284,click,2024-05-05 04:09:05
1284,view,2024-05-05 04:09:20
1284,view,2024-05-05 04:09:36
1284,click,2024-05-05 08:24:12
1284,click,2024-05-05 08:30:05
1284,view,2024-05-05 08:30:29
1284,view,2024-05-05 08:31:14
1284,click,2024-05-05 08:33:40
1284,click,2024-05-06 10:58:59
1284,view,2024-05-06 11:00:44
1284,purchase,2024-05-06 11:01:41
1284,click,2024-05-06 11:05:24
1284,view,2024-05-06 11:06:28
1284,view,2024-05-06 11:06:30
1284,view,2024-05-06 14:35:30
1284,view,2024-05-06 14:35:57
1284,view,2024-05-06 14:36:41
1284,view,2024-05-06 14:38:13
1284,click,2024-05-06 14:38:43
1284,view,2024-05-06 14:39:22
1284,view,2024-05-06 14:40:00
1284,view,2024-05-06 14:42:45
1284,view,2024-05-07 16:36:11
1284,view,2024-05-07 16:36:36
1284,click,2024-05-07 16:37:01
1284,view,2024-05-07 16:37:57
1284,click,2024-05-07 16:38:17
1284,click,2024-05-07 16:40:19
1284,view,2024-05-07 16:42:49
1284,click,2024-05-07 16:45:07
1285,click,2024-05-01 20:19:20
1285,view,2024-05-01 20:19:27
1285,view,2024-05-01 20:20:18
1285,view,2024-05-01 20:20:55
1285,view,2024-05-01 20:24:37
1285,view,2024-05-01 20:24:58
1285,click,2024-05-01 20:26:32
1285,view,2024-05-01 20:27:19
1285,view,2024-05-01 20:27:19
1285,view,2024-05-01 22:15:30
1285,view,2024-05-01 22:16:41
1285,purchase,2024-05-01 22:17:09
1285,view,2024-05-01 22:18:51
1285,view,2024-05-02 00:46:33
1285,click,2024-05-02 00:47:41
1285,view,2024-05-02 00:48:14
1285,view,2024-05-02 00:50:44
1285,click,2024-05-02 00:50:45
1285,click,2024-05-02 10:11:16
1285,view,2024-05-02 10:12:08
1285,click,2024-05-02 10:12:52
1285,view,2024-05-02 10:13:52
1285,view,2024-05-02 10:17:09
1285,view,2024-05-02 10:17:40
1285,click,2024-05-02 10:54:50
1285,purchase,2024-05-02 10:55:49
1285,click,2024-05-02 10:56:37
1285,purchase,2024-05-02 10:57:00
1285,click,2024-05-02 10:57:13
1285,view,2024-05-02 10:58:27
1285,click,2024-05-02 10:59:22
1285,click,2024-05-02 10:59:48
1285,view,2024-05-02 11:29:44
1285,click,2024-05-02 11:30:25
1285,click,2024-05-02 11:34:05
1285,click,2024-05-02 11:34:32
1285,view,2024-05-02 11:36:23
1285,view,2024-05-02 11:36:56
1285,view,2024-05-02 11:37:24
1285,view,2024-05-02 11:38:16
1285,purchase,2024-05-02 11:38:48
1285,view,2024-05-03 12:10:55
1285,view,2024-05-03 12:11:30
1285,view,2024-05-03 12:15:11
1285,click,2024-05-03 12:15:22
1285,view,2024-05-03 12:16:19
1285,view,2024-05-03 12:17:45
1285,click,2024-05-03 12:19:02
1285,click,2024-05-03 12:19:34
1285,view,2024-05-03 12:20:00
1285,click,2024-05-03 15:51:16
1285,view,2024-05-03 15:51:49
1285,view,2024-05-03 15:53:30
1285,view,2024-05-03 15:56:22
1285,click,2024-05-03 15:56:35
1285,view,2024-05-04 03:46:11
1285,click,2024-05-04 03:46:17
1285,view,2024-05-04 03:47:08
1285,view,2024-05-04 03:47:41
1285,view,2024-05-04 03:47:42
1285,view,2024-05-04 03:48:12
1285,view,2024-05-04 03:51:25
1285,view,2024-05-04 03:53:05
1285,click,2024-05-04 03:53:30
1285,view,2024-05-04 14:37:56
1285,view,2024-05-04 14:38:05
1285,click,2024-05-04 14:38:50
1285,view,2024-05-04 14:38:54
1285,purchase,2024-05-04 14:39:06
1285,view,2024-05-04 14:39:20
1285,view,2024-05-04 14:39:22
1285,purchase,2024-05-04 14:45:31
1285,click,2024-05-04 14:45:59
1285,view,2024-05-05 10:14:31
1285,view,2024-05-05 10:16:52
1285,view,2024-05-05 10:18:17
1285,view,2024-05-05 10:19:32
1285,view,2024-05-06 20:42:02
1285,view,2024-05-06 20:45:01
1285,view,2024-05-06 20:46:42
1286,view,2024-05-01 14:23:56
1286,view,2024-05-01 14:25:15
1286,view,2024-05-01 14:25:34
1286,click,2024-05-01 14:27:15
1286,click,2024-05-01 14:29:26
1286,click,2024-05-01 14:30:52
1286,purchase,2024-05-03 16:43:24
1286,view,2024-05-03 16:46:28
1286,view,2024-05-03 16:47:25
1286,view,2024-05-03 22:12:29
1286,view,2024-05-03 22:12:50
1286,click,2024-05-03 22:13:26
1286,view,2024-05-03 22:14:27
1286,click,2024-05-03 22:15:20
1286,click,2024-05-03 22:15:54
1286,view,2024-05-03 22:16:18
1286,view,2024-05-03 22:19:14
1286,view,2024-05-03 22:20:17
1286,view,2024-05-04 19:22:25
1286,purchase,2024-05-04 19:22:29
1286,view,2024-05-04 19:24:31
1286,purchase,2024-05-04 19:25:49
1286,view,2024-05-04 19:25:49
1286,click,2024-05-04 19:27:18
1286,view,2024-05-04 19:28:36
1286,view,2024-05-04 19:29:38
1286,view,2024-05-06 12:48:37
1286,click,2024-05-06 12:51:38
1286,purchase,2024-05-06 12:52:03
1286,view,2024-05-06 12:52:14
1286,purchase,2024-05-06 12:52:20
1286,view,2024-05-06 12:53:13
1286,click,2024-05-06 12:54:25
1286,view,2024-05-06 12:56:28
1286,view,2024-05-06 12:56:49
1286,view,2024-05-06 14:09:39
1286,purchase,2024-05-06 14:09:56
1286,click,2024-05-06 14:11:12
1286,view,2024-05-06 14:15:37
1286,view,2024-05-06 14:16:39
1286,view,2024-05-06 14:17:48
1286,click,2024-05-07 03:52:24
1286,click,2024-05-07 03:57:04
1286,view,2024-05-07 03:58:08
1286,view,2024-05-07 03:59:06
1286,click,2024-05-07 03:59:38
1286,view,2024-05-07 04:00:11
1287,view,2024-05-01 13:00:49
1287,view,2024-05-01 13:01:20
1287,view,2024-05-01 13:03:30
1287,view,2024-05-01 13:04:58
1287,view,2024-05-01 23:36:46
1287,view,2024-05-01 23:37:25
1287,click,2024-05-01 23:37:27
1287,view,2024-05-01 23:37:39
1287,view,2024-05-01 23:39:54
1287,click,2024-05-01 23:40:51
1287,view,2024-05-02 15:35:16
1287,view,2024-05-02 15:36:26
1287,view,2024-05-02 15:37:08
1287,view,2024-05-02 15:37:19
1287,view,2024-05-02 15:38:21
1287,click,2024-05-02 15:39:14
1287,click,2024-05-02 15:39:42
1287,click,2024-05-02 15:39:49
1287,click,2024-05-02 15:44:25
1287,view,2024-05-02 16:07:16
1287,click,2024-05-02 16:09:38
1287,click,2024-05-02 16:10:09
1287,view,2024-05-02 16:11:25
1287,view,2024-05-02 16:11:57
1287,view,2024-05-03 05:54:33
1287,click,2024-05-03 05:54:59
1287,purchase,2024-05-03 05:55:55
1287,purchase,2024-05-03 05:56:20
1287,purchase,2024-05-03 05:57:50
1287,view,2024-05-03 05:59:51
1287,view,2024-05-03 06:01:33
1287,click,2024-05-03 06:03:02
1287,purchase,2024-05-03 06:03:25
1287,click,2024-05-04 03:42:09
1287,click,2024-05-04 03:42:54
1287,view,2024-05-04 03:44:14
1287,view,2024-05-04 03:47:14
1287,purchase,2024-05-04 03:48:21
1287,click,2024-05-04 03:49:38
1287,click,2024-05-05 04:31:21
1287,view,2024-05-05 04:32:09
1287,click,2024-05-05 04:34:22
1287,click,2024-05-05 04:37:23
1287,click,2024-05-05 04:38:39
1287,view,2024-05-05 15:46:33
1287,view,2024-05-05 15:46:50
1287,purchase,2024-05-05 15:47:42
1287,view,2024-05-05 15:47:43
1287,view,2024-05-05 15:48:15
1287,view,2024-05-05 15:48:19
1287,click,2024-05-05 15:49:53
1287,click,2024-05-06 05:19:02
1287,click,2024-05-06 05:19:41
1287,view,2024-05-06 05:20:42
1287,click,2024-05-06 05:21:12
1287,view,2024-05-06 05:22:14
1287,view,2024-05-06 05:23:55
1287,click,2024-05-06 05:25:27
1287,purchase,2024-05-06 05:25:44
1287,view,2024-05-06 05:25:58
1287,view,2024-05-06 06:34:50
1287,view,2024-05-06 06:35:44
1287,purchase,2024-05-06 06:39:33
1287,click,2024-05-06 06:41:30
1287,click,2024-05-06 06:43:20
1287,click,2024-05-06 06:44:51
1287,view,2024-05-06 06:45:50
1287,view,2024-05-06 06:47:31
1287,click,2024-05-06 06:48:15
1287,view,2024-05-06 17:15:10
1287,purchase,2024-05-06 17:15:44
1287,purchase,2024-05-06 17:15:46
1287,view,2024-05-06 17:15:50
1287,view,2024-05-06 17:17:50
1287,view,2024-05-06 17:22:10
1287,view,2024-05-06 17:23:51
1287,purchase,2024-05-06 18:43:06
1287,click,2024-05-06 18:43:23
1287,view,2024-05-06 18:44:18
1287,click,2024-05-06 18:44:24
1287,purchase,2024-05-06 18:46:02
1287,click,2024-05-06 18:48:36
1287,click,2024-05-06 18:51:14
1287,view,2024-05-07 03:58:12
1287,click,2024-05-07 04:02:12
1287,view,2024-05-07 04:04:00
1287,view,2024-05-07 04:04:48
1287,view,2024-05-07 04:06:44
1287,click,2024-05-07 04:06:54
1287,click,2024-05-07 09:17:23
1287,view,2024-05-07 09:17:41
1287,view,2024-05-07 09:17:41
1287,view,2024-05-07 09:19:48
1287,view,2024-05-07 09:20:36
1287,click,2024-05-07 14:27:59
1287,click,2024-05-07 14:29:31
1287,view,2024-05-07 14:30:32
1287,click,2024-05-07 14:31:46
1287,click,2024-05-07 14:33:30
1287,view,2024-05-07 22:15:14
1287,view,2024-05-07 22:16:03
1287,view,2024-05-07 22:16:32
1287,purchase,2024-05-07 22:21:04
1288,view,2024-05-01 15:11:34
1288,click,2024-05-01 15:11:39
1288,click,2024-05-01 15:12:13
1288,view,2024-05-01 15:12:37
1288,view,2024-05-01 15:18:07
1288,view,2024-05-01 15:19:54
1288,click,2024-05-01 15:20:51
1288,purchase,2024-05-02 21:33:40
1288,click,2024-05-02 21:39:59
1288,view,2024-05-02 21:41:57
1288,view,2024-05-03 05:53:34
1288,purchase,2024-05-03 05:54:21
1288,purchase,2024-05-03 05:57:12
1288,purchase,2024-05-03 10:18:04
1288,view,2024-05-03 10:18:42
1288,view,2024-05-03 10:20:03
1288,view,2024-05-03 10:25:59
1288,view,2024-05-03 10:26:18
1288,view,2024-05-03 10:26:34
1288,click,2024-05-03 10:26:59
1288,view,2024-05-03 19:14:50
1288,view,2024-05-03 19:14:55
1288,view,2024-05-03 19:15:40
1288,view,2024-05-03 19:16:04
1288,view,2024-05-03 19:18:40
1288,view,2024-05-03 19:22:58
1288,click,2024-05-04 05:18:11
1288,view,2024-05-04 05:18:39
1288,view,2024-05-04 05:20:23
1288,click,2024-05-04 05:25:39
1288,click,2024-05-04 11:07:12
1288,view,2024-05-04 11:07:29
1288,view,2024-05-04 11:08:15
1288,purchase,2024-05-04 11:10:25
1288,view,2024-05-04 11:10:31
1288,click,2024-05-04 11:12:02
1288,view,2024-05-04 11:13:03
1288,view,2024-05-05 08:31:11
1288,view,2024-05-05 08:34:20
1288,click,2024-05-05 08:35:09
1288,click,2024-05-05 08:35:19
1288,view,2024-05-05 08:36:19
1288,view,2024-05-05 08:36:43
1288,view,2024-05-05 08:36:50
1288,view,2024-05-05 12:08:30
1288,click,2024-05-05 12:09:03
1288,view,2024-05-05 12:11:11
1288,view,2024-05-05 13:55:33
1288,click,2024-05-05 13:55:34
1288,view,2024-05-05 13:57:48
1288,click,2024-05-05 13:58:38
1288,view,2024-05-05 14:00:25
1288,click,2024-05-05 14:01:05
1288,view,2024-05-05 14:01:41
1288,click,2024-05-05 14:03:30
1288,view,2024-05-05 14:04:53
1288,view,2024-05-06 02:13:23
1288,view,2024-05-06 02:18:10
1288,purchase,2024-05-06 02:19:59
1288,click,2024-05-06 09:42:49
1288,view,2024-05-06 09:44:02
1288,view,2024-05-06 09:44:46
1288,click,2024-05-06 09:45:49
1288,view,2024-05-06 09:46:59
1288,view,2024-05-06 09:49:18
1288,view,2024-05-06 09:49:38
1288,view,2024-05-06 09:49:55
1288,view,2024-05-06 12:54:10
1288,view,2024-05-06 12:57:08
1288,purchase,2024-05-06 12:58:30
1288,purchase,2024-05-06 12:58:33
1288,view,2024-05-06 12:58:36
1288,purchase,2024-05-06 12:59:38
1288,view,2024-05-06 13:00:32
1288,view,2024-05-07 00:52:11
1288,click,2024-05-07 00:53:24
1288,view,2024-05-07 00:56:14
1288,click,2024-05-07 00:59:47
1288,click,2024-05-07 05:21:53
1288,view,2024-05-07 05:24:59
1288,click,2024-05-07 05:27:03
1288,click,2024-05-07 05:27:55
1288,click,2024-05-07 05:28:19
1288,view,2024-05-07 05:29:49
1288,view,2024-05-07 05:30:08
1289,view,2024-05-01 12:22:50
1289,view,2024-05-01 12:22:53
1289,view,2024-05-01 12:25:37
1289,click,2024-05-01 12:25:39
1289,click,2024-05-01 12:30:43
1289,click,2024-05-01 12:31:00
1289,purchase,2024-05-01 21:19:32
1289,view,2024-05-01 21:23:06
1289,click,2024-05-01 21:23:11
1289,click,2024-05-01 21:24:25
1289,click,2024-05-01 21:28:28
1289,view,2024-05-01 21:28:57
1289,view,2024-05-02 12:18:33
1289,click,2024-05-02 12:25:52
1289,click,2024-05-02 12:26:34
1289,purchase,2024-05-03 11:29:37
1289,view,2024-05-03 11:30:31
1289,purchase,2024-05-03 11:30:50
1289,view,2024-05-03 11:31:22
1289,view,2024-05-03 11:32:32
1289,view,2024-05-03 11:33:11
1289,view,2024-05-03 11:36:05
1289,view,2024-05-03 23:20:38
1289,view,2024-05-03 23:20:47
1289,click,2024-05-03 23:21:12
1289,view,2024-05-03 23:22:09
1289,view,2024-05-03 23:23:15
1289,click,2024-05-03 23:23:29
1289,view,2024-05-03 23:24:18
1289,view,2024-05-03 23:27:38
1289,purchase,2024-05-03 23:28:47
1289,view,2024-05-05 08:54:45
1289,click,2024-05-05 08:59:24
1289,view,2024-05-05 09:00:54
1289,view,2024-05-05 13:25:28
1289,click,2024-05-05 13:25:32
1289,view,2024-05-05 13:27:09
1289,click,2024-05-05 13:29:17
1289,view,2024-05-05 13:30:15
1289,view,2024-05-05 13:30:20
1289,view,2024-05-05 13:31:34
1289,view,2024-05-05 13:33:46
1289,view,2024-05-05 13:34:22
1289,purchase,2024-05-05 23:25:29
1289,view,2024-05-05 23:31:20
1289,view,2024-05-05 23:32:29
1289,view,2024-05-07 11:17:48
1289,click,2024-05-07 11:18:17
1289,click,2024-05-07 11:21:12
1289,view,2024-05-07 11:21:46
1289,view,2024-05-07 11:21:54
1289,view,2024-05-07 11:23:16
1289,view,2024-05-07 11:25:06
1289,view,2024-05-07 11:25:55
1290,purchase,2024-05-01 23:24:13
1290,view,2024-05-01 23:25:38
1290,view,2024-05-01 23:26:15
1290,view,2024-05-01 23:26:26
1290,view,2024-05-01 23:26:42
1290,view,2024-05-01 23:27:22
1290,view,2024-05-01 23:28:43
1290,view,2024-05-01 23:30:27
1290,view,2024-05-02 05:13:50
1290,view,2024-05-02 05:14:49
1290,view,2024-05-02 05:16:40
1290,view,2024-05-02 12:48:32
1290,view,2024-05-02 12:51:46
1290,click,2024-05-02 12:54:44
1290,purchase,2024-05-04 05:42:55
1290,view,2024-05-04 05:44:45
1290,click,2024-05-04 05:46:29
1290,click,2024-05-04 05:47:42
1290,click,2024-05-04 12:19:57
1290,click,2024-05-04 12:22:00
1290,click,2024-05-04 12:26:12
1290,view,2024-05-04 17:08:35
1290,click,2024-05-04 17:09:31
1290,view,2024-05-04 17:11:32
1290,view,2024-05-04 17:14:43
1290,purchase,2024-05-05 09:16:47
1290,view,2024-05-05 09:19:50
1290,purchase,2024-05-05 09:22:41
1290,view,2024-05-06 03:53:18
1290,click,2024-05-06 03:55:20
1290,view,2024-05-06 03:56:09
1290,view,2024-05-06 03:56:33
1290,view,2024-05-06 03:57:11
1290,view,2024-05-06 04:00:44
1290,view,2024-05-06 04:00:48
1290,view,2024-05-06 08:32:32
1290,view,2024-05-06 08:33:09
1290,click,2024-05-06 08:33:17
1290,purchase,2024-05-06 08:34:00
1290,click,2024-05-06 08:34:20
1290,purchase,2024-05-06 08:35:24
1290,click,2024-05-06 08:38:21
1290,purchase,2024-05-06 08:39:29
1290,click,2024-05-06 08:40:13
1290,view,2024-05-07 04:47:31
1290,click,2024-05-07 04:47:49
1290,view,2024-05-07 04:49:12
1290,view,2024-05-07 04:51:55
1290,view,2024-05-07 04:52:07
1290,view,2024-05-07 04:55:16
1290,purchase,2024-05-07 04:55:26
1291,click,2024-05-01 01:10:15
1291,view,2024-05-01 01:12:47
1291,purchase,2024-05-01 01:19:10
1291,view,2024-05-03 09:05:29
1291,view,2024-05-03 09:05:30
1291,view,2024-05-03 09:07:53
1291,purchase,2024-05-03 09:08:13
1291,view,2024-05-03 09:09:55
1291,click,2024-05-03 09:11:59
1291,view,2024-05-03 09:12:16
1291,purchase,2024-05-03 09:14:40
1291,click,2024-05-03 11:37:18
1291,view,2024-05-03 11:40:21
1291,view,2024-05-03 11:42:20
1291,click,2024-05-03 11:43:45
1291,view,2024-05-03 11:45:46
1291,view,2024-05-03 11:45:46
1291,view,2024-05-04 18:39:20
1291,purchase,2024-05-04 18:39:45
1291,click,2024-05-04 18:40:22
1291,click,2024-05-05 15:11:58
1291,view,2024-05-05 15:12:56
1291,view,2024-05-05 15:14:08
1291,purchase,2024-05-05 22:22:25
1291,purchase,2024-05-05 22:24:42
1291,click,2024-05-05 22:24:50
1291,view,2024-05-05 22:25:07
1291,click,2024-05-05 22:27:00
1291,view,2024-05-05 22:27:01
1291,view,2024-05-05 22:27:02
1291,click,2024-05-05 22:27:04
1291,view,2024-05-05 22:27:33
1291,click,2024-05-07 19:35:16
1291,view,2024-05-07 19:35:59
1291,view,2024-05-07 19:36:40
1291,view,2024-05-07 19:37:23
1291,click,2024-05-07 19:37:35
1291,view,2024-05-07 19:38:57
1291,click,2024-05-07 19:39:16
1291,click,2024-05-07 19:41:18
1291,view,2024-05-07 19:43:13
1291,view,2024-05-07 21:34:26
1291,view,2024-05-07 21:34:41
1291,view,2024-05-07 21:37:13
1291,click,2024-05-07 21:37:35
1291,click,2024-05-07 21:40:28
1291,view,2024-05-07 21:40:33
1291,view,2024-05-07 21:42:36
1291,click,2024-05-07 21:43:27
1292,view,2024-05-01 06:14:40
1292,purchase,2024-05-01 06:18:14
1292,click,2024-05-01 06:21:01
1292,click,2024-05-01 06:21:08
1292,click,2024-05-01 10:59:15
1292,view,2024-05-01 11:00:08
1292,click,2024-05-01 11:04:17
1292,view,2024-05-01 20:36:18
1292,view,2024-05-01 20:42:06
1292,view,2024-05-01 20:42:51
1292,click,2024-05-02 03:18:33
1292,view,2024-05-02 03:18:50
1292,click,2024-05-02 03:20:34
1292,click,2024-05-02 03:21:08
1292,purchase,2024-05-02 03:22:29
1292,view,2024-05-02 03:22:57
1292,view,2024-05-02 03:24:07
1292,click,2024-05-02 15:03:00
1292,click,2024-05-02 15:03:23
1292,click,2024-05-02 15:04:06
1292,view,2024-05-02 15:05:40
1292,view,2024-05-02 15:06:47
1292,click,2024-05-02 15:07:18
1292,view,2024-05-02 15:08:42
1292,view,2024-05-02 15:08:54
1292,click,2024-05-02 15:10:11
1292,view,2024-05-03 01:30:33
1292,view,2024-05-03 01:31:45
1292,click,2024-05-03 01:32:52
1292,view,2024-05-03 01:34:59
1292,view,2024-05-03 01:35:44
1292,view,2024-05-03 01:39:42
1292,purchase,2024-05-03 01:39:56
1292,view,2024-05-04 00:06:28
1292,view,2024-05-04 00:08:40
1292,view,2024-05-04 00:08:57
1292,purchase,2024-05-04 00:10:19
1292,click,2024-05-04 00:12:16
1292,view,2024-05-04 00:13:00
1292,view,2024-05-04 00:15:18
1292,view,2024-05-04 02:58:52
1292,view,2024-05-04 02:59:20
1292,view,2024-05-04 03:00:13
1292,view,2024-05-04 03:02:01
1292,view,2024-05-04 03:04:53
1292,view,2024-05-05 07:41:09
1292,view,2024-05-05 07:41:37
1292,view,2024-05-05 07:43:16
1292,view,2024-05-06 10:35:40
1292,view,2024-05-06 10:37:21
1292,view,2024-05-06 10:39:49
1292,click,2024-05-06 10:40:03
1292,click,2024-05-06 10:40:20
1292,purchase,2024-05-06 10:40:46
1292,purchase,2024-05-06 10:40:56
1292,click,2024-05-06 10:41:23
1292,view,2024-05-06 10:41:27
1292,view,2024-05-07 08:37:34
1292,view,2024-05-07 08:38:24
1292,purchase,2024-05-07 08:43:00
1292,view,2024-05-07 13:21:04
1292,view,2024-05-07 13:21:35
1292,purchase,2024-05-07 13:22:09
1292,click,2024-05-07 13:22:17
1292,purchase,2024-05-07 13:22:28
1292,view,2024-05-07 13:23:29
1292,view,2024-05-07 13:23:59
1292,view,2024-05-07 13:25:54
1292,click,2024-05-07 15:40:40
1292,click,2024-05-07 15:40:54
1292,click,2024-05-07 15:41:09
1292,view,2024-05-07 15:42:18
1292,view,2024-05-07 15:42:49
1292,view,2024-05-07 15:44:37
1292,view,2024-05-07 15:45:54
1292,click,2024-05-07 15:45:56
1292,view,2024-05-07 15:48:50
1292,click,2024-05-07 18:22:17
1292,view,2024-05-07 18:25:41
1292,view,2024-05-07 18:27:29
1292,click,2024-05-07 21:56:48
1292,view,2024-05-07 21:59:45
1292,view,2024-05-07 22:00:51
1292,purchase,2024-05-07 22:03:22
1293,view,2024-05-01 15:35:16
1293,click,2024-05-01 15:35:25
1293,view,2024-05-01 15:39:37
1293,view,2024-05-01 15:42:22
1293,click,2024-05-01 15:42:53
1293,click,2024-05-02 01:11:00
1293,click,2024-05-02 01:11:42
1293,view,2024-05-02 01:12:05
1293,click,2024-05-02 01:12:43
1293,view,2024-05-02 01:13:33
1293,view,2024-05-02 01:15:42
1293,view,2024-05-02 01:15:49
1293,view,2024-05-02 01:16:31
1293,click,2024-05-02 01:39:29
1293,view,2024-05-02 01:40:21
1293,view,2024-05-02 01:40:37
1293,purchase,2024-05-02 01:42:41
1293,view,2024-05-02 01:44:16
1293,view,2024-05-03 09:08:42
1293,view,2024-05-03 09:09:53
1293,click,2024-05-03 09:12:51
1293,view,2024-05-03 09:14:49
1293,click,2024-05-03 09:15:14
1293,view,2024-05-03 09:17:18
1293,view,2024-05-04 18:53:54
1293,view,2024-05-04 18:55:56
1293,view,2024-05-04 18:56:49
1293,view,2024-05-04 18:58:22
1293,view,2024-05-04 22:36:18
1293,view,2024-05-04 22:37:52
1293,view,2024-05-04 22:40:04
1293,view,2024-05-04 22:41:52
1293,view,2024-05-04 22:44:26
1293,purchase,2024-05-05 19:58:49
1293,click,2024-05-05 19:58:50
1293,view,2024-05-05 19:59:06
1293,view,2024-05-05 20:00:15
1293,click,2024-05-05 20:00:43
1293,click,2024-05-05 20:01:09
1293,click,2024-05-05 20:01:31
1293,view,2024-05-05 20:04:13
1293,view,2024-05-05 20:06:10
1293,click,2024-05-06 09:28:44
1293,view,2024-05-06 09:31:56
1293,purchase,2024-05-06 09:33:10
1293,purchase,2024-05-06 09:33:54
1293,purchase,2024-05-06 09:34:34
1293,click,2024-05-06 09:34:46
1293,click,2024-05-06 09:35:02
1293,view,2024-05-06 09:35:16
1293,view,2024-05-06 09:36:29
1293,view,2024-05-06 20:18:26
1293,purchase,2024-05-06 20:18:49
1293,view,2024-05-06 20:19:50
1293,view,2024-05-06 20:22:46
1293,view,2024-05-06 20:22:53
1293,view,2024-05-06 20:23:22
1293,click,2024-05-06 20:23:30
1293,purchase,2024-05-07 00:18:10
1293,view,2024-05-07 00:18:27
1293,click,2024-05-07 00:24:51
1293,click,2024-05-07 09:14:15
1293,view,2024-05-07 09:15:05
1293,view,2024-05-07 09:15:06
1293,click,2024-05-07 09:16:57
1293,view,2024-05-07 09:22:51
1293,click,2024-05-07 17:58:10
1293,purchase,2024-05-07 17:58:18
1293,click,2024-05-07 18:04:01
1293,view,2024-05-07 18:04:05
1293,view,2024-05-07 18:04:45
1294,click,2024-05-01 03:54:45
1294,click,2024-05-01 04:00:14
1294,view,2024-05-01 04:01:57
1294,view,2024-05-01 04:07:46
1294,view,2024-05-01 04:10:44
1294,purchase,2024-05-01 04:12:17
1294,purchase,2024-05-01 06:21:58
1294,click,2024-05-01 06:22:21
1294,view,2024-05-01 06:25:42
1294,view,2024-05-01 06:26:14
1294,click,2024-05-01 06:27:11
1294,click,2024-05-01 06:27:51
1294,purchase,2024-05-01 06:29:14
1294,click,2024-05-01 08:09:03
1294,click,2024-05-01 08:09:07
1294,click,2024-05-01 08:09:10
1294,click,2024-05-01 08:11:08
1294,view,2024-05-01 08:13:36
1294,view,2024-05-01 08:15:01
1294,view,2024-05-01 08:16:49
1294,click,2024-05-04 20:51:21
1294,click,2024-05-04 20:54:25
1294,view,2024-05-04 20:54:38
1294,click,2024-05-04 20:54:58
1294,view,2024-05-04 20:55:13
1294,view,2024-05-04 20:56:44
1294,view,2024-05-04 20:58:56
1294,view,2024-05-04 21:00:59
1294,purchase,2024-05-05 11:06:44
1294,view,2024-05-05 11:08:08
1294,view,2024-05-05 11:08:50
1294,view,2024-05-05 11:10:50
1294,click,2024-05-05 11:11:18
1294,view,2024-05-05 11:11:55
1294,view,2024-05-05 11:12:36
1294,view,2024-05-05 13:04:17
1294,click,2024-05-05 13:05:41
1294,view,2024-05-05 13:08:32
1294,click,2024-05-05 13:09:04
1294,view,2024-05-05 13:09:29
1294,click,2024-05-05 13:10:34
1294,view,2024-05-05 13:11:27
1294,click,2024-05-05 13:12:01
1294,view,2024-05-05 13:38:13
1294,view,2024-05-05 13:39:45
1294,view,2024-05-05 13:39:50
1294,view,2024-05-05 13:46:11
1294,click,2024-05-05 13:46:24
1294,click,2024-05-05 13:47:46
1294,view,2024-05-07 00:34:32
1294,view,2024-05-07 00:34:51
1294,click,2024-05-07 00:35:44
1294,purchase,2024-05-07 00:36:17
1294,purchase,2024-05-07 00:36:51
1294,click,2024-05-07 00:40:11
1294,click,2024-05-07 06:12:10
1294,view,2024-05-07 06:13:39
1294,view,2024-05-07 06:14:18
1294,view,2024-05-07 06:14:30
1294,view,2024-05-07 06:14:38
1294,purchase,2024-05-07 06:15:53
1294,view,2024-05-07 06:16:15
1294,view,2024-05-07 06:17:51
1294,view,2024-05-07 14:50:35
1294,view,2024-05-07 14:52:57
1294,click,2024-05-07 14:53:08
1294,view,2024-05-07 14:54:01
1294,view,2024-05-07 14:57:32
1295,purchase,2024-05-02 01:17:54
1295,click,2024-05-02 01:18:07
1295,click,2024-05-02 01:18:34
1295,view,2024-05-02 01:19:28
1295,view,2024-05-02 01:19:49
1295,purchase,2024-05-02 01:21:26
1295,purchase,2024-05-02 01:21:51
1295,view,2024-05-02 02:07:58
1295,view,2024-05-02 02:08:38
1295,purchase,2024-05-02 02:10:29
1295,view,2024-05-02 02:12:18
1295,view,2024-05-02 02:14:03
1295,view,2024-05-02 02:15:02
1295,click,2024-05-02 02:15:41
1295,view,2024-05-04 02:51:06
1295,view,2024-05-04 02:51:28
1295,click,2024-05-04 02:52:33
1295,view,2024-05-04 02:52:51
1295,view,2024-05-04 02:53:29
1295,view,2024-05-04 02:55:35
1295,view,2024-05-04 02:56:10
1295,click,2024-05-04 02:59:36
1295,view,2024-05-04 02:59:56
1295,purchase,2024-05-04 12:51:28
1295,click,2024-05-04 12:52:11
1295,click,2024-05-04 12:53:28
1295,view,2024-05-04 22:36:24
1295,view,2024-05-04 22:37:22
1295,click,2024-05-04 22:38:16
1295,view,2024-05-04 22:40:32
1295,click,2024-05-04 22:42:28
1295,purchase,2024-05-04 22:43:21
1295,purchase,2024-05-05 06:07:16
1295,view,2024-05-05 06:08:41
1295,click,2024-05-05 06:10:48
1295,view,2024-05-05 06:13:21
1295,view,2024-05-07 21:14:25
1295,view,2024-05-07 21:15:05
1295,view,2024-05-07 21:15:45
1295,click,2024-05-07 21:16:15
1295,view,2024-05-07 21:16:44
1295,purchase,2024-05-07 21:18:43
1296,view,2024-05-01 16:35:11
1296,purchase,2024-05-01 16:35:14
1296,view,2024-05-01 16:36:25
1296,purchase,2024-05-01 16:36:32
1296,click,2024-05-01 16:39:29
1296,click,2024-05-01 16:41:54
1296,view,2024-05-04 13:12:14
1296,view,2024-05-04 13:15:08
1296,click,2024-05-04 13:15:09
1296,click,2024-05-04 15:16:22
1296,view,2024-05-04 15:18:29
1296,view,2024-05-04 15:20:29
1296,view,2024-05-04 15:22:31
1296,view,2024-05-04 15:23:24
1296,click,2024-05-04 15:24:28
1296,view,2024-05-04 15:25:28
1296,click,2024-05-04 15:25:56
1296,click,2024-05-06 01:42:58
1296,click,2024-05-06 01:43:48
1296,view,2024-05-06 01:45:23
1296,view,2024-05-06 01:47:33
1296,click,2024-05-06 01:47:55
1297,view,2024-05-01 13:18:01
1297,view,2024-05-01 13:21:06
1297,view,2024-05-01 13:21:21
1297,click,2024-05-01 13:22:06
1297,click,2024-05-01 13:22:15
1297,click,2024-05-01 13:22:24
1297,view,2024-05-01 13:23:14
1297,view,2024-05-01 13:24:05
1297,click,2024-05-01 13:25:31
1297,click,2024-05-02 02:12:05
1297,view,2024-05-02 02:12:45
1297,click,2024-05-02 02:14:50
1297,view,2024-05-02 02:15:38
1297,click,2024-05-02 02:16:40
1297,view,2024-05-02 02:20:14
1297,view,2024-05-02 16:43:01
1297,click,2024-05-02 16:43:01
1297,view,2024-05-02 16:43:06
1297,click,2024-05-02 16:46:24
1297,click,2024-05-02 16:47:54
1297,purchase,2024-05-02 16:48:02
1297,view,2024-05-02 16:48:06
1297,click,2024-05-02 16:50:23
1297,view,2024-05-02 16:51:11
1297,click,2024-05-07 03:35:13
1297,view,2024-05-07 03:38:52
1297,click,2024-05-07 03:39:35
1297,view,2024-05-07 03:41:25
1297,view,2024-05-07 03:42:03
1298,view,2024-05-02 17:16:25
1298,view,2024-05-02 17:17:57
1298,view,2024-05-02 17:18:29
1298,click,2024-05-02 17:18:37
1298,view,2024-05-02 17:19:45
1298,purchase,2024-05-02 17:20:23
1298,click,2024-05-02 17:21:16
1298,view,2024-05-02 17:22:10
1298,purchase,2024-05-02 17:22:56
1298,view,2024-05-05 03:32:14
1298,click,2024-05-05 03:32:41
1298,purchase,2024-05-05 03:35:50
1298,view,2024-05-05 03:37:54
1298,click,2024-05-05 03:38:19
1298,view,2024-05-05 03:38:46
1298,view,2024-05-05 03:40:04
1298,click,2024-05-05 03:41:24
1298,click,2024-05-06 10:45:47
1298,click,2024-05-06 10:47:41
1298,click,2024-05-06 10:51:48
1298,click,2024-05-06 10:52:21
1298,view,2024-05-06 10:52:22
1298,click,2024-05-06 10:53:26
1298,view,2024-05-06 10:54:26
1298,view,2024-05-06 10:54:39
1298,click,2024-05-06 10:54:51
1299,view,2024-05-01 16:29:00
1299,view,2024-05-01 16:34:05
1299,click,2024-05-01 16:34:06
1299,click,2024-05-01 16:35:12
1299,view,2024-05-03 00:12:33
1299,view,2024-05-03 00:14:01
1299,click,2024-05-03 00:14:34
1299,view,2024-05-03 00:16:36
1299,view,2024-05-03 00:20:42
1299,view,2024-05-03 00:20:47
1299,view,2024-05-03 00:20:53
1299,view,2024-05-03 00:21:42
1299,purchase,2024-05-04 04:34:38
1299,view,2024-05-04 04:38:05
1299,view,2024-05-04 04:38:44
1299,view,2024-05-04 04:40:51
1299,click,2024-05-05 03:05:04
1299,purchase,2024-05-05 03:11:38
1299,click,2024-05-05 03:12:11
1299,click,2024-05-05 03:12:40
1299,view,2024-05-05 03:13:53
1299,click,2024-05-05 16:04:26
1299,view,2024-05-05 16:05:09
1299,click,2024-05-05 16:05:44
1299,click,2024-05-05 16:09:04
1299,view,2024-05-05 16:12:09
1299,click,2024-05-05 23:02:24
1299,view,2024-05-05 23:07:30
1299,view,2024-05-05 23:07:48
1299,click,2024-05-06 05:50:19
1299,view,2024-05-06 05:52:43
1299,click,2024-05-06 05:55:32
1299,view,2024-05-06 05:56:50
